ISO-10303-21;
HEADER;
FILE_DESCRIPTION(('KiCad electronic assembly'),'2;1');
FILE_NAME('FC-MAGICON_r0.2_board.step','2026-09-26T20:20:22',('Pcbnew'),
  ('Kicad'),'Open CASCADE STEP processor 7.9','KiCad to STEP converter',
  'Unknown');
FILE_SCHEMA(('AUTOMOTIVE_DESIGN { 1 0 10303 214 1 1 1 1 }'));
ENDSEC;
DATA;
#1 = APPLICATION_PROTOCOL_DEFINITION('international standard',
  'automotive_design',2000,#2);
#2 = APPLICATION_CONTEXT(
  'core data for automotive mechanical design processes');
#3 = SHAPE_DEFINITION_REPRESENTATION(#4,#10);
#4 = PRODUCT_DEFINITION_SHAPE('','',#5);
#5 = PRODUCT_DEFINITION('design','',#6,#9);
#6 = PRODUCT_DEFINITION_FORMATION('','',#7);
#7 = PRODUCT('FC-MAGICON_r0.2_board 1','FC-MAGICON_r0.2_board 1','',(#8)
  );
#8 = PRODUCT_CONTEXT('',#2,'mechanical');
#9 = PRODUCT_DEFINITION_CONTEXT('part definition',#2,'design');
#10 = SHAPE_REPRESENTATION('',(#11,#15),#19);
#11 = AXIS2_PLACEMENT_3D('',#12,#13,#14);
#12 = CARTESIAN_POINT('',(0.,0.,0.));
#13 = DIRECTION('',(0.,0.,1.));
#14 = DIRECTION('',(1.,0.,-0.));
#15 = AXIS2_PLACEMENT_3D('',#16,#17,#18);
#16 = CARTESIAN_POINT('',(0.,0.,0.));
#17 = DIRECTION('',(0.,0.,1.));
#18 = DIRECTION('',(1.,0.,-0.));
#19 = ( GEOMETRIC_REPRESENTATION_CONTEXT(3) 
GLOBAL_UNCERTAINTY_ASSIGNED_CONTEXT((#23)) GLOBAL_UNIT_ASSIGNED_CONTEXT(
(#20,#21,#22)) REPRESENTATION_CONTEXT('Context #1',
  '3D Context with UNIT and UNCERTAINTY') );
#20 = ( LENGTH_UNIT() NAMED_UNIT(*) SI_UNIT(.MILLI.,.METRE.) );
#21 = ( NAMED_UNIT(*) PLANE_ANGLE_UNIT() SI_UNIT($,.RADIAN.) );
#22 = ( NAMED_UNIT(*) SI_UNIT($,.STERADIAN.) SOLID_ANGLE_UNIT() );
#23 = UNCERTAINTY_MEASURE_WITH_UNIT(LENGTH_MEASURE(1.E-07),#20,
  'distance_accuracy_value','confusion accuracy');
#24 = PRODUCT_RELATED_PRODUCT_CATEGORY('part',$,(#7));
#25 = SHAPE_DEFINITION_REPRESENTATION(#26,#32);
#26 = PRODUCT_DEFINITION_SHAPE('','',#27);
#27 = PRODUCT_DEFINITION('design','',#28,#31);
#28 = PRODUCT_DEFINITION_FORMATION('','',#29);
#29 = PRODUCT('_step_tmp_PCB','_step_tmp_PCB','',(#30));
#30 = PRODUCT_CONTEXT('',#2,'mechanical');
#31 = PRODUCT_DEFINITION_CONTEXT('part definition',#2,'design');
#32 = ADVANCED_BREP_SHAPE_REPRESENTATION('',(#11,#33),#9517);
#33 = MANIFOLD_SOLID_BREP('',#34);
#34 = CLOSED_SHELL('',(#35,#75,#106,#137,#2764,#5391,#5408,#5425,#5442,
    #5459,#5471,#5488,#5505,#5522,#5539,#5556,#5573,#5590,#5607,#5624,
    #5641,#5658,#5675,#5692,#5709,#5726,#5743,#5760,#5777,#5794,#5811,
    #5828,#5845,#5862,#5879,#5896,#5913,#5930,#5947,#5964,#5981,#5998,
    #6015,#6032,#6049,#6066,#6083,#6100,#6117,#6134,#6151,#6168,#6185,
    #6202,#6219,#6236,#6253,#6270,#6287,#6304,#6321,#6338,#6355,#6372,
    #6389,#6406,#6423,#6440,#6457,#6474,#6491,#6508,#6525,#6542,#6559,
    #6576,#6593,#6610,#6627,#6644,#6661,#6678,#6695,#6712,#6729,#6746,
    #6763,#6780,#6797,#6814,#6831,#6848,#6865,#6882,#6899,#6916,#6933,
    #6950,#6967,#6984,#7001,#7018,#7035,#7052,#7069,#7086,#7103,#7120,
    #7137,#7154,#7171,#7188,#7205,#7222,#7239,#7256,#7273,#7290,#7307,
    #7324,#7341,#7358,#7375,#7392,#7409,#7426,#7443,#7460,#7477,#7494,
    #7511,#7528,#7545,#7562,#7579,#7601,#7618,#7635,#7647,#7664,#7686,
    #7703,#7720,#7732,#7749,#7766,#7783,#7800,#7817,#7834,#7851,#7868,
    #7885,#7902,#7919,#7936,#7958,#7975,#7992,#8004,#8026,#8043,#8060,
    #8072,#8089,#8106,#8128,#8145,#8162,#8174,#8191,#8208,#8225,#8242,
    #8259,#8276,#8293,#8310,#8327,#8344,#8361,#8378,#8395,#8412,#8429,
    #8446,#8463,#8480,#8497,#8514,#8531,#8548,#8565,#8582,#8599,#8616,
    #8633,#8650,#8667,#8684,#8701,#8718,#8735,#8752,#8769,#8786,#8803,
    #8820,#8837,#8854,#8871,#8888,#8905,#8922,#8939,#8956,#8973,#8990,
    #9007,#9024,#9041,#9058,#9075,#9092,#9109,#9126,#9143,#9160,#9177,
    #9194,#9211,#9228,#9245,#9262,#9279,#9296,#9313,#9330,#9347,#9364,
    #9381,#9398,#9415,#9432,#9449,#9466,#9483,#9500));
#35 = ADVANCED_FACE('',(#36),#70,.T.);
#36 = FACE_BOUND('',#37,.T.);
#37 = EDGE_LOOP('',(#38,#48,#56,#64));
#38 = ORIENTED_EDGE('',*,*,#39,.T.);
#39 = EDGE_CURVE('',#40,#42,#44,.T.);
#40 = VERTEX_POINT('',#41);
#41 = CARTESIAN_POINT('',(90.,-55.1,0.));
#42 = VERTEX_POINT('',#43);
#43 = CARTESIAN_POINT('',(90.,-55.1,1.11));
#44 = LINE('',#45,#46);
#45 = CARTESIAN_POINT('',(90.,-55.1,0.));
#46 = VECTOR('',#47,1.);
#47 = DIRECTION('',(0.,0.,1.));
#48 = ORIENTED_EDGE('',*,*,#49,.T.);
#49 = EDGE_CURVE('',#42,#50,#52,.T.);
#50 = VERTEX_POINT('',#51);
#51 = CARTESIAN_POINT('',(84.2,-55.1,1.11));
#52 = LINE('',#53,#54);
#53 = CARTESIAN_POINT('',(90.,-55.1,1.11));
#54 = VECTOR('',#55,1.);
#55 = DIRECTION('',(-1.,0.,0.));
#56 = ORIENTED_EDGE('',*,*,#57,.F.);
#57 = EDGE_CURVE('',#58,#50,#60,.T.);
#58 = VERTEX_POINT('',#59);
#59 = CARTESIAN_POINT('',(84.2,-55.1,0.));
#60 = LINE('',#61,#62);
#61 = CARTESIAN_POINT('',(84.2,-55.1,0.));
#62 = VECTOR('',#63,1.);
#63 = DIRECTION('',(0.,0.,1.));
#64 = ORIENTED_EDGE('',*,*,#65,.F.);
#65 = EDGE_CURVE('',#40,#58,#66,.T.);
#66 = LINE('',#67,#68);
#67 = CARTESIAN_POINT('',(90.,-55.1,0.));
#68 = VECTOR('',#69,1.);
#69 = DIRECTION('',(-1.,0.,0.));
#70 = PLANE('',#71);
#71 = AXIS2_PLACEMENT_3D('',#72,#73,#74);
#72 = CARTESIAN_POINT('',(90.,-55.1,0.));
#73 = DIRECTION('',(0.,-1.,0.));
#74 = DIRECTION('',(-1.,0.,0.));
#75 = ADVANCED_FACE('',(#76),#101,.T.);
#76 = FACE_BOUND('',#77,.T.);
#77 = EDGE_LOOP('',(#78,#88,#94,#95));
#78 = ORIENTED_EDGE('',*,*,#79,.T.);
#79 = EDGE_CURVE('',#80,#82,#84,.T.);
#80 = VERTEX_POINT('',#81);
#81 = CARTESIAN_POINT('',(90.,-0.,0.));
#82 = VERTEX_POINT('',#83);
#83 = CARTESIAN_POINT('',(90.,0.,1.11));
#84 = LINE('',#85,#86);
#85 = CARTESIAN_POINT('',(90.,-0.,0.));
#86 = VECTOR('',#87,1.);
#87 = DIRECTION('',(0.,0.,1.));
#88 = ORIENTED_EDGE('',*,*,#89,.T.);
#89 = EDGE_CURVE('',#82,#42,#90,.T.);
#90 = LINE('',#91,#92);
#91 = CARTESIAN_POINT('',(90.,0.,1.11));
#92 = VECTOR('',#93,1.);
#93 = DIRECTION('',(0.,-1.,0.));
#94 = ORIENTED_EDGE('',*,*,#39,.F.);
#95 = ORIENTED_EDGE('',*,*,#96,.F.);
#96 = EDGE_CURVE('',#80,#40,#97,.T.);
#97 = LINE('',#98,#99);
#98 = CARTESIAN_POINT('',(90.,-0.,0.));
#99 = VECTOR('',#100,1.);
#100 = DIRECTION('',(0.,-1.,0.));
#101 = PLANE('',#102);
#102 = AXIS2_PLACEMENT_3D('',#103,#104,#105);
#103 = CARTESIAN_POINT('',(90.,-0.,0.));
#104 = DIRECTION('',(1.,0.,-0.));
#105 = DIRECTION('',(0.,-1.,0.));
#106 = ADVANCED_FACE('',(#107),#132,.T.);
#107 = FACE_BOUND('',#108,.T.);
#108 = EDGE_LOOP('',(#109,#110,#118,#126));
#109 = ORIENTED_EDGE('',*,*,#57,.T.);
#110 = ORIENTED_EDGE('',*,*,#111,.T.);
#111 = EDGE_CURVE('',#50,#112,#114,.T.);
#112 = VERTEX_POINT('',#113);
#113 = CARTESIAN_POINT('',(84.2,-65.8,1.11));
#114 = LINE('',#115,#116);
#115 = CARTESIAN_POINT('',(84.2,-55.1,1.11));
#116 = VECTOR('',#117,1.);
#117 = DIRECTION('',(0.,-1.,0.));
#118 = ORIENTED_EDGE('',*,*,#119,.F.);
#119 = EDGE_CURVE('',#120,#112,#122,.T.);
#120 = VERTEX_POINT('',#121);
#121 = CARTESIAN_POINT('',(84.2,-65.8,0.));
#122 = LINE('',#123,#124);
#123 = CARTESIAN_POINT('',(84.2,-65.8,0.));
#124 = VECTOR('',#125,1.);
#125 = DIRECTION('',(0.,0.,1.));
#126 = ORIENTED_EDGE('',*,*,#127,.F.);
#127 = EDGE_CURVE('',#58,#120,#128,.T.);
#128 = LINE('',#129,#130);
#129 = CARTESIAN_POINT('',(84.2,-55.1,0.));
#130 = VECTOR('',#131,1.);
#131 = DIRECTION('',(0.,-1.,0.));
#132 = PLANE('',#133);
#133 = AXIS2_PLACEMENT_3D('',#134,#135,#136);
#134 = CARTESIAN_POINT('',(84.2,-55.1,0.));
#135 = DIRECTION('',(1.,0.,-0.));
#136 = DIRECTION('',(0.,-1.,0.));
#137 = ADVANCED_FACE('',(#138,#181,#192,#203,#214,#225,#236,#247,#258,
    #269,#280,#291,#302,#313,#324,#335,#346,#357,#368,#379,#390,#401,
    #412,#423,#434,#445,#456,#467,#478,#489,#500,#511,#522,#533,#544,
    #555,#566,#577,#588,#599,#610,#621,#632,#643,#654,#665,#676,#687,
    #698,#709,#720,#731,#742,#753,#764,#775,#786,#797,#808,#819,#830,
    #841,#852,#863,#874,#885,#896,#907,#918,#929,#940,#951,#962,#973,
    #984,#995,#1006,#1017,#1028,#1039,#1050,#1061,#1072,#1083,#1094,
    #1105,#1116,#1127,#1138,#1149,#1160,#1171,#1182,#1193,#1204,#1215,
    #1226,#1237,#1248,#1259,#1270,#1281,#1292,#1303,#1314,#1325,#1336,
    #1347,#1358,#1369,#1380,#1391,#1402,#1413,#1424,#1435,#1446,#1457,
    #1468,#1479,#1490,#1501,#1512,#1523,#1534,#1545,#1581,#1592,#1628,
    #1639,#1650,#1661,#1672,#1683,#1694,#1705,#1716,#1727,#1738,#1749,
    #1760,#1796,#1832,#1843,#1854,#1890,#1901,#1912,#1923,#1934,#1945,
    #1956,#1967,#1978,#1989,#2000,#2011,#2022,#2033,#2044,#2055,#2066,
    #2077,#2088,#2099,#2110,#2121,#2132,#2143,#2154,#2165,#2176,#2187,
    #2198,#2209,#2220,#2231,#2242,#2253,#2264,#2275,#2286,#2297,#2308,
    #2319,#2330,#2341,#2352,#2363,#2374,#2385,#2396,#2407,#2418,#2429,
    #2440,#2451,#2462,#2473,#2484,#2495,#2506,#2517,#2528,#2539,#2550,
    #2561,#2572,#2583,#2594,#2605,#2616,#2627,#2638,#2649,#2660,#2671,
    #2682,#2693,#2704,#2715,#2726,#2737,#2748),#2759,.F.);
#138 = FACE_BOUND('',#139,.F.);
#139 = EDGE_LOOP('',(#140,#141,#142,#150,#158,#166,#174,#180));
#140 = ORIENTED_EDGE('',*,*,#65,.F.);
#141 = ORIENTED_EDGE('',*,*,#96,.F.);
#142 = ORIENTED_EDGE('',*,*,#143,.F.);
#143 = EDGE_CURVE('',#144,#80,#146,.T.);
#144 = VERTEX_POINT('',#145);
#145 = CARTESIAN_POINT('',(0.,-0.,0.));
#146 = LINE('',#147,#148);
#147 = CARTESIAN_POINT('',(0.,-0.,0.));
#148 = VECTOR('',#149,1.);
#149 = DIRECTION('',(1.,0.,0.));
#150 = ORIENTED_EDGE('',*,*,#151,.F.);
#151 = EDGE_CURVE('',#152,#144,#154,.T.);
#152 = VERTEX_POINT('',#153);
#153 = CARTESIAN_POINT('',(0.,-55.1,0.));
#154 = LINE('',#155,#156);
#155 = CARTESIAN_POINT('',(0.,-55.1,0.));
#156 = VECTOR('',#157,1.);
#157 = DIRECTION('',(0.,1.,0.));
#158 = ORIENTED_EDGE('',*,*,#159,.F.);
#159 = EDGE_CURVE('',#160,#152,#162,.T.);
#160 = VERTEX_POINT('',#161);
#161 = CARTESIAN_POINT('',(5.8,-55.1,0.));
#162 = LINE('',#163,#164);
#163 = CARTESIAN_POINT('',(5.8,-55.1,0.));
#164 = VECTOR('',#165,1.);
#165 = DIRECTION('',(-1.,0.,0.));
#166 = ORIENTED_EDGE('',*,*,#167,.F.);
#167 = EDGE_CURVE('',#168,#160,#170,.T.);
#168 = VERTEX_POINT('',#169);
#169 = CARTESIAN_POINT('',(5.8,-65.8,0.));
#170 = LINE('',#171,#172);
#171 = CARTESIAN_POINT('',(5.8,-65.8,0.));
#172 = VECTOR('',#173,1.);
#173 = DIRECTION('',(0.,1.,0.));
#174 = ORIENTED_EDGE('',*,*,#175,.F.);
#175 = EDGE_CURVE('',#120,#168,#176,.T.);
#176 = LINE('',#177,#178);
#177 = CARTESIAN_POINT('',(84.2,-65.8,0.));
#178 = VECTOR('',#179,1.);
#179 = DIRECTION('',(-1.,0.,0.));
#180 = ORIENTED_EDGE('',*,*,#127,.F.);
#181 = FACE_BOUND('',#182,.F.);
#182 = EDGE_LOOP('',(#183));
#183 = ORIENTED_EDGE('',*,*,#184,.T.);
#184 = EDGE_CURVE('',#185,#185,#187,.T.);
#185 = VERTEX_POINT('',#186);
#186 = CARTESIAN_POINT('',(8.17,-53.04,0.));
#187 = CIRCLE('',#188,0.5);
#188 = AXIS2_PLACEMENT_3D('',#189,#190,#191);
#189 = CARTESIAN_POINT('',(8.17,-52.54,0.));
#190 = DIRECTION('',(-0.,0.,-1.));
#191 = DIRECTION('',(-0.,-1.,0.));
#192 = FACE_BOUND('',#193,.F.);
#193 = EDGE_LOOP('',(#194));
#194 = ORIENTED_EDGE('',*,*,#195,.T.);
#195 = EDGE_CURVE('',#196,#196,#198,.T.);
#196 = VERTEX_POINT('',#197);
#197 = CARTESIAN_POINT('',(10.71,-53.04,0.));
#198 = CIRCLE('',#199,0.5);
#199 = AXIS2_PLACEMENT_3D('',#200,#201,#202);
#200 = CARTESIAN_POINT('',(10.71,-52.54,0.));
#201 = DIRECTION('',(-0.,0.,-1.));
#202 = DIRECTION('',(-0.,-1.,0.));
#203 = FACE_BOUND('',#204,.F.);
#204 = EDGE_LOOP('',(#205));
#205 = ORIENTED_EDGE('',*,*,#206,.T.);
#206 = EDGE_CURVE('',#207,#207,#209,.T.);
#207 = VERTEX_POINT('',#208);
#208 = CARTESIAN_POINT('',(8.17,-50.5,0.));
#209 = CIRCLE('',#210,0.5);
#210 = AXIS2_PLACEMENT_3D('',#211,#212,#213);
#211 = CARTESIAN_POINT('',(8.17,-50.,0.));
#212 = DIRECTION('',(-0.,0.,-1.));
#213 = DIRECTION('',(-0.,-1.,0.));
#214 = FACE_BOUND('',#215,.F.);
#215 = EDGE_LOOP('',(#216));
#216 = ORIENTED_EDGE('',*,*,#217,.T.);
#217 = EDGE_CURVE('',#218,#218,#220,.T.);
#218 = VERTEX_POINT('',#219);
#219 = CARTESIAN_POINT('',(10.71,-50.5,0.));
#220 = CIRCLE('',#221,0.5);
#221 = AXIS2_PLACEMENT_3D('',#222,#223,#224);
#222 = CARTESIAN_POINT('',(10.71,-50.,0.));
#223 = DIRECTION('',(-0.,0.,-1.));
#224 = DIRECTION('',(-0.,-1.,0.));
#225 = FACE_BOUND('',#226,.F.);
#226 = EDGE_LOOP('',(#227));
#227 = ORIENTED_EDGE('',*,*,#228,.T.);
#228 = EDGE_CURVE('',#229,#229,#231,.T.);
#229 = VERTEX_POINT('',#230);
#230 = CARTESIAN_POINT('',(13.25,-53.04,0.));
#231 = CIRCLE('',#232,0.5);
#232 = AXIS2_PLACEMENT_3D('',#233,#234,#235);
#233 = CARTESIAN_POINT('',(13.25,-52.54,0.));
#234 = DIRECTION('',(-0.,0.,-1.));
#235 = DIRECTION('',(-0.,-1.,0.));
#236 = FACE_BOUND('',#237,.F.);
#237 = EDGE_LOOP('',(#238));
#238 = ORIENTED_EDGE('',*,*,#239,.T.);
#239 = EDGE_CURVE('',#240,#240,#242,.T.);
#240 = VERTEX_POINT('',#241);
#241 = CARTESIAN_POINT('',(15.79,-53.04,0.));
#242 = CIRCLE('',#243,0.5);
#243 = AXIS2_PLACEMENT_3D('',#244,#245,#246);
#244 = CARTESIAN_POINT('',(15.79,-52.54,0.));
#245 = DIRECTION('',(-0.,0.,-1.));
#246 = DIRECTION('',(-0.,-1.,0.));
#247 = FACE_BOUND('',#248,.F.);
#248 = EDGE_LOOP('',(#249));
#249 = ORIENTED_EDGE('',*,*,#250,.T.);
#250 = EDGE_CURVE('',#251,#251,#253,.T.);
#251 = VERTEX_POINT('',#252);
#252 = CARTESIAN_POINT('',(13.25,-50.5,0.));
#253 = CIRCLE('',#254,0.5);
#254 = AXIS2_PLACEMENT_3D('',#255,#256,#257);
#255 = CARTESIAN_POINT('',(13.25,-50.,0.));
#256 = DIRECTION('',(-0.,0.,-1.));
#257 = DIRECTION('',(-0.,-1.,0.));
#258 = FACE_BOUND('',#259,.F.);
#259 = EDGE_LOOP('',(#260));
#260 = ORIENTED_EDGE('',*,*,#261,.T.);
#261 = EDGE_CURVE('',#262,#262,#264,.T.);
#262 = VERTEX_POINT('',#263);
#263 = CARTESIAN_POINT('',(15.79,-50.5,0.));
#264 = CIRCLE('',#265,0.5);
#265 = AXIS2_PLACEMENT_3D('',#266,#267,#268);
#266 = CARTESIAN_POINT('',(15.79,-50.,0.));
#267 = DIRECTION('',(-0.,0.,-1.));
#268 = DIRECTION('',(-0.,-1.,0.));
#269 = FACE_BOUND('',#270,.F.);
#270 = EDGE_LOOP('',(#271));
#271 = ORIENTED_EDGE('',*,*,#272,.T.);
#272 = EDGE_CURVE('',#273,#273,#275,.T.);
#273 = VERTEX_POINT('',#274);
#274 = CARTESIAN_POINT('',(18.33,-53.04,0.));
#275 = CIRCLE('',#276,0.5);
#276 = AXIS2_PLACEMENT_3D('',#277,#278,#279);
#277 = CARTESIAN_POINT('',(18.33,-52.54,0.));
#278 = DIRECTION('',(-0.,0.,-1.));
#279 = DIRECTION('',(-0.,-1.,0.));
#280 = FACE_BOUND('',#281,.F.);
#281 = EDGE_LOOP('',(#282));
#282 = ORIENTED_EDGE('',*,*,#283,.T.);
#283 = EDGE_CURVE('',#284,#284,#286,.T.);
#284 = VERTEX_POINT('',#285);
#285 = CARTESIAN_POINT('',(20.87,-53.04,0.));
#286 = CIRCLE('',#287,0.5);
#287 = AXIS2_PLACEMENT_3D('',#288,#289,#290);
#288 = CARTESIAN_POINT('',(20.87,-52.54,0.));
#289 = DIRECTION('',(-0.,0.,-1.));
#290 = DIRECTION('',(-0.,-1.,0.));
#291 = FACE_BOUND('',#292,.F.);
#292 = EDGE_LOOP('',(#293));
#293 = ORIENTED_EDGE('',*,*,#294,.T.);
#294 = EDGE_CURVE('',#295,#295,#297,.T.);
#295 = VERTEX_POINT('',#296);
#296 = CARTESIAN_POINT('',(18.33,-50.5,0.));
#297 = CIRCLE('',#298,0.5);
#298 = AXIS2_PLACEMENT_3D('',#299,#300,#301);
#299 = CARTESIAN_POINT('',(18.33,-50.,0.));
#300 = DIRECTION('',(-0.,0.,-1.));
#301 = DIRECTION('',(-0.,-1.,0.));
#302 = FACE_BOUND('',#303,.F.);
#303 = EDGE_LOOP('',(#304));
#304 = ORIENTED_EDGE('',*,*,#305,.T.);
#305 = EDGE_CURVE('',#306,#306,#308,.T.);
#306 = VERTEX_POINT('',#307);
#307 = CARTESIAN_POINT('',(20.87,-50.5,0.));
#308 = CIRCLE('',#309,0.5);
#309 = AXIS2_PLACEMENT_3D('',#310,#311,#312);
#310 = CARTESIAN_POINT('',(20.87,-50.,0.));
#311 = DIRECTION('',(-0.,0.,-1.));
#312 = DIRECTION('',(-0.,-1.,0.));
#313 = FACE_BOUND('',#314,.F.);
#314 = EDGE_LOOP('',(#315));
#315 = ORIENTED_EDGE('',*,*,#316,.T.);
#316 = EDGE_CURVE('',#317,#317,#319,.T.);
#317 = VERTEX_POINT('',#318);
#318 = CARTESIAN_POINT('',(2.,-43.8,0.));
#319 = CIRCLE('',#320,0.4);
#320 = AXIS2_PLACEMENT_3D('',#321,#322,#323);
#321 = CARTESIAN_POINT('',(2.,-43.4,0.));
#322 = DIRECTION('',(-0.,0.,-1.));
#323 = DIRECTION('',(-0.,-1.,0.));
#324 = FACE_BOUND('',#325,.F.);
#325 = EDGE_LOOP('',(#326));
#326 = ORIENTED_EDGE('',*,*,#327,.T.);
#327 = EDGE_CURVE('',#328,#328,#330,.T.);
#328 = VERTEX_POINT('',#329);
#329 = CARTESIAN_POINT('',(9.62,-43.8,0.));
#330 = CIRCLE('',#331,0.4);
#331 = AXIS2_PLACEMENT_3D('',#332,#333,#334);
#332 = CARTESIAN_POINT('',(9.62,-43.4,0.));
#333 = DIRECTION('',(-0.,0.,-1.));
#334 = DIRECTION('',(-4.440892098501E-15,-1.,0.));
#335 = FACE_BOUND('',#336,.F.);
#336 = EDGE_LOOP('',(#337));
#337 = ORIENTED_EDGE('',*,*,#338,.T.);
#338 = EDGE_CURVE('',#339,#339,#341,.T.);
#339 = VERTEX_POINT('',#340);
#340 = CARTESIAN_POINT('',(13.5,-46.4,0.));
#341 = CIRCLE('',#342,0.4);
#342 = AXIS2_PLACEMENT_3D('',#343,#344,#345);
#343 = CARTESIAN_POINT('',(13.5,-46.,0.));
#344 = DIRECTION('',(-0.,0.,-1.));
#345 = DIRECTION('',(-0.,-1.,0.));
#346 = FACE_BOUND('',#347,.F.);
#347 = EDGE_LOOP('',(#348));
#348 = ORIENTED_EDGE('',*,*,#349,.T.);
#349 = EDGE_CURVE('',#350,#350,#352,.T.);
#350 = VERTEX_POINT('',#351);
#351 = CARTESIAN_POINT('',(21.12,-46.4,0.));
#352 = CIRCLE('',#353,0.4);
#353 = AXIS2_PLACEMENT_3D('',#354,#355,#356);
#354 = CARTESIAN_POINT('',(21.12,-46.,0.));
#355 = DIRECTION('',(-0.,0.,-1.));
#356 = DIRECTION('',(8.881784197001E-15,-1.,-0.));
#357 = FACE_BOUND('',#358,.F.);
#358 = EDGE_LOOP('',(#359));
#359 = ORIENTED_EDGE('',*,*,#360,.T.);
#360 = EDGE_CURVE('',#361,#361,#363,.T.);
#361 = VERTEX_POINT('',#362);
#362 = CARTESIAN_POINT('',(13.5,-42.4,0.));
#363 = CIRCLE('',#364,0.4);
#364 = AXIS2_PLACEMENT_3D('',#365,#366,#367);
#365 = CARTESIAN_POINT('',(13.5,-42.,0.));
#366 = DIRECTION('',(-0.,0.,-1.));
#367 = DIRECTION('',(-0.,-1.,0.));
#368 = FACE_BOUND('',#369,.F.);
#369 = EDGE_LOOP('',(#370));
#370 = ORIENTED_EDGE('',*,*,#371,.T.);
#371 = EDGE_CURVE('',#372,#372,#374,.T.);
#372 = VERTEX_POINT('',#373);
#373 = CARTESIAN_POINT('',(16.04,-42.4,0.));
#374 = CIRCLE('',#375,0.4);
#375 = AXIS2_PLACEMENT_3D('',#376,#377,#378);
#376 = CARTESIAN_POINT('',(16.04,-42.,0.));
#377 = DIRECTION('',(-0.,0.,-1.));
#378 = DIRECTION('',(-0.,-1.,0.));
#379 = FACE_BOUND('',#380,.F.);
#380 = EDGE_LOOP('',(#381));
#381 = ORIENTED_EDGE('',*,*,#382,.T.);
#382 = EDGE_CURVE('',#383,#383,#385,.T.);
#383 = VERTEX_POINT('',#384);
#384 = CARTESIAN_POINT('',(18.58,-42.4,0.));
#385 = CIRCLE('',#386,0.4);
#386 = AXIS2_PLACEMENT_3D('',#387,#388,#389);
#387 = CARTESIAN_POINT('',(18.58,-42.,0.));
#388 = DIRECTION('',(-0.,0.,-1.));
#389 = DIRECTION('',(-0.,-1.,0.));
#390 = FACE_BOUND('',#391,.F.);
#391 = EDGE_LOOP('',(#392));
#392 = ORIENTED_EDGE('',*,*,#393,.T.);
#393 = EDGE_CURVE('',#394,#394,#396,.T.);
#394 = VERTEX_POINT('',#395);
#395 = CARTESIAN_POINT('',(23.41,-53.04,0.));
#396 = CIRCLE('',#397,0.5);
#397 = AXIS2_PLACEMENT_3D('',#398,#399,#400);
#398 = CARTESIAN_POINT('',(23.41,-52.54,0.));
#399 = DIRECTION('',(-0.,0.,-1.));
#400 = DIRECTION('',(-0.,-1.,0.));
#401 = FACE_BOUND('',#402,.F.);
#402 = EDGE_LOOP('',(#403));
#403 = ORIENTED_EDGE('',*,*,#404,.T.);
#404 = EDGE_CURVE('',#405,#405,#407,.T.);
#405 = VERTEX_POINT('',#406);
#406 = CARTESIAN_POINT('',(25.95,-53.04,0.));
#407 = CIRCLE('',#408,0.5);
#408 = AXIS2_PLACEMENT_3D('',#409,#410,#411);
#409 = CARTESIAN_POINT('',(25.95,-52.54,0.));
#410 = DIRECTION('',(-0.,0.,-1.));
#411 = DIRECTION('',(-0.,-1.,0.));
#412 = FACE_BOUND('',#413,.F.);
#413 = EDGE_LOOP('',(#414));
#414 = ORIENTED_EDGE('',*,*,#415,.T.);
#415 = EDGE_CURVE('',#416,#416,#418,.T.);
#416 = VERTEX_POINT('',#417);
#417 = CARTESIAN_POINT('',(23.41,-50.5,0.));
#418 = CIRCLE('',#419,0.5);
#419 = AXIS2_PLACEMENT_3D('',#420,#421,#422);
#420 = CARTESIAN_POINT('',(23.41,-50.,0.));
#421 = DIRECTION('',(-0.,0.,-1.));
#422 = DIRECTION('',(-0.,-1.,0.));
#423 = FACE_BOUND('',#424,.F.);
#424 = EDGE_LOOP('',(#425));
#425 = ORIENTED_EDGE('',*,*,#426,.T.);
#426 = EDGE_CURVE('',#427,#427,#429,.T.);
#427 = VERTEX_POINT('',#428);
#428 = CARTESIAN_POINT('',(25.95,-50.5,0.));
#429 = CIRCLE('',#430,0.5);
#430 = AXIS2_PLACEMENT_3D('',#431,#432,#433);
#431 = CARTESIAN_POINT('',(25.95,-50.,0.));
#432 = DIRECTION('',(-0.,0.,-1.));
#433 = DIRECTION('',(-0.,-1.,0.));
#434 = FACE_BOUND('',#435,.F.);
#435 = EDGE_LOOP('',(#436));
#436 = ORIENTED_EDGE('',*,*,#437,.T.);
#437 = EDGE_CURVE('',#438,#438,#440,.T.);
#438 = VERTEX_POINT('',#439);
#439 = CARTESIAN_POINT('',(28.49,-53.04,0.));
#440 = CIRCLE('',#441,0.5);
#441 = AXIS2_PLACEMENT_3D('',#442,#443,#444);
#442 = CARTESIAN_POINT('',(28.49,-52.54,0.));
#443 = DIRECTION('',(-0.,0.,-1.));
#444 = DIRECTION('',(-0.,-1.,0.));
#445 = FACE_BOUND('',#446,.F.);
#446 = EDGE_LOOP('',(#447));
#447 = ORIENTED_EDGE('',*,*,#448,.T.);
#448 = EDGE_CURVE('',#449,#449,#451,.T.);
#449 = VERTEX_POINT('',#450);
#450 = CARTESIAN_POINT('',(31.03,-53.04,0.));
#451 = CIRCLE('',#452,0.5);
#452 = AXIS2_PLACEMENT_3D('',#453,#454,#455);
#453 = CARTESIAN_POINT('',(31.03,-52.54,0.));
#454 = DIRECTION('',(-0.,0.,-1.));
#455 = DIRECTION('',(-0.,-1.,0.));
#456 = FACE_BOUND('',#457,.F.);
#457 = EDGE_LOOP('',(#458));
#458 = ORIENTED_EDGE('',*,*,#459,.T.);
#459 = EDGE_CURVE('',#460,#460,#462,.T.);
#460 = VERTEX_POINT('',#461);
#461 = CARTESIAN_POINT('',(28.49,-50.5,0.));
#462 = CIRCLE('',#463,0.5);
#463 = AXIS2_PLACEMENT_3D('',#464,#465,#466);
#464 = CARTESIAN_POINT('',(28.49,-50.,0.));
#465 = DIRECTION('',(-0.,0.,-1.));
#466 = DIRECTION('',(-0.,-1.,0.));
#467 = FACE_BOUND('',#468,.F.);
#468 = EDGE_LOOP('',(#469));
#469 = ORIENTED_EDGE('',*,*,#470,.T.);
#470 = EDGE_CURVE('',#471,#471,#473,.T.);
#471 = VERTEX_POINT('',#472);
#472 = CARTESIAN_POINT('',(31.03,-50.5,0.));
#473 = CIRCLE('',#474,0.5);
#474 = AXIS2_PLACEMENT_3D('',#475,#476,#477);
#475 = CARTESIAN_POINT('',(31.03,-50.,0.));
#476 = DIRECTION('',(-0.,0.,-1.));
#477 = DIRECTION('',(-0.,-1.,0.));
#478 = FACE_BOUND('',#479,.F.);
#479 = EDGE_LOOP('',(#480));
#480 = ORIENTED_EDGE('',*,*,#481,.T.);
#481 = EDGE_CURVE('',#482,#482,#484,.T.);
#482 = VERTEX_POINT('',#483);
#483 = CARTESIAN_POINT('',(33.57,-53.04,0.));
#484 = CIRCLE('',#485,0.5);
#485 = AXIS2_PLACEMENT_3D('',#486,#487,#488);
#486 = CARTESIAN_POINT('',(33.57,-52.54,0.));
#487 = DIRECTION('',(-0.,0.,-1.));
#488 = DIRECTION('',(-0.,-1.,0.));
#489 = FACE_BOUND('',#490,.F.);
#490 = EDGE_LOOP('',(#491));
#491 = ORIENTED_EDGE('',*,*,#492,.T.);
#492 = EDGE_CURVE('',#493,#493,#495,.T.);
#493 = VERTEX_POINT('',#494);
#494 = CARTESIAN_POINT('',(36.11,-53.04,0.));
#495 = CIRCLE('',#496,0.5);
#496 = AXIS2_PLACEMENT_3D('',#497,#498,#499);
#497 = CARTESIAN_POINT('',(36.11,-52.54,0.));
#498 = DIRECTION('',(-0.,0.,-1.));
#499 = DIRECTION('',(-0.,-1.,0.));
#500 = FACE_BOUND('',#501,.F.);
#501 = EDGE_LOOP('',(#502));
#502 = ORIENTED_EDGE('',*,*,#503,.T.);
#503 = EDGE_CURVE('',#504,#504,#506,.T.);
#504 = VERTEX_POINT('',#505);
#505 = CARTESIAN_POINT('',(33.57,-50.5,0.));
#506 = CIRCLE('',#507,0.5);
#507 = AXIS2_PLACEMENT_3D('',#508,#509,#510);
#508 = CARTESIAN_POINT('',(33.57,-50.,0.));
#509 = DIRECTION('',(-0.,0.,-1.));
#510 = DIRECTION('',(-0.,-1.,0.));
#511 = FACE_BOUND('',#512,.F.);
#512 = EDGE_LOOP('',(#513));
#513 = ORIENTED_EDGE('',*,*,#514,.T.);
#514 = EDGE_CURVE('',#515,#515,#517,.T.);
#515 = VERTEX_POINT('',#516);
#516 = CARTESIAN_POINT('',(36.11,-50.5,0.));
#517 = CIRCLE('',#518,0.5);
#518 = AXIS2_PLACEMENT_3D('',#519,#520,#521);
#519 = CARTESIAN_POINT('',(36.11,-50.,0.));
#520 = DIRECTION('',(-0.,0.,-1.));
#521 = DIRECTION('',(-0.,-1.,0.));
#522 = FACE_BOUND('',#523,.F.);
#523 = EDGE_LOOP('',(#524));
#524 = ORIENTED_EDGE('',*,*,#525,.T.);
#525 = EDGE_CURVE('',#526,#526,#528,.T.);
#526 = VERTEX_POINT('',#527);
#527 = CARTESIAN_POINT('',(38.65,-53.04,0.));
#528 = CIRCLE('',#529,0.5);
#529 = AXIS2_PLACEMENT_3D('',#530,#531,#532);
#530 = CARTESIAN_POINT('',(38.65,-52.54,0.));
#531 = DIRECTION('',(-0.,0.,-1.));
#532 = DIRECTION('',(-0.,-1.,0.));
#533 = FACE_BOUND('',#534,.F.);
#534 = EDGE_LOOP('',(#535));
#535 = ORIENTED_EDGE('',*,*,#536,.T.);
#536 = EDGE_CURVE('',#537,#537,#539,.T.);
#537 = VERTEX_POINT('',#538);
#538 = CARTESIAN_POINT('',(41.19,-53.04,0.));
#539 = CIRCLE('',#540,0.5);
#540 = AXIS2_PLACEMENT_3D('',#541,#542,#543);
#541 = CARTESIAN_POINT('',(41.19,-52.54,0.));
#542 = DIRECTION('',(-0.,0.,-1.));
#543 = DIRECTION('',(-0.,-1.,0.));
#544 = FACE_BOUND('',#545,.F.);
#545 = EDGE_LOOP('',(#546));
#546 = ORIENTED_EDGE('',*,*,#547,.T.);
#547 = EDGE_CURVE('',#548,#548,#550,.T.);
#548 = VERTEX_POINT('',#549);
#549 = CARTESIAN_POINT('',(38.65,-50.5,0.));
#550 = CIRCLE('',#551,0.5);
#551 = AXIS2_PLACEMENT_3D('',#552,#553,#554);
#552 = CARTESIAN_POINT('',(38.65,-50.,0.));
#553 = DIRECTION('',(-0.,0.,-1.));
#554 = DIRECTION('',(-0.,-1.,0.));
#555 = FACE_BOUND('',#556,.F.);
#556 = EDGE_LOOP('',(#557));
#557 = ORIENTED_EDGE('',*,*,#558,.T.);
#558 = EDGE_CURVE('',#559,#559,#561,.T.);
#559 = VERTEX_POINT('',#560);
#560 = CARTESIAN_POINT('',(41.19,-50.5,0.));
#561 = CIRCLE('',#562,0.5);
#562 = AXIS2_PLACEMENT_3D('',#563,#564,#565);
#563 = CARTESIAN_POINT('',(41.19,-50.,0.));
#564 = DIRECTION('',(-0.,0.,-1.));
#565 = DIRECTION('',(-0.,-1.,0.));
#566 = FACE_BOUND('',#567,.F.);
#567 = EDGE_LOOP('',(#568));
#568 = ORIENTED_EDGE('',*,*,#569,.T.);
#569 = EDGE_CURVE('',#570,#570,#572,.T.);
#570 = VERTEX_POINT('',#571);
#571 = CARTESIAN_POINT('',(2.,-40.6,0.));
#572 = CIRCLE('',#573,0.4);
#573 = AXIS2_PLACEMENT_3D('',#574,#575,#576);
#574 = CARTESIAN_POINT('',(2.,-40.2,0.));
#575 = DIRECTION('',(-0.,0.,-1.));
#576 = DIRECTION('',(-0.,-1.,0.));
#577 = FACE_BOUND('',#578,.F.);
#578 = EDGE_LOOP('',(#579));
#579 = ORIENTED_EDGE('',*,*,#580,.T.);
#580 = EDGE_CURVE('',#581,#581,#583,.T.);
#581 = VERTEX_POINT('',#582);
#582 = CARTESIAN_POINT('',(9.62,-40.6,0.));
#583 = CIRCLE('',#584,0.4);
#584 = AXIS2_PLACEMENT_3D('',#585,#586,#587);
#585 = CARTESIAN_POINT('',(9.62,-40.2,0.));
#586 = DIRECTION('',(-0.,0.,-1.));
#587 = DIRECTION('',(-4.440892098501E-15,-1.,0.));
#588 = FACE_BOUND('',#589,.F.);
#589 = EDGE_LOOP('',(#590));
#590 = ORIENTED_EDGE('',*,*,#591,.T.);
#591 = EDGE_CURVE('',#592,#592,#594,.T.);
#592 = VERTEX_POINT('',#593);
#593 = CARTESIAN_POINT('',(2.,-37.4,0.));
#594 = CIRCLE('',#595,0.4);
#595 = AXIS2_PLACEMENT_3D('',#596,#597,#598);
#596 = CARTESIAN_POINT('',(2.,-37.,0.));
#597 = DIRECTION('',(-0.,0.,-1.));
#598 = DIRECTION('',(-0.,-1.,0.));
#599 = FACE_BOUND('',#600,.F.);
#600 = EDGE_LOOP('',(#601));
#601 = ORIENTED_EDGE('',*,*,#602,.T.);
#602 = EDGE_CURVE('',#603,#603,#605,.T.);
#603 = VERTEX_POINT('',#604);
#604 = CARTESIAN_POINT('',(9.62,-37.4,0.));
#605 = CIRCLE('',#606,0.4);
#606 = AXIS2_PLACEMENT_3D('',#607,#608,#609);
#607 = CARTESIAN_POINT('',(9.62,-37.,0.));
#608 = DIRECTION('',(-0.,0.,-1.));
#609 = DIRECTION('',(-4.440892098501E-15,-1.,0.));
#610 = FACE_BOUND('',#611,.F.);
#611 = EDGE_LOOP('',(#612));
#612 = ORIENTED_EDGE('',*,*,#613,.T.);
#613 = EDGE_CURVE('',#614,#614,#616,.T.);
#614 = VERTEX_POINT('',#615);
#615 = CARTESIAN_POINT('',(15.,-37.4,0.));
#616 = CIRCLE('',#617,0.4);
#617 = AXIS2_PLACEMENT_3D('',#618,#619,#620);
#618 = CARTESIAN_POINT('',(15.,-37.,0.));
#619 = DIRECTION('',(-0.,0.,-1.));
#620 = DIRECTION('',(-0.,-1.,0.));
#621 = FACE_BOUND('',#622,.F.);
#622 = EDGE_LOOP('',(#623));
#623 = ORIENTED_EDGE('',*,*,#624,.T.);
#624 = EDGE_CURVE('',#625,#625,#627,.T.);
#625 = VERTEX_POINT('',#626);
#626 = CARTESIAN_POINT('',(15.,-35.4,0.));
#627 = CIRCLE('',#628,0.4);
#628 = AXIS2_PLACEMENT_3D('',#629,#630,#631);
#629 = CARTESIAN_POINT('',(15.,-35.,0.));
#630 = DIRECTION('',(-0.,0.,-1.));
#631 = DIRECTION('',(-0.,-1.,0.));
#632 = FACE_BOUND('',#633,.F.);
#633 = EDGE_LOOP('',(#634));
#634 = ORIENTED_EDGE('',*,*,#635,.T.);
#635 = EDGE_CURVE('',#636,#636,#638,.T.);
#636 = VERTEX_POINT('',#637);
#637 = CARTESIAN_POINT('',(2.,-34.2,0.));
#638 = CIRCLE('',#639,0.4);
#639 = AXIS2_PLACEMENT_3D('',#640,#641,#642);
#640 = CARTESIAN_POINT('',(2.,-33.8,0.));
#641 = DIRECTION('',(-0.,0.,-1.));
#642 = DIRECTION('',(-0.,-1.,0.));
#643 = FACE_BOUND('',#644,.F.);
#644 = EDGE_LOOP('',(#645));
#645 = ORIENTED_EDGE('',*,*,#646,.T.);
#646 = EDGE_CURVE('',#647,#647,#649,.T.);
#647 = VERTEX_POINT('',#648);
#648 = CARTESIAN_POINT('',(9.62,-34.2,0.));
#649 = CIRCLE('',#650,0.4);
#650 = AXIS2_PLACEMENT_3D('',#651,#652,#653);
#651 = CARTESIAN_POINT('',(9.62,-33.8,0.));
#652 = DIRECTION('',(-0.,0.,-1.));
#653 = DIRECTION('',(-4.440892098501E-15,-1.,0.));
#654 = FACE_BOUND('',#655,.F.);
#655 = EDGE_LOOP('',(#656));
#656 = ORIENTED_EDGE('',*,*,#657,.T.);
#657 = EDGE_CURVE('',#658,#658,#660,.T.);
#658 = VERTEX_POINT('',#659);
#659 = CARTESIAN_POINT('',(2.,-31.,0.));
#660 = CIRCLE('',#661,0.4);
#661 = AXIS2_PLACEMENT_3D('',#662,#663,#664);
#662 = CARTESIAN_POINT('',(2.,-30.6,0.));
#663 = DIRECTION('',(-0.,0.,-1.));
#664 = DIRECTION('',(-0.,-1.,0.));
#665 = FACE_BOUND('',#666,.F.);
#666 = EDGE_LOOP('',(#667));
#667 = ORIENTED_EDGE('',*,*,#668,.T.);
#668 = EDGE_CURVE('',#669,#669,#671,.T.);
#669 = VERTEX_POINT('',#670);
#670 = CARTESIAN_POINT('',(9.62,-31.,0.));
#671 = CIRCLE('',#672,0.4);
#672 = AXIS2_PLACEMENT_3D('',#673,#674,#675);
#673 = CARTESIAN_POINT('',(9.62,-30.6,0.));
#674 = DIRECTION('',(-0.,0.,-1.));
#675 = DIRECTION('',(-4.440892098501E-15,-1.,0.));
#676 = FACE_BOUND('',#677,.F.);
#677 = EDGE_LOOP('',(#678));
#678 = ORIENTED_EDGE('',*,*,#679,.T.);
#679 = EDGE_CURVE('',#680,#680,#682,.T.);
#680 = VERTEX_POINT('',#681);
#681 = CARTESIAN_POINT('',(14.5,-31.8,0.));
#682 = CIRCLE('',#683,0.4);
#683 = AXIS2_PLACEMENT_3D('',#684,#685,#686);
#684 = CARTESIAN_POINT('',(14.5,-31.4,0.));
#685 = DIRECTION('',(-0.,0.,-1.));
#686 = DIRECTION('',(-0.,-1.,0.));
#687 = FACE_BOUND('',#688,.F.);
#688 = EDGE_LOOP('',(#689));
#689 = ORIENTED_EDGE('',*,*,#690,.T.);
#690 = EDGE_CURVE('',#691,#691,#693,.T.);
#691 = VERTEX_POINT('',#692);
#692 = CARTESIAN_POINT('',(14.5,-29.3,0.));
#693 = CIRCLE('',#694,0.4);
#694 = AXIS2_PLACEMENT_3D('',#695,#696,#697);
#695 = CARTESIAN_POINT('',(14.5,-28.9,0.));
#696 = DIRECTION('',(-0.,0.,-1.));
#697 = DIRECTION('',(-0.,-1.,0.));
#698 = FACE_BOUND('',#699,.F.);
#699 = EDGE_LOOP('',(#700));
#700 = ORIENTED_EDGE('',*,*,#701,.T.);
#701 = EDGE_CURVE('',#702,#702,#704,.T.);
#702 = VERTEX_POINT('',#703);
#703 = CARTESIAN_POINT('',(24.6,-29.4,0.));
#704 = CIRCLE('',#705,0.6);
#705 = AXIS2_PLACEMENT_3D('',#706,#707,#708);
#706 = CARTESIAN_POINT('',(24.6,-28.8,0.));
#707 = DIRECTION('',(-0.,0.,-1.));
#708 = DIRECTION('',(-0.,-1.,0.));
#709 = FACE_BOUND('',#710,.F.);
#710 = EDGE_LOOP('',(#711));
#711 = ORIENTED_EDGE('',*,*,#712,.T.);
#712 = EDGE_CURVE('',#713,#713,#715,.T.);
#713 = VERTEX_POINT('',#714);
#714 = CARTESIAN_POINT('',(29.6,-29.4,0.));
#715 = CIRCLE('',#716,0.6);
#716 = AXIS2_PLACEMENT_3D('',#717,#718,#719);
#717 = CARTESIAN_POINT('',(29.6,-28.8,0.));
#718 = DIRECTION('',(-0.,0.,-1.));
#719 = DIRECTION('',(-0.,-1.,0.));
#720 = FACE_BOUND('',#721,.F.);
#721 = EDGE_LOOP('',(#722));
#722 = ORIENTED_EDGE('',*,*,#723,.T.);
#723 = EDGE_CURVE('',#724,#724,#726,.T.);
#724 = VERTEX_POINT('',#725);
#725 = CARTESIAN_POINT('',(33.57,-32.63,0.));
#726 = CIRCLE('',#727,0.5);
#727 = AXIS2_PLACEMENT_3D('',#728,#729,#730);
#728 = CARTESIAN_POINT('',(33.57,-32.13,0.));
#729 = DIRECTION('',(-0.,0.,-1.));
#730 = DIRECTION('',(-0.,-1.,0.));
#731 = FACE_BOUND('',#732,.F.);
#732 = EDGE_LOOP('',(#733));
#733 = ORIENTED_EDGE('',*,*,#734,.T.);
#734 = EDGE_CURVE('',#735,#735,#737,.T.);
#735 = VERTEX_POINT('',#736);
#736 = CARTESIAN_POINT('',(36.11,-32.63,0.));
#737 = CIRCLE('',#738,0.5);
#738 = AXIS2_PLACEMENT_3D('',#739,#740,#741);
#739 = CARTESIAN_POINT('',(36.11,-32.13,0.));
#740 = DIRECTION('',(-0.,0.,-1.));
#741 = DIRECTION('',(-0.,-1.,0.));
#742 = FACE_BOUND('',#743,.F.);
#743 = EDGE_LOOP('',(#744));
#744 = ORIENTED_EDGE('',*,*,#745,.T.);
#745 = EDGE_CURVE('',#746,#746,#748,.T.);
#746 = VERTEX_POINT('',#747);
#747 = CARTESIAN_POINT('',(38.65,-32.63,0.));
#748 = CIRCLE('',#749,0.5);
#749 = AXIS2_PLACEMENT_3D('',#750,#751,#752);
#750 = CARTESIAN_POINT('',(38.65,-32.13,0.));
#751 = DIRECTION('',(-0.,0.,-1.));
#752 = DIRECTION('',(-0.,-1.,0.));
#753 = FACE_BOUND('',#754,.F.);
#754 = EDGE_LOOP('',(#755));
#755 = ORIENTED_EDGE('',*,*,#756,.T.);
#756 = EDGE_CURVE('',#757,#757,#759,.T.);
#757 = VERTEX_POINT('',#758);
#758 = CARTESIAN_POINT('',(41.19,-32.63,0.));
#759 = CIRCLE('',#760,0.5);
#760 = AXIS2_PLACEMENT_3D('',#761,#762,#763);
#761 = CARTESIAN_POINT('',(41.19,-32.13,0.));
#762 = DIRECTION('',(-0.,0.,-1.));
#763 = DIRECTION('',(-0.,-1.,0.));
#764 = FACE_BOUND('',#765,.F.);
#765 = EDGE_LOOP('',(#766));
#766 = ORIENTED_EDGE('',*,*,#767,.T.);
#767 = EDGE_CURVE('',#768,#768,#770,.T.);
#768 = VERTEX_POINT('',#769);
#769 = CARTESIAN_POINT('',(33.57,-30.09,0.));
#770 = CIRCLE('',#771,0.5);
#771 = AXIS2_PLACEMENT_3D('',#772,#773,#774);
#772 = CARTESIAN_POINT('',(33.57,-29.59,0.));
#773 = DIRECTION('',(-0.,0.,-1.));
#774 = DIRECTION('',(-0.,-1.,0.));
#775 = FACE_BOUND('',#776,.F.);
#776 = EDGE_LOOP('',(#777));
#777 = ORIENTED_EDGE('',*,*,#778,.T.);
#778 = EDGE_CURVE('',#779,#779,#781,.T.);
#779 = VERTEX_POINT('',#780);
#780 = CARTESIAN_POINT('',(36.11,-30.09,0.));
#781 = CIRCLE('',#782,0.5);
#782 = AXIS2_PLACEMENT_3D('',#783,#784,#785);
#783 = CARTESIAN_POINT('',(36.11,-29.59,0.));
#784 = DIRECTION('',(-0.,0.,-1.));
#785 = DIRECTION('',(-0.,-1.,0.));
#786 = FACE_BOUND('',#787,.F.);
#787 = EDGE_LOOP('',(#788));
#788 = ORIENTED_EDGE('',*,*,#789,.T.);
#789 = EDGE_CURVE('',#790,#790,#792,.T.);
#790 = VERTEX_POINT('',#791);
#791 = CARTESIAN_POINT('',(38.65,-30.09,0.));
#792 = CIRCLE('',#793,0.5);
#793 = AXIS2_PLACEMENT_3D('',#794,#795,#796);
#794 = CARTESIAN_POINT('',(38.65,-29.59,0.));
#795 = DIRECTION('',(-0.,0.,-1.));
#796 = DIRECTION('',(-0.,-1.,0.));
#797 = FACE_BOUND('',#798,.F.);
#798 = EDGE_LOOP('',(#799));
#799 = ORIENTED_EDGE('',*,*,#800,.T.);
#800 = EDGE_CURVE('',#801,#801,#803,.T.);
#801 = VERTEX_POINT('',#802);
#802 = CARTESIAN_POINT('',(41.19,-30.09,0.));
#803 = CIRCLE('',#804,0.5);
#804 = AXIS2_PLACEMENT_3D('',#805,#806,#807);
#805 = CARTESIAN_POINT('',(41.19,-29.59,0.));
#806 = DIRECTION('',(-0.,0.,-1.));
#807 = DIRECTION('',(-0.,-1.,0.));
#808 = FACE_BOUND('',#809,.F.);
#809 = EDGE_LOOP('',(#810));
#810 = ORIENTED_EDGE('',*,*,#811,.T.);
#811 = EDGE_CURVE('',#812,#812,#814,.T.);
#812 = VERTEX_POINT('',#813);
#813 = CARTESIAN_POINT('',(43.73,-53.04,0.));
#814 = CIRCLE('',#815,0.5);
#815 = AXIS2_PLACEMENT_3D('',#816,#817,#818);
#816 = CARTESIAN_POINT('',(43.73,-52.54,0.));
#817 = DIRECTION('',(-0.,0.,-1.));
#818 = DIRECTION('',(-0.,-1.,0.));
#819 = FACE_BOUND('',#820,.F.);
#820 = EDGE_LOOP('',(#821));
#821 = ORIENTED_EDGE('',*,*,#822,.T.);
#822 = EDGE_CURVE('',#823,#823,#825,.T.);
#823 = VERTEX_POINT('',#824);
#824 = CARTESIAN_POINT('',(46.27,-53.04,0.));
#825 = CIRCLE('',#826,0.5);
#826 = AXIS2_PLACEMENT_3D('',#827,#828,#829);
#827 = CARTESIAN_POINT('',(46.27,-52.54,0.));
#828 = DIRECTION('',(-0.,0.,-1.));
#829 = DIRECTION('',(-0.,-1.,0.));
#830 = FACE_BOUND('',#831,.F.);
#831 = EDGE_LOOP('',(#832));
#832 = ORIENTED_EDGE('',*,*,#833,.T.);
#833 = EDGE_CURVE('',#834,#834,#836,.T.);
#834 = VERTEX_POINT('',#835);
#835 = CARTESIAN_POINT('',(43.73,-50.5,0.));
#836 = CIRCLE('',#837,0.5);
#837 = AXIS2_PLACEMENT_3D('',#838,#839,#840);
#838 = CARTESIAN_POINT('',(43.73,-50.,0.));
#839 = DIRECTION('',(-0.,0.,-1.));
#840 = DIRECTION('',(-0.,-1.,0.));
#841 = FACE_BOUND('',#842,.F.);
#842 = EDGE_LOOP('',(#843));
#843 = ORIENTED_EDGE('',*,*,#844,.T.);
#844 = EDGE_CURVE('',#845,#845,#847,.T.);
#845 = VERTEX_POINT('',#846);
#846 = CARTESIAN_POINT('',(46.27,-50.5,0.));
#847 = CIRCLE('',#848,0.5);
#848 = AXIS2_PLACEMENT_3D('',#849,#850,#851);
#849 = CARTESIAN_POINT('',(46.27,-50.,0.));
#850 = DIRECTION('',(-0.,0.,-1.));
#851 = DIRECTION('',(-0.,-1.,0.));
#852 = FACE_BOUND('',#853,.F.);
#853 = EDGE_LOOP('',(#854));
#854 = ORIENTED_EDGE('',*,*,#855,.T.);
#855 = EDGE_CURVE('',#856,#856,#858,.T.);
#856 = VERTEX_POINT('',#857);
#857 = CARTESIAN_POINT('',(48.81,-53.04,0.));
#858 = CIRCLE('',#859,0.5);
#859 = AXIS2_PLACEMENT_3D('',#860,#861,#862);
#860 = CARTESIAN_POINT('',(48.81,-52.54,0.));
#861 = DIRECTION('',(-0.,0.,-1.));
#862 = DIRECTION('',(-0.,-1.,0.));
#863 = FACE_BOUND('',#864,.F.);
#864 = EDGE_LOOP('',(#865));
#865 = ORIENTED_EDGE('',*,*,#866,.T.);
#866 = EDGE_CURVE('',#867,#867,#869,.T.);
#867 = VERTEX_POINT('',#868);
#868 = CARTESIAN_POINT('',(51.35,-53.04,0.));
#869 = CIRCLE('',#870,0.5);
#870 = AXIS2_PLACEMENT_3D('',#871,#872,#873);
#871 = CARTESIAN_POINT('',(51.35,-52.54,0.));
#872 = DIRECTION('',(-0.,0.,-1.));
#873 = DIRECTION('',(-0.,-1.,0.));
#874 = FACE_BOUND('',#875,.F.);
#875 = EDGE_LOOP('',(#876));
#876 = ORIENTED_EDGE('',*,*,#877,.T.);
#877 = EDGE_CURVE('',#878,#878,#880,.T.);
#878 = VERTEX_POINT('',#879);
#879 = CARTESIAN_POINT('',(48.81,-50.5,0.));
#880 = CIRCLE('',#881,0.5);
#881 = AXIS2_PLACEMENT_3D('',#882,#883,#884);
#882 = CARTESIAN_POINT('',(48.81,-50.,0.));
#883 = DIRECTION('',(-0.,0.,-1.));
#884 = DIRECTION('',(-0.,-1.,0.));
#885 = FACE_BOUND('',#886,.F.);
#886 = EDGE_LOOP('',(#887));
#887 = ORIENTED_EDGE('',*,*,#888,.T.);
#888 = EDGE_CURVE('',#889,#889,#891,.T.);
#889 = VERTEX_POINT('',#890);
#890 = CARTESIAN_POINT('',(51.35,-50.5,0.));
#891 = CIRCLE('',#892,0.5);
#892 = AXIS2_PLACEMENT_3D('',#893,#894,#895);
#893 = CARTESIAN_POINT('',(51.35,-50.,0.));
#894 = DIRECTION('',(-0.,0.,-1.));
#895 = DIRECTION('',(-0.,-1.,0.));
#896 = FACE_BOUND('',#897,.F.);
#897 = EDGE_LOOP('',(#898));
#898 = ORIENTED_EDGE('',*,*,#899,.T.);
#899 = EDGE_CURVE('',#900,#900,#902,.T.);
#900 = VERTEX_POINT('',#901);
#901 = CARTESIAN_POINT('',(53.89,-53.04,0.));
#902 = CIRCLE('',#903,0.5);
#903 = AXIS2_PLACEMENT_3D('',#904,#905,#906);
#904 = CARTESIAN_POINT('',(53.89,-52.54,0.));
#905 = DIRECTION('',(-0.,0.,-1.));
#906 = DIRECTION('',(-0.,-1.,0.));
#907 = FACE_BOUND('',#908,.F.);
#908 = EDGE_LOOP('',(#909));
#909 = ORIENTED_EDGE('',*,*,#910,.T.);
#910 = EDGE_CURVE('',#911,#911,#913,.T.);
#911 = VERTEX_POINT('',#912);
#912 = CARTESIAN_POINT('',(56.43,-53.04,0.));
#913 = CIRCLE('',#914,0.5);
#914 = AXIS2_PLACEMENT_3D('',#915,#916,#917);
#915 = CARTESIAN_POINT('',(56.43,-52.54,0.));
#916 = DIRECTION('',(-0.,0.,-1.));
#917 = DIRECTION('',(-0.,-1.,0.));
#918 = FACE_BOUND('',#919,.F.);
#919 = EDGE_LOOP('',(#920));
#920 = ORIENTED_EDGE('',*,*,#921,.T.);
#921 = EDGE_CURVE('',#922,#922,#924,.T.);
#922 = VERTEX_POINT('',#923);
#923 = CARTESIAN_POINT('',(53.89,-50.5,0.));
#924 = CIRCLE('',#925,0.5);
#925 = AXIS2_PLACEMENT_3D('',#926,#927,#928);
#926 = CARTESIAN_POINT('',(53.89,-50.,0.));
#927 = DIRECTION('',(-0.,0.,-1.));
#928 = DIRECTION('',(-0.,-1.,0.));
#929 = FACE_BOUND('',#930,.F.);
#930 = EDGE_LOOP('',(#931));
#931 = ORIENTED_EDGE('',*,*,#932,.T.);
#932 = EDGE_CURVE('',#933,#933,#935,.T.);
#933 = VERTEX_POINT('',#934);
#934 = CARTESIAN_POINT('',(56.43,-50.5,0.));
#935 = CIRCLE('',#936,0.5);
#936 = AXIS2_PLACEMENT_3D('',#937,#938,#939);
#937 = CARTESIAN_POINT('',(56.43,-50.,0.));
#938 = DIRECTION('',(-0.,0.,-1.));
#939 = DIRECTION('',(-0.,-1.,0.));
#940 = FACE_BOUND('',#941,.F.);
#941 = EDGE_LOOP('',(#942));
#942 = ORIENTED_EDGE('',*,*,#943,.T.);
#943 = EDGE_CURVE('',#944,#944,#946,.T.);
#944 = VERTEX_POINT('',#945);
#945 = CARTESIAN_POINT('',(58.97,-53.04,0.));
#946 = CIRCLE('',#947,0.5);
#947 = AXIS2_PLACEMENT_3D('',#948,#949,#950);
#948 = CARTESIAN_POINT('',(58.97,-52.54,0.));
#949 = DIRECTION('',(-0.,0.,-1.));
#950 = DIRECTION('',(-0.,-1.,0.));
#951 = FACE_BOUND('',#952,.F.);
#952 = EDGE_LOOP('',(#953));
#953 = ORIENTED_EDGE('',*,*,#954,.T.);
#954 = EDGE_CURVE('',#955,#955,#957,.T.);
#955 = VERTEX_POINT('',#956);
#956 = CARTESIAN_POINT('',(61.51,-53.04,0.));
#957 = CIRCLE('',#958,0.5);
#958 = AXIS2_PLACEMENT_3D('',#959,#960,#961);
#959 = CARTESIAN_POINT('',(61.51,-52.54,0.));
#960 = DIRECTION('',(-0.,0.,-1.));
#961 = DIRECTION('',(-0.,-1.,0.));
#962 = FACE_BOUND('',#963,.F.);
#963 = EDGE_LOOP('',(#964));
#964 = ORIENTED_EDGE('',*,*,#965,.T.);
#965 = EDGE_CURVE('',#966,#966,#968,.T.);
#966 = VERTEX_POINT('',#967);
#967 = CARTESIAN_POINT('',(58.97,-50.5,0.));
#968 = CIRCLE('',#969,0.5);
#969 = AXIS2_PLACEMENT_3D('',#970,#971,#972);
#970 = CARTESIAN_POINT('',(58.97,-50.,0.));
#971 = DIRECTION('',(-0.,0.,-1.));
#972 = DIRECTION('',(-0.,-1.,0.));
#973 = FACE_BOUND('',#974,.F.);
#974 = EDGE_LOOP('',(#975));
#975 = ORIENTED_EDGE('',*,*,#976,.T.);
#976 = EDGE_CURVE('',#977,#977,#979,.T.);
#977 = VERTEX_POINT('',#978);
#978 = CARTESIAN_POINT('',(61.51,-50.5,0.));
#979 = CIRCLE('',#980,0.5);
#980 = AXIS2_PLACEMENT_3D('',#981,#982,#983);
#981 = CARTESIAN_POINT('',(61.51,-50.,0.));
#982 = DIRECTION('',(-0.,0.,-1.));
#983 = DIRECTION('',(-0.,-1.,0.));
#984 = FACE_BOUND('',#985,.F.);
#985 = EDGE_LOOP('',(#986));
#986 = ORIENTED_EDGE('',*,*,#987,.T.);
#987 = EDGE_CURVE('',#988,#988,#990,.T.);
#988 = VERTEX_POINT('',#989);
#989 = CARTESIAN_POINT('',(62.,-42.65,0.));
#990 = CIRCLE('',#991,0.35);
#991 = AXIS2_PLACEMENT_3D('',#992,#993,#994);
#992 = CARTESIAN_POINT('',(62.,-42.3,0.));
#993 = DIRECTION('',(-0.,0.,-1.));
#994 = DIRECTION('',(-0.,-1.,0.));
#995 = FACE_BOUND('',#996,.F.);
#996 = EDGE_LOOP('',(#997));
#997 = ORIENTED_EDGE('',*,*,#998,.T.);
#998 = EDGE_CURVE('',#999,#999,#1001,.T.);
#999 = VERTEX_POINT('',#1000);
#1000 = CARTESIAN_POINT('',(64.05,-53.04,0.));
#1001 = CIRCLE('',#1002,0.5);
#1002 = AXIS2_PLACEMENT_3D('',#1003,#1004,#1005);
#1003 = CARTESIAN_POINT('',(64.05,-52.54,0.));
#1004 = DIRECTION('',(-0.,0.,-1.));
#1005 = DIRECTION('',(-0.,-1.,0.));
#1006 = FACE_BOUND('',#1007,.F.);
#1007 = EDGE_LOOP('',(#1008));
#1008 = ORIENTED_EDGE('',*,*,#1009,.T.);
#1009 = EDGE_CURVE('',#1010,#1010,#1012,.T.);
#1010 = VERTEX_POINT('',#1011);
#1011 = CARTESIAN_POINT('',(66.59,-53.04,0.));
#1012 = CIRCLE('',#1013,0.5);
#1013 = AXIS2_PLACEMENT_3D('',#1014,#1015,#1016);
#1014 = CARTESIAN_POINT('',(66.59,-52.54,0.));
#1015 = DIRECTION('',(-0.,0.,-1.));
#1016 = DIRECTION('',(-0.,-1.,0.));
#1017 = FACE_BOUND('',#1018,.F.);
#1018 = EDGE_LOOP('',(#1019));
#1019 = ORIENTED_EDGE('',*,*,#1020,.T.);
#1020 = EDGE_CURVE('',#1021,#1021,#1023,.T.);
#1021 = VERTEX_POINT('',#1022);
#1022 = CARTESIAN_POINT('',(64.05,-50.5,0.));
#1023 = CIRCLE('',#1024,0.5);
#1024 = AXIS2_PLACEMENT_3D('',#1025,#1026,#1027);
#1025 = CARTESIAN_POINT('',(64.05,-50.,0.));
#1026 = DIRECTION('',(-0.,0.,-1.));
#1027 = DIRECTION('',(-0.,-1.,0.));
#1028 = FACE_BOUND('',#1029,.F.);
#1029 = EDGE_LOOP('',(#1030));
#1030 = ORIENTED_EDGE('',*,*,#1031,.T.);
#1031 = EDGE_CURVE('',#1032,#1032,#1034,.T.);
#1032 = VERTEX_POINT('',#1033);
#1033 = CARTESIAN_POINT('',(66.59,-50.5,0.));
#1034 = CIRCLE('',#1035,0.5);
#1035 = AXIS2_PLACEMENT_3D('',#1036,#1037,#1038);
#1036 = CARTESIAN_POINT('',(66.59,-50.,0.));
#1037 = DIRECTION('',(-0.,0.,-1.));
#1038 = DIRECTION('',(-0.,-1.,0.));
#1039 = FACE_BOUND('',#1040,.F.);
#1040 = EDGE_LOOP('',(#1041));
#1041 = ORIENTED_EDGE('',*,*,#1042,.T.);
#1042 = EDGE_CURVE('',#1043,#1043,#1045,.T.);
#1043 = VERTEX_POINT('',#1044);
#1044 = CARTESIAN_POINT('',(69.13,-53.04,0.));
#1045 = CIRCLE('',#1046,0.5);
#1046 = AXIS2_PLACEMENT_3D('',#1047,#1048,#1049);
#1047 = CARTESIAN_POINT('',(69.13,-52.54,0.));
#1048 = DIRECTION('',(-0.,0.,-1.));
#1049 = DIRECTION('',(-0.,-1.,0.));
#1050 = FACE_BOUND('',#1051,.F.);
#1051 = EDGE_LOOP('',(#1052));
#1052 = ORIENTED_EDGE('',*,*,#1053,.T.);
#1053 = EDGE_CURVE('',#1054,#1054,#1056,.T.);
#1054 = VERTEX_POINT('',#1055);
#1055 = CARTESIAN_POINT('',(71.67,-53.04,0.));
#1056 = CIRCLE('',#1057,0.5);
#1057 = AXIS2_PLACEMENT_3D('',#1058,#1059,#1060);
#1058 = CARTESIAN_POINT('',(71.67,-52.54,0.));
#1059 = DIRECTION('',(-0.,0.,-1.));
#1060 = DIRECTION('',(-0.,-1.,0.));
#1061 = FACE_BOUND('',#1062,.F.);
#1062 = EDGE_LOOP('',(#1063));
#1063 = ORIENTED_EDGE('',*,*,#1064,.T.);
#1064 = EDGE_CURVE('',#1065,#1065,#1067,.T.);
#1065 = VERTEX_POINT('',#1066);
#1066 = CARTESIAN_POINT('',(69.13,-50.5,0.));
#1067 = CIRCLE('',#1068,0.5);
#1068 = AXIS2_PLACEMENT_3D('',#1069,#1070,#1071);
#1069 = CARTESIAN_POINT('',(69.13,-50.,0.));
#1070 = DIRECTION('',(-0.,0.,-1.));
#1071 = DIRECTION('',(-0.,-1.,0.));
#1072 = FACE_BOUND('',#1073,.F.);
#1073 = EDGE_LOOP('',(#1074));
#1074 = ORIENTED_EDGE('',*,*,#1075,.T.);
#1075 = EDGE_CURVE('',#1076,#1076,#1078,.T.);
#1076 = VERTEX_POINT('',#1077);
#1077 = CARTESIAN_POINT('',(71.67,-50.5,0.));
#1078 = CIRCLE('',#1079,0.5);
#1079 = AXIS2_PLACEMENT_3D('',#1080,#1081,#1082);
#1080 = CARTESIAN_POINT('',(71.67,-50.,0.));
#1081 = DIRECTION('',(-0.,0.,-1.));
#1082 = DIRECTION('',(-0.,-1.,0.));
#1083 = FACE_BOUND('',#1084,.F.);
#1084 = EDGE_LOOP('',(#1085));
#1085 = ORIENTED_EDGE('',*,*,#1086,.T.);
#1086 = EDGE_CURVE('',#1087,#1087,#1089,.T.);
#1087 = VERTEX_POINT('',#1088);
#1088 = CARTESIAN_POINT('',(74.21,-53.04,0.));
#1089 = CIRCLE('',#1090,0.5);
#1090 = AXIS2_PLACEMENT_3D('',#1091,#1092,#1093);
#1091 = CARTESIAN_POINT('',(74.21,-52.54,0.));
#1092 = DIRECTION('',(-0.,0.,-1.));
#1093 = DIRECTION('',(-0.,-1.,0.));
#1094 = FACE_BOUND('',#1095,.F.);
#1095 = EDGE_LOOP('',(#1096));
#1096 = ORIENTED_EDGE('',*,*,#1097,.T.);
#1097 = EDGE_CURVE('',#1098,#1098,#1100,.T.);
#1098 = VERTEX_POINT('',#1099);
#1099 = CARTESIAN_POINT('',(76.75,-53.04,0.));
#1100 = CIRCLE('',#1101,0.5);
#1101 = AXIS2_PLACEMENT_3D('',#1102,#1103,#1104);
#1102 = CARTESIAN_POINT('',(76.75,-52.54,0.));
#1103 = DIRECTION('',(-0.,0.,-1.));
#1104 = DIRECTION('',(-0.,-1.,0.));
#1105 = FACE_BOUND('',#1106,.F.);
#1106 = EDGE_LOOP('',(#1107));
#1107 = ORIENTED_EDGE('',*,*,#1108,.T.);
#1108 = EDGE_CURVE('',#1109,#1109,#1111,.T.);
#1109 = VERTEX_POINT('',#1110);
#1110 = CARTESIAN_POINT('',(74.21,-50.5,0.));
#1111 = CIRCLE('',#1112,0.5);
#1112 = AXIS2_PLACEMENT_3D('',#1113,#1114,#1115);
#1113 = CARTESIAN_POINT('',(74.21,-50.,0.));
#1114 = DIRECTION('',(-0.,0.,-1.));
#1115 = DIRECTION('',(-0.,-1.,0.));
#1116 = FACE_BOUND('',#1117,.F.);
#1117 = EDGE_LOOP('',(#1118));
#1118 = ORIENTED_EDGE('',*,*,#1119,.T.);
#1119 = EDGE_CURVE('',#1120,#1120,#1122,.T.);
#1120 = VERTEX_POINT('',#1121);
#1121 = CARTESIAN_POINT('',(76.75,-50.5,0.));
#1122 = CIRCLE('',#1123,0.5);
#1123 = AXIS2_PLACEMENT_3D('',#1124,#1125,#1126);
#1124 = CARTESIAN_POINT('',(76.75,-50.,0.));
#1125 = DIRECTION('',(-0.,0.,-1.));
#1126 = DIRECTION('',(-0.,-1.,0.));
#1127 = FACE_BOUND('',#1128,.F.);
#1128 = EDGE_LOOP('',(#1129));
#1129 = ORIENTED_EDGE('',*,*,#1130,.T.);
#1130 = EDGE_CURVE('',#1131,#1131,#1133,.T.);
#1131 = VERTEX_POINT('',#1132);
#1132 = CARTESIAN_POINT('',(79.29,-53.04,0.));
#1133 = CIRCLE('',#1134,0.5);
#1134 = AXIS2_PLACEMENT_3D('',#1135,#1136,#1137);
#1135 = CARTESIAN_POINT('',(79.29,-52.54,0.));
#1136 = DIRECTION('',(-0.,0.,-1.));
#1137 = DIRECTION('',(-0.,-1.,0.));
#1138 = FACE_BOUND('',#1139,.F.);
#1139 = EDGE_LOOP('',(#1140));
#1140 = ORIENTED_EDGE('',*,*,#1141,.T.);
#1141 = EDGE_CURVE('',#1142,#1142,#1144,.T.);
#1142 = VERTEX_POINT('',#1143);
#1143 = CARTESIAN_POINT('',(81.83,-53.04,0.));
#1144 = CIRCLE('',#1145,0.5);
#1145 = AXIS2_PLACEMENT_3D('',#1146,#1147,#1148);
#1146 = CARTESIAN_POINT('',(81.83,-52.54,0.));
#1147 = DIRECTION('',(-0.,0.,-1.));
#1148 = DIRECTION('',(-0.,-1.,0.));
#1149 = FACE_BOUND('',#1150,.F.);
#1150 = EDGE_LOOP('',(#1151));
#1151 = ORIENTED_EDGE('',*,*,#1152,.T.);
#1152 = EDGE_CURVE('',#1153,#1153,#1155,.T.);
#1153 = VERTEX_POINT('',#1154);
#1154 = CARTESIAN_POINT('',(79.29,-50.5,0.));
#1155 = CIRCLE('',#1156,0.5);
#1156 = AXIS2_PLACEMENT_3D('',#1157,#1158,#1159);
#1157 = CARTESIAN_POINT('',(79.29,-50.,0.));
#1158 = DIRECTION('',(-0.,0.,-1.));
#1159 = DIRECTION('',(-0.,-1.,0.));
#1160 = FACE_BOUND('',#1161,.F.);
#1161 = EDGE_LOOP('',(#1162));
#1162 = ORIENTED_EDGE('',*,*,#1163,.T.);
#1163 = EDGE_CURVE('',#1164,#1164,#1166,.T.);
#1164 = VERTEX_POINT('',#1165);
#1165 = CARTESIAN_POINT('',(81.83,-50.5,0.));
#1166 = CIRCLE('',#1167,0.5);
#1167 = AXIS2_PLACEMENT_3D('',#1168,#1169,#1170);
#1168 = CARTESIAN_POINT('',(81.83,-50.,0.));
#1169 = DIRECTION('',(-0.,0.,-1.));
#1170 = DIRECTION('',(-0.,-1.,0.));
#1171 = FACE_BOUND('',#1172,.F.);
#1172 = EDGE_LOOP('',(#1173));
#1173 = ORIENTED_EDGE('',*,*,#1174,.T.);
#1174 = EDGE_CURVE('',#1175,#1175,#1177,.T.);
#1175 = VERTEX_POINT('',#1176);
#1176 = CARTESIAN_POINT('',(65.,-42.65,0.));
#1177 = CIRCLE('',#1178,0.35);
#1178 = AXIS2_PLACEMENT_3D('',#1179,#1180,#1181);
#1179 = CARTESIAN_POINT('',(65.,-42.3,0.));
#1180 = DIRECTION('',(-0.,0.,-1.));
#1181 = DIRECTION('',(-0.,-1.,0.));
#1182 = FACE_BOUND('',#1183,.F.);
#1183 = EDGE_LOOP('',(#1184));
#1184 = ORIENTED_EDGE('',*,*,#1185,.T.);
#1185 = EDGE_CURVE('',#1186,#1186,#1188,.T.);
#1186 = VERTEX_POINT('',#1187);
#1187 = CARTESIAN_POINT('',(68.,-42.65,0.));
#1188 = CIRCLE('',#1189,0.35);
#1189 = AXIS2_PLACEMENT_3D('',#1190,#1191,#1192);
#1190 = CARTESIAN_POINT('',(68.,-42.3,0.));
#1191 = DIRECTION('',(-0.,0.,-1.));
#1192 = DIRECTION('',(-0.,-1.,0.));
#1193 = FACE_BOUND('',#1194,.F.);
#1194 = EDGE_LOOP('',(#1195));
#1195 = ORIENTED_EDGE('',*,*,#1196,.T.);
#1196 = EDGE_CURVE('',#1197,#1197,#1199,.T.);
#1197 = VERTEX_POINT('',#1198);
#1198 = CARTESIAN_POINT('',(71.,-42.65,0.));
#1199 = CIRCLE('',#1200,0.35);
#1200 = AXIS2_PLACEMENT_3D('',#1201,#1202,#1203);
#1201 = CARTESIAN_POINT('',(71.,-42.3,0.));
#1202 = DIRECTION('',(-0.,0.,-1.));
#1203 = DIRECTION('',(-0.,-1.,0.));
#1204 = FACE_BOUND('',#1205,.F.);
#1205 = EDGE_LOOP('',(#1206));
#1206 = ORIENTED_EDGE('',*,*,#1207,.T.);
#1207 = EDGE_CURVE('',#1208,#1208,#1210,.T.);
#1208 = VERTEX_POINT('',#1209);
#1209 = CARTESIAN_POINT('',(74.,-42.65,0.));
#1210 = CIRCLE('',#1211,0.35);
#1211 = AXIS2_PLACEMENT_3D('',#1212,#1213,#1214);
#1212 = CARTESIAN_POINT('',(74.,-42.3,0.));
#1213 = DIRECTION('',(-0.,0.,-1.));
#1214 = DIRECTION('',(-0.,-1.,0.));
#1215 = FACE_BOUND('',#1216,.F.);
#1216 = EDGE_LOOP('',(#1217));
#1217 = ORIENTED_EDGE('',*,*,#1218,.T.);
#1218 = EDGE_CURVE('',#1219,#1219,#1221,.T.);
#1219 = VERTEX_POINT('',#1220);
#1220 = CARTESIAN_POINT('',(60.5,-37.75,0.));
#1221 = CIRCLE('',#1222,0.55);
#1222 = AXIS2_PLACEMENT_3D('',#1223,#1224,#1225);
#1223 = CARTESIAN_POINT('',(60.5,-37.2,0.));
#1224 = DIRECTION('',(-0.,0.,-1.));
#1225 = DIRECTION('',(-0.,-1.,0.));
#1226 = FACE_BOUND('',#1227,.F.);
#1227 = EDGE_LOOP('',(#1228));
#1228 = ORIENTED_EDGE('',*,*,#1229,.T.);
#1229 = EDGE_CURVE('',#1230,#1230,#1232,.T.);
#1230 = VERTEX_POINT('',#1231);
#1231 = CARTESIAN_POINT('',(43.73,-32.63,0.));
#1232 = CIRCLE('',#1233,0.5);
#1233 = AXIS2_PLACEMENT_3D('',#1234,#1235,#1236);
#1234 = CARTESIAN_POINT('',(43.73,-32.13,0.));
#1235 = DIRECTION('',(-0.,0.,-1.));
#1236 = DIRECTION('',(-0.,-1.,0.));
#1237 = FACE_BOUND('',#1238,.F.);
#1238 = EDGE_LOOP('',(#1239));
#1239 = ORIENTED_EDGE('',*,*,#1240,.T.);
#1240 = EDGE_CURVE('',#1241,#1241,#1243,.T.);
#1241 = VERTEX_POINT('',#1242);
#1242 = CARTESIAN_POINT('',(46.27,-32.63,0.));
#1243 = CIRCLE('',#1244,0.5);
#1244 = AXIS2_PLACEMENT_3D('',#1245,#1246,#1247);
#1245 = CARTESIAN_POINT('',(46.27,-32.13,0.));
#1246 = DIRECTION('',(-0.,0.,-1.));
#1247 = DIRECTION('',(-0.,-1.,0.));
#1248 = FACE_BOUND('',#1249,.F.);
#1249 = EDGE_LOOP('',(#1250));
#1250 = ORIENTED_EDGE('',*,*,#1251,.T.);
#1251 = EDGE_CURVE('',#1252,#1252,#1254,.T.);
#1252 = VERTEX_POINT('',#1253);
#1253 = CARTESIAN_POINT('',(48.81,-32.63,0.));
#1254 = CIRCLE('',#1255,0.5);
#1255 = AXIS2_PLACEMENT_3D('',#1256,#1257,#1258);
#1256 = CARTESIAN_POINT('',(48.81,-32.13,0.));
#1257 = DIRECTION('',(-0.,0.,-1.));
#1258 = DIRECTION('',(-0.,-1.,0.));
#1259 = FACE_BOUND('',#1260,.F.);
#1260 = EDGE_LOOP('',(#1261));
#1261 = ORIENTED_EDGE('',*,*,#1262,.T.);
#1262 = EDGE_CURVE('',#1263,#1263,#1265,.T.);
#1263 = VERTEX_POINT('',#1264);
#1264 = CARTESIAN_POINT('',(51.35,-32.63,0.));
#1265 = CIRCLE('',#1266,0.5);
#1266 = AXIS2_PLACEMENT_3D('',#1267,#1268,#1269);
#1267 = CARTESIAN_POINT('',(51.35,-32.13,0.));
#1268 = DIRECTION('',(-0.,0.,-1.));
#1269 = DIRECTION('',(-0.,-1.,0.));
#1270 = FACE_BOUND('',#1271,.F.);
#1271 = EDGE_LOOP('',(#1272));
#1272 = ORIENTED_EDGE('',*,*,#1273,.T.);
#1273 = EDGE_CURVE('',#1274,#1274,#1276,.T.);
#1274 = VERTEX_POINT('',#1275);
#1275 = CARTESIAN_POINT('',(43.73,-30.09,0.));
#1276 = CIRCLE('',#1277,0.5);
#1277 = AXIS2_PLACEMENT_3D('',#1278,#1279,#1280);
#1278 = CARTESIAN_POINT('',(43.73,-29.59,0.));
#1279 = DIRECTION('',(-0.,0.,-1.));
#1280 = DIRECTION('',(-0.,-1.,0.));
#1281 = FACE_BOUND('',#1282,.F.);
#1282 = EDGE_LOOP('',(#1283));
#1283 = ORIENTED_EDGE('',*,*,#1284,.T.);
#1284 = EDGE_CURVE('',#1285,#1285,#1287,.T.);
#1285 = VERTEX_POINT('',#1286);
#1286 = CARTESIAN_POINT('',(46.27,-30.09,0.));
#1287 = CIRCLE('',#1288,0.5);
#1288 = AXIS2_PLACEMENT_3D('',#1289,#1290,#1291);
#1289 = CARTESIAN_POINT('',(46.27,-29.59,0.));
#1290 = DIRECTION('',(-0.,0.,-1.));
#1291 = DIRECTION('',(-0.,-1.,0.));
#1292 = FACE_BOUND('',#1293,.F.);
#1293 = EDGE_LOOP('',(#1294));
#1294 = ORIENTED_EDGE('',*,*,#1295,.T.);
#1295 = EDGE_CURVE('',#1296,#1296,#1298,.T.);
#1296 = VERTEX_POINT('',#1297);
#1297 = CARTESIAN_POINT('',(48.81,-30.09,0.));
#1298 = CIRCLE('',#1299,0.5);
#1299 = AXIS2_PLACEMENT_3D('',#1300,#1301,#1302);
#1300 = CARTESIAN_POINT('',(48.81,-29.59,0.));
#1301 = DIRECTION('',(-0.,0.,-1.));
#1302 = DIRECTION('',(-0.,-1.,0.));
#1303 = FACE_BOUND('',#1304,.F.);
#1304 = EDGE_LOOP('',(#1305));
#1305 = ORIENTED_EDGE('',*,*,#1306,.T.);
#1306 = EDGE_CURVE('',#1307,#1307,#1309,.T.);
#1307 = VERTEX_POINT('',#1308);
#1308 = CARTESIAN_POINT('',(51.35,-30.09,0.));
#1309 = CIRCLE('',#1310,0.5);
#1310 = AXIS2_PLACEMENT_3D('',#1311,#1312,#1313);
#1311 = CARTESIAN_POINT('',(51.35,-29.59,0.));
#1312 = DIRECTION('',(-0.,0.,-1.));
#1313 = DIRECTION('',(-0.,-1.,0.));
#1314 = FACE_BOUND('',#1315,.F.);
#1315 = EDGE_LOOP('',(#1316));
#1316 = ORIENTED_EDGE('',*,*,#1317,.T.);
#1317 = EDGE_CURVE('',#1318,#1318,#1320,.T.);
#1318 = VERTEX_POINT('',#1319);
#1319 = CARTESIAN_POINT('',(53.89,-32.63,0.));
#1320 = CIRCLE('',#1321,0.5);
#1321 = AXIS2_PLACEMENT_3D('',#1322,#1323,#1324);
#1322 = CARTESIAN_POINT('',(53.89,-32.13,0.));
#1323 = DIRECTION('',(-0.,0.,-1.));
#1324 = DIRECTION('',(-0.,-1.,0.));
#1325 = FACE_BOUND('',#1326,.F.);
#1326 = EDGE_LOOP('',(#1327));
#1327 = ORIENTED_EDGE('',*,*,#1328,.T.);
#1328 = EDGE_CURVE('',#1329,#1329,#1331,.T.);
#1329 = VERTEX_POINT('',#1330);
#1330 = CARTESIAN_POINT('',(56.43,-32.63,0.));
#1331 = CIRCLE('',#1332,0.5);
#1332 = AXIS2_PLACEMENT_3D('',#1333,#1334,#1335);
#1333 = CARTESIAN_POINT('',(56.43,-32.13,0.));
#1334 = DIRECTION('',(-0.,0.,-1.));
#1335 = DIRECTION('',(-0.,-1.,0.));
#1336 = FACE_BOUND('',#1337,.F.);
#1337 = EDGE_LOOP('',(#1338));
#1338 = ORIENTED_EDGE('',*,*,#1339,.T.);
#1339 = EDGE_CURVE('',#1340,#1340,#1342,.T.);
#1340 = VERTEX_POINT('',#1341);
#1341 = CARTESIAN_POINT('',(53.89,-30.09,0.));
#1342 = CIRCLE('',#1343,0.5);
#1343 = AXIS2_PLACEMENT_3D('',#1344,#1345,#1346);
#1344 = CARTESIAN_POINT('',(53.89,-29.59,0.));
#1345 = DIRECTION('',(-0.,0.,-1.));
#1346 = DIRECTION('',(-0.,-1.,0.));
#1347 = FACE_BOUND('',#1348,.F.);
#1348 = EDGE_LOOP('',(#1349));
#1349 = ORIENTED_EDGE('',*,*,#1350,.T.);
#1350 = EDGE_CURVE('',#1351,#1351,#1353,.T.);
#1351 = VERTEX_POINT('',#1352);
#1352 = CARTESIAN_POINT('',(56.43,-30.09,0.));
#1353 = CIRCLE('',#1354,0.5);
#1354 = AXIS2_PLACEMENT_3D('',#1355,#1356,#1357);
#1355 = CARTESIAN_POINT('',(56.43,-29.59,0.));
#1356 = DIRECTION('',(-0.,0.,-1.));
#1357 = DIRECTION('',(-0.,-1.,0.));
#1358 = FACE_BOUND('',#1359,.F.);
#1359 = EDGE_LOOP('',(#1360));
#1360 = ORIENTED_EDGE('',*,*,#1361,.T.);
#1361 = EDGE_CURVE('',#1362,#1362,#1364,.T.);
#1362 = VERTEX_POINT('',#1363);
#1363 = CARTESIAN_POINT('',(68.12,-37.75,0.));
#1364 = CIRCLE('',#1365,0.55);
#1365 = AXIS2_PLACEMENT_3D('',#1366,#1367,#1368);
#1366 = CARTESIAN_POINT('',(68.12,-37.2,0.));
#1367 = DIRECTION('',(-0.,0.,-1.));
#1368 = DIRECTION('',(-0.,-1.,0.));
#1369 = FACE_BOUND('',#1370,.F.);
#1370 = EDGE_LOOP('',(#1371));
#1371 = ORIENTED_EDGE('',*,*,#1372,.T.);
#1372 = EDGE_CURVE('',#1373,#1373,#1375,.T.);
#1373 = VERTEX_POINT('',#1374);
#1374 = CARTESIAN_POINT('',(76.,-38.6,0.));
#1375 = CIRCLE('',#1376,0.4);
#1376 = AXIS2_PLACEMENT_3D('',#1377,#1378,#1379);
#1377 = CARTESIAN_POINT('',(76.,-38.2,0.));
#1378 = DIRECTION('',(-0.,0.,-1.));
#1379 = DIRECTION('',(-0.,-1.,0.));
#1380 = FACE_BOUND('',#1381,.F.);
#1381 = EDGE_LOOP('',(#1382));
#1382 = ORIENTED_EDGE('',*,*,#1383,.T.);
#1383 = EDGE_CURVE('',#1384,#1384,#1386,.T.);
#1384 = VERTEX_POINT('',#1385);
#1385 = CARTESIAN_POINT('',(76.,-36.6,0.));
#1386 = CIRCLE('',#1387,0.4);
#1387 = AXIS2_PLACEMENT_3D('',#1388,#1389,#1390);
#1388 = CARTESIAN_POINT('',(76.,-36.2,0.));
#1389 = DIRECTION('',(-0.,0.,-1.));
#1390 = DIRECTION('',(-0.,-1.,0.));
#1391 = FACE_BOUND('',#1392,.F.);
#1392 = EDGE_LOOP('',(#1393));
#1393 = ORIENTED_EDGE('',*,*,#1394,.T.);
#1394 = EDGE_CURVE('',#1395,#1395,#1397,.T.);
#1395 = VERTEX_POINT('',#1396);
#1396 = CARTESIAN_POINT('',(64.,-32.76,0.));
#1397 = CIRCLE('',#1398,0.4);
#1398 = AXIS2_PLACEMENT_3D('',#1399,#1400,#1401);
#1399 = CARTESIAN_POINT('',(64.,-32.36,0.));
#1400 = DIRECTION('',(-0.,0.,-1.));
#1401 = DIRECTION('',(-0.,-1.,0.));
#1402 = FACE_BOUND('',#1403,.F.);
#1403 = EDGE_LOOP('',(#1404));
#1404 = ORIENTED_EDGE('',*,*,#1405,.T.);
#1405 = EDGE_CURVE('',#1406,#1406,#1408,.T.);
#1406 = VERTEX_POINT('',#1407);
#1407 = CARTESIAN_POINT('',(71.62,-32.76,0.));
#1408 = CIRCLE('',#1409,0.4);
#1409 = AXIS2_PLACEMENT_3D('',#1410,#1411,#1412);
#1410 = CARTESIAN_POINT('',(71.62,-32.36,0.));
#1411 = DIRECTION('',(-0.,0.,-1.));
#1412 = DIRECTION('',(-0.,-1.,0.));
#1413 = FACE_BOUND('',#1414,.F.);
#1414 = EDGE_LOOP('',(#1415));
#1415 = ORIENTED_EDGE('',*,*,#1416,.T.);
#1416 = EDGE_CURVE('',#1417,#1417,#1419,.T.);
#1417 = VERTEX_POINT('',#1418);
#1418 = CARTESIAN_POINT('',(64.,-30.22,0.));
#1419 = CIRCLE('',#1420,0.4);
#1420 = AXIS2_PLACEMENT_3D('',#1421,#1422,#1423);
#1421 = CARTESIAN_POINT('',(64.,-29.82,0.));
#1422 = DIRECTION('',(-0.,0.,-1.));
#1423 = DIRECTION('',(-0.,-1.,0.));
#1424 = FACE_BOUND('',#1425,.F.);
#1425 = EDGE_LOOP('',(#1426));
#1426 = ORIENTED_EDGE('',*,*,#1427,.T.);
#1427 = EDGE_CURVE('',#1428,#1428,#1430,.T.);
#1428 = VERTEX_POINT('',#1429);
#1429 = CARTESIAN_POINT('',(71.62,-30.22,0.));
#1430 = CIRCLE('',#1431,0.4);
#1431 = AXIS2_PLACEMENT_3D('',#1432,#1433,#1434);
#1432 = CARTESIAN_POINT('',(71.62,-29.82,0.));
#1433 = DIRECTION('',(-0.,0.,-1.));
#1434 = DIRECTION('',(-0.,-1.,0.));
#1435 = FACE_BOUND('',#1436,.F.);
#1436 = EDGE_LOOP('',(#1437));
#1437 = ORIENTED_EDGE('',*,*,#1438,.T.);
#1438 = EDGE_CURVE('',#1439,#1439,#1441,.T.);
#1439 = VERTEX_POINT('',#1440);
#1440 = CARTESIAN_POINT('',(2.,-27.8,0.));
#1441 = CIRCLE('',#1442,0.4);
#1442 = AXIS2_PLACEMENT_3D('',#1443,#1444,#1445);
#1443 = CARTESIAN_POINT('',(2.,-27.4,0.));
#1444 = DIRECTION('',(-0.,0.,-1.));
#1445 = DIRECTION('',(-0.,-1.,0.));
#1446 = FACE_BOUND('',#1447,.F.);
#1447 = EDGE_LOOP('',(#1448));
#1448 = ORIENTED_EDGE('',*,*,#1449,.T.);
#1449 = EDGE_CURVE('',#1450,#1450,#1452,.T.);
#1450 = VERTEX_POINT('',#1451);
#1451 = CARTESIAN_POINT('',(9.62,-27.8,0.));
#1452 = CIRCLE('',#1453,0.4);
#1453 = AXIS2_PLACEMENT_3D('',#1454,#1455,#1456);
#1454 = CARTESIAN_POINT('',(9.62,-27.4,0.));
#1455 = DIRECTION('',(-0.,0.,-1.));
#1456 = DIRECTION('',(-4.440892098501E-15,-1.,0.));
#1457 = FACE_BOUND('',#1458,.F.);
#1458 = EDGE_LOOP('',(#1459));
#1459 = ORIENTED_EDGE('',*,*,#1460,.T.);
#1460 = EDGE_CURVE('',#1461,#1461,#1463,.T.);
#1461 = VERTEX_POINT('',#1462);
#1462 = CARTESIAN_POINT('',(2.,-24.6,0.));
#1463 = CIRCLE('',#1464,0.4);
#1464 = AXIS2_PLACEMENT_3D('',#1465,#1466,#1467);
#1465 = CARTESIAN_POINT('',(2.,-24.2,0.));
#1466 = DIRECTION('',(-0.,0.,-1.));
#1467 = DIRECTION('',(-0.,-1.,0.));
#1468 = FACE_BOUND('',#1469,.F.);
#1469 = EDGE_LOOP('',(#1470));
#1470 = ORIENTED_EDGE('',*,*,#1471,.T.);
#1471 = EDGE_CURVE('',#1472,#1472,#1474,.T.);
#1472 = VERTEX_POINT('',#1473);
#1473 = CARTESIAN_POINT('',(9.62,-24.6,0.));
#1474 = CIRCLE('',#1475,0.4);
#1475 = AXIS2_PLACEMENT_3D('',#1476,#1477,#1478);
#1476 = CARTESIAN_POINT('',(9.62,-24.2,0.));
#1477 = DIRECTION('',(-0.,0.,-1.));
#1478 = DIRECTION('',(-4.440892098501E-15,-1.,0.));
#1479 = FACE_BOUND('',#1480,.F.);
#1480 = EDGE_LOOP('',(#1481));
#1481 = ORIENTED_EDGE('',*,*,#1482,.T.);
#1482 = EDGE_CURVE('',#1483,#1483,#1485,.T.);
#1483 = VERTEX_POINT('',#1484);
#1484 = CARTESIAN_POINT('',(13.5,-26.1,0.));
#1485 = CIRCLE('',#1486,0.4);
#1486 = AXIS2_PLACEMENT_3D('',#1487,#1488,#1489);
#1487 = CARTESIAN_POINT('',(13.5,-25.7,0.));
#1488 = DIRECTION('',(-0.,0.,-1.));
#1489 = DIRECTION('',(-0.,-1.,0.));
#1490 = FACE_BOUND('',#1491,.F.);
#1491 = EDGE_LOOP('',(#1492));
#1492 = ORIENTED_EDGE('',*,*,#1493,.T.);
#1493 = EDGE_CURVE('',#1494,#1494,#1496,.T.);
#1494 = VERTEX_POINT('',#1495);
#1495 = CARTESIAN_POINT('',(21.12,-26.1,0.));
#1496 = CIRCLE('',#1497,0.4);
#1497 = AXIS2_PLACEMENT_3D('',#1498,#1499,#1500);
#1498 = CARTESIAN_POINT('',(21.12,-25.7,0.));
#1499 = DIRECTION('',(-0.,0.,-1.));
#1500 = DIRECTION('',(8.881784197001E-15,-1.,-0.));
#1501 = FACE_BOUND('',#1502,.F.);
#1502 = EDGE_LOOP('',(#1503));
#1503 = ORIENTED_EDGE('',*,*,#1504,.T.);
#1504 = EDGE_CURVE('',#1505,#1505,#1507,.T.);
#1505 = VERTEX_POINT('',#1506);
#1506 = CARTESIAN_POINT('',(13.5,-22.9,0.));
#1507 = CIRCLE('',#1508,0.4);
#1508 = AXIS2_PLACEMENT_3D('',#1509,#1510,#1511);
#1509 = CARTESIAN_POINT('',(13.5,-22.5,0.));
#1510 = DIRECTION('',(-0.,0.,-1.));
#1511 = DIRECTION('',(-0.,-1.,0.));
#1512 = FACE_BOUND('',#1513,.F.);
#1513 = EDGE_LOOP('',(#1514));
#1514 = ORIENTED_EDGE('',*,*,#1515,.T.);
#1515 = EDGE_CURVE('',#1516,#1516,#1518,.T.);
#1516 = VERTEX_POINT('',#1517);
#1517 = CARTESIAN_POINT('',(21.12,-22.9,0.));
#1518 = CIRCLE('',#1519,0.4);
#1519 = AXIS2_PLACEMENT_3D('',#1520,#1521,#1522);
#1520 = CARTESIAN_POINT('',(21.12,-22.5,0.));
#1521 = DIRECTION('',(-0.,0.,-1.));
#1522 = DIRECTION('',(8.881784197001E-15,-1.,-0.));
#1523 = FACE_BOUND('',#1524,.F.);
#1524 = EDGE_LOOP('',(#1525));
#1525 = ORIENTED_EDGE('',*,*,#1526,.T.);
#1526 = EDGE_CURVE('',#1527,#1527,#1529,.T.);
#1527 = VERTEX_POINT('',#1528);
#1528 = CARTESIAN_POINT('',(2.,-21.4,0.));
#1529 = CIRCLE('',#1530,0.4);
#1530 = AXIS2_PLACEMENT_3D('',#1531,#1532,#1533);
#1531 = CARTESIAN_POINT('',(2.,-21.,0.));
#1532 = DIRECTION('',(-0.,0.,-1.));
#1533 = DIRECTION('',(-0.,-1.,0.));
#1534 = FACE_BOUND('',#1535,.F.);
#1535 = EDGE_LOOP('',(#1536));
#1536 = ORIENTED_EDGE('',*,*,#1537,.T.);
#1537 = EDGE_CURVE('',#1538,#1538,#1540,.T.);
#1538 = VERTEX_POINT('',#1539);
#1539 = CARTESIAN_POINT('',(9.62,-21.4,0.));
#1540 = CIRCLE('',#1541,0.4);
#1541 = AXIS2_PLACEMENT_3D('',#1542,#1543,#1544);
#1542 = CARTESIAN_POINT('',(9.62,-21.,0.));
#1543 = DIRECTION('',(-0.,0.,-1.));
#1544 = DIRECTION('',(-4.440892098501E-15,-1.,0.));
#1545 = FACE_BOUND('',#1546,.F.);
#1546 = EDGE_LOOP('',(#1547,#1558,#1566,#1575));
#1547 = ORIENTED_EDGE('',*,*,#1548,.T.);
#1548 = EDGE_CURVE('',#1549,#1551,#1553,.T.);
#1549 = VERTEX_POINT('',#1550);
#1550 = CARTESIAN_POINT('',(6.4,-16.6,0.));
#1551 = VERTEX_POINT('',#1552);
#1552 = CARTESIAN_POINT('',(6.4,-17.1,0.));
#1553 = CIRCLE('',#1554,0.25);
#1554 = AXIS2_PLACEMENT_3D('',#1555,#1556,#1557);
#1555 = CARTESIAN_POINT('',(6.4,-16.85,0.));
#1556 = DIRECTION('',(-0.,0.,-1.));
#1557 = DIRECTION('',(-0.,-1.,0.));
#1558 = ORIENTED_EDGE('',*,*,#1559,.T.);
#1559 = EDGE_CURVE('',#1551,#1560,#1562,.T.);
#1560 = VERTEX_POINT('',#1561);
#1561 = CARTESIAN_POINT('',(5.4,-17.1,0.));
#1562 = LINE('',#1563,#1564);
#1563 = CARTESIAN_POINT('',(2.7,-17.1,0.));
#1564 = VECTOR('',#1565,1.);
#1565 = DIRECTION('',(-1.,0.,0.));
#1566 = ORIENTED_EDGE('',*,*,#1567,.T.);
#1567 = EDGE_CURVE('',#1560,#1568,#1570,.T.);
#1568 = VERTEX_POINT('',#1569);
#1569 = CARTESIAN_POINT('',(5.4,-16.6,0.));
#1570 = CIRCLE('',#1571,0.25);
#1571 = AXIS2_PLACEMENT_3D('',#1572,#1573,#1574);
#1572 = CARTESIAN_POINT('',(5.4,-16.85,0.));
#1573 = DIRECTION('',(-0.,0.,-1.));
#1574 = DIRECTION('',(0.,1.,0.));
#1575 = ORIENTED_EDGE('',*,*,#1576,.T.);
#1576 = EDGE_CURVE('',#1568,#1549,#1577,.T.);
#1577 = LINE('',#1578,#1579);
#1578 = CARTESIAN_POINT('',(3.2,-16.6,0.));
#1579 = VECTOR('',#1580,1.);
#1580 = DIRECTION('',(1.,0.,-0.));
#1581 = FACE_BOUND('',#1582,.F.);
#1582 = EDGE_LOOP('',(#1583));
#1583 = ORIENTED_EDGE('',*,*,#1584,.T.);
#1584 = EDGE_CURVE('',#1585,#1585,#1587,.T.);
#1585 = VERTEX_POINT('',#1586);
#1586 = CARTESIAN_POINT('',(18.,-19.55,0.));
#1587 = CIRCLE('',#1588,0.55);
#1588 = AXIS2_PLACEMENT_3D('',#1589,#1590,#1591);
#1589 = CARTESIAN_POINT('',(18.,-19.,0.));
#1590 = DIRECTION('',(-0.,0.,-1.));
#1591 = DIRECTION('',(-0.,-1.,0.));
#1592 = FACE_BOUND('',#1593,.F.);
#1593 = EDGE_LOOP('',(#1594,#1605,#1613,#1622));
#1594 = ORIENTED_EDGE('',*,*,#1595,.T.);
#1595 = EDGE_CURVE('',#1596,#1598,#1600,.T.);
#1596 = VERTEX_POINT('',#1597);
#1597 = CARTESIAN_POINT('',(13.7,-16.7,0.));
#1598 = VERTEX_POINT('',#1599);
#1599 = CARTESIAN_POINT('',(12.9,-16.7,0.));
#1600 = CIRCLE('',#1601,0.4);
#1601 = AXIS2_PLACEMENT_3D('',#1602,#1603,#1604);
#1602 = CARTESIAN_POINT('',(13.3,-16.7,0.));
#1603 = DIRECTION('',(-0.,0.,-1.));
#1604 = DIRECTION('',(-1.,0.,0.));
#1605 = ORIENTED_EDGE('',*,*,#1606,.T.);
#1606 = EDGE_CURVE('',#1598,#1607,#1609,.T.);
#1607 = VERTEX_POINT('',#1608);
#1608 = CARTESIAN_POINT('',(12.9,-16.,0.));
#1609 = LINE('',#1610,#1611);
#1610 = CARTESIAN_POINT('',(12.9,-8.,0.));
#1611 = VECTOR('',#1612,1.);
#1612 = DIRECTION('',(-0.,1.,0.));
#1613 = ORIENTED_EDGE('',*,*,#1614,.T.);
#1614 = EDGE_CURVE('',#1607,#1615,#1617,.T.);
#1615 = VERTEX_POINT('',#1616);
#1616 = CARTESIAN_POINT('',(13.7,-16.,0.));
#1617 = CIRCLE('',#1618,0.4);
#1618 = AXIS2_PLACEMENT_3D('',#1619,#1620,#1621);
#1619 = CARTESIAN_POINT('',(13.3,-16.,0.));
#1620 = DIRECTION('',(0.,-0.,-1.));
#1621 = DIRECTION('',(1.,0.,-0.));
#1622 = ORIENTED_EDGE('',*,*,#1623,.T.);
#1623 = EDGE_CURVE('',#1615,#1596,#1624,.T.);
#1624 = LINE('',#1625,#1626);
#1625 = CARTESIAN_POINT('',(13.7,-8.35,0.));
#1626 = VECTOR('',#1627,1.);
#1627 = DIRECTION('',(0.,-1.,0.));
#1628 = FACE_BOUND('',#1629,.F.);
#1629 = EDGE_LOOP('',(#1630));
#1630 = ORIENTED_EDGE('',*,*,#1631,.T.);
#1631 = EDGE_CURVE('',#1632,#1632,#1634,.T.);
#1632 = VERTEX_POINT('',#1633);
#1633 = CARTESIAN_POINT('',(27.1,-24.4,0.));
#1634 = CIRCLE('',#1635,0.6);
#1635 = AXIS2_PLACEMENT_3D('',#1636,#1637,#1638);
#1636 = CARTESIAN_POINT('',(27.1,-23.8,0.));
#1637 = DIRECTION('',(-0.,0.,-1.));
#1638 = DIRECTION('',(-0.,-1.,0.));
#1639 = FACE_BOUND('',#1640,.F.);
#1640 = EDGE_LOOP('',(#1641));
#1641 = ORIENTED_EDGE('',*,*,#1642,.T.);
#1642 = EDGE_CURVE('',#1643,#1643,#1645,.T.);
#1643 = VERTEX_POINT('',#1644);
#1644 = CARTESIAN_POINT('',(33.57,-27.55,0.));
#1645 = CIRCLE('',#1646,0.5);
#1646 = AXIS2_PLACEMENT_3D('',#1647,#1648,#1649);
#1647 = CARTESIAN_POINT('',(33.57,-27.05,0.));
#1648 = DIRECTION('',(-0.,0.,-1.));
#1649 = DIRECTION('',(-0.,-1.,0.));
#1650 = FACE_BOUND('',#1651,.F.);
#1651 = EDGE_LOOP('',(#1652));
#1652 = ORIENTED_EDGE('',*,*,#1653,.T.);
#1653 = EDGE_CURVE('',#1654,#1654,#1656,.T.);
#1654 = VERTEX_POINT('',#1655);
#1655 = CARTESIAN_POINT('',(36.11,-27.55,0.));
#1656 = CIRCLE('',#1657,0.5);
#1657 = AXIS2_PLACEMENT_3D('',#1658,#1659,#1660);
#1658 = CARTESIAN_POINT('',(36.11,-27.05,0.));
#1659 = DIRECTION('',(-0.,0.,-1.));
#1660 = DIRECTION('',(-0.,-1.,0.));
#1661 = FACE_BOUND('',#1662,.F.);
#1662 = EDGE_LOOP('',(#1663));
#1663 = ORIENTED_EDGE('',*,*,#1664,.T.);
#1664 = EDGE_CURVE('',#1665,#1665,#1667,.T.);
#1665 = VERTEX_POINT('',#1666);
#1666 = CARTESIAN_POINT('',(33.57,-25.01,0.));
#1667 = CIRCLE('',#1668,0.5);
#1668 = AXIS2_PLACEMENT_3D('',#1669,#1670,#1671);
#1669 = CARTESIAN_POINT('',(33.57,-24.51,0.));
#1670 = DIRECTION('',(-0.,0.,-1.));
#1671 = DIRECTION('',(-0.,-1.,0.));
#1672 = FACE_BOUND('',#1673,.F.);
#1673 = EDGE_LOOP('',(#1674));
#1674 = ORIENTED_EDGE('',*,*,#1675,.T.);
#1675 = EDGE_CURVE('',#1676,#1676,#1678,.T.);
#1676 = VERTEX_POINT('',#1677);
#1677 = CARTESIAN_POINT('',(36.11,-25.01,0.));
#1678 = CIRCLE('',#1679,0.5);
#1679 = AXIS2_PLACEMENT_3D('',#1680,#1681,#1682);
#1680 = CARTESIAN_POINT('',(36.11,-24.51,0.));
#1681 = DIRECTION('',(-0.,0.,-1.));
#1682 = DIRECTION('',(-0.,-1.,0.));
#1683 = FACE_BOUND('',#1684,.F.);
#1684 = EDGE_LOOP('',(#1685));
#1685 = ORIENTED_EDGE('',*,*,#1686,.T.);
#1686 = EDGE_CURVE('',#1687,#1687,#1689,.T.);
#1687 = VERTEX_POINT('',#1688);
#1688 = CARTESIAN_POINT('',(33.57,-22.47,0.));
#1689 = CIRCLE('',#1690,0.5);
#1690 = AXIS2_PLACEMENT_3D('',#1691,#1692,#1693);
#1691 = CARTESIAN_POINT('',(33.57,-21.97,0.));
#1692 = DIRECTION('',(-0.,0.,-1.));
#1693 = DIRECTION('',(-0.,-1.,0.));
#1694 = FACE_BOUND('',#1695,.F.);
#1695 = EDGE_LOOP('',(#1696));
#1696 = ORIENTED_EDGE('',*,*,#1697,.T.);
#1697 = EDGE_CURVE('',#1698,#1698,#1700,.T.);
#1698 = VERTEX_POINT('',#1699);
#1699 = CARTESIAN_POINT('',(36.11,-22.47,0.));
#1700 = CIRCLE('',#1701,0.5);
#1701 = AXIS2_PLACEMENT_3D('',#1702,#1703,#1704);
#1702 = CARTESIAN_POINT('',(36.11,-21.97,0.));
#1703 = DIRECTION('',(-0.,0.,-1.));
#1704 = DIRECTION('',(-0.,-1.,0.));
#1705 = FACE_BOUND('',#1706,.F.);
#1706 = EDGE_LOOP('',(#1707));
#1707 = ORIENTED_EDGE('',*,*,#1708,.T.);
#1708 = EDGE_CURVE('',#1709,#1709,#1711,.T.);
#1709 = VERTEX_POINT('',#1710);
#1710 = CARTESIAN_POINT('',(24.5,-19.55,0.));
#1711 = CIRCLE('',#1712,0.55);
#1712 = AXIS2_PLACEMENT_3D('',#1713,#1714,#1715);
#1713 = CARTESIAN_POINT('',(24.5,-19.,0.));
#1714 = DIRECTION('',(-0.,0.,-1.));
#1715 = DIRECTION('',(-0.,-1.,0.));
#1716 = FACE_BOUND('',#1717,.F.);
#1717 = EDGE_LOOP('',(#1718));
#1718 = ORIENTED_EDGE('',*,*,#1719,.T.);
#1719 = EDGE_CURVE('',#1720,#1720,#1722,.T.);
#1720 = VERTEX_POINT('',#1721);
#1721 = CARTESIAN_POINT('',(33.57,-19.93,0.));
#1722 = CIRCLE('',#1723,0.5);
#1723 = AXIS2_PLACEMENT_3D('',#1724,#1725,#1726);
#1724 = CARTESIAN_POINT('',(33.57,-19.43,0.));
#1725 = DIRECTION('',(-0.,0.,-1.));
#1726 = DIRECTION('',(-0.,-1.,0.));
#1727 = FACE_BOUND('',#1728,.F.);
#1728 = EDGE_LOOP('',(#1729));
#1729 = ORIENTED_EDGE('',*,*,#1730,.T.);
#1730 = EDGE_CURVE('',#1731,#1731,#1733,.T.);
#1731 = VERTEX_POINT('',#1732);
#1732 = CARTESIAN_POINT('',(36.11,-19.93,0.));
#1733 = CIRCLE('',#1734,0.5);
#1734 = AXIS2_PLACEMENT_3D('',#1735,#1736,#1737);
#1735 = CARTESIAN_POINT('',(36.11,-19.43,0.));
#1736 = DIRECTION('',(-0.,0.,-1.));
#1737 = DIRECTION('',(-0.,-1.,0.));
#1738 = FACE_BOUND('',#1739,.F.);
#1739 = EDGE_LOOP('',(#1740));
#1740 = ORIENTED_EDGE('',*,*,#1741,.T.);
#1741 = EDGE_CURVE('',#1742,#1742,#1744,.T.);
#1742 = VERTEX_POINT('',#1743);
#1743 = CARTESIAN_POINT('',(33.57,-17.39,0.));
#1744 = CIRCLE('',#1745,0.5);
#1745 = AXIS2_PLACEMENT_3D('',#1746,#1747,#1748);
#1746 = CARTESIAN_POINT('',(33.57,-16.89,0.));
#1747 = DIRECTION('',(-0.,0.,-1.));
#1748 = DIRECTION('',(-0.,-1.,0.));
#1749 = FACE_BOUND('',#1750,.F.);
#1750 = EDGE_LOOP('',(#1751));
#1751 = ORIENTED_EDGE('',*,*,#1752,.T.);
#1752 = EDGE_CURVE('',#1753,#1753,#1755,.T.);
#1753 = VERTEX_POINT('',#1754);
#1754 = CARTESIAN_POINT('',(36.11,-17.39,0.));
#1755 = CIRCLE('',#1756,0.5);
#1756 = AXIS2_PLACEMENT_3D('',#1757,#1758,#1759);
#1757 = CARTESIAN_POINT('',(36.11,-16.89,0.));
#1758 = DIRECTION('',(-0.,0.,-1.));
#1759 = DIRECTION('',(-0.,-1.,0.));
#1760 = FACE_BOUND('',#1761,.F.);
#1761 = EDGE_LOOP('',(#1762,#1773,#1781,#1790));
#1762 = ORIENTED_EDGE('',*,*,#1763,.T.);
#1763 = EDGE_CURVE('',#1764,#1766,#1768,.T.);
#1764 = VERTEX_POINT('',#1765);
#1765 = CARTESIAN_POINT('',(2.3,-12.7,0.));
#1766 = VERTEX_POINT('',#1767);
#1767 = CARTESIAN_POINT('',(1.5,-12.7,0.));
#1768 = CIRCLE('',#1769,0.4);
#1769 = AXIS2_PLACEMENT_3D('',#1770,#1771,#1772);
#1770 = CARTESIAN_POINT('',(1.9,-12.7,0.));
#1771 = DIRECTION('',(-0.,0.,-1.));
#1772 = DIRECTION('',(-1.,0.,0.));
#1773 = ORIENTED_EDGE('',*,*,#1774,.T.);
#1774 = EDGE_CURVE('',#1766,#1775,#1777,.T.);
#1775 = VERTEX_POINT('',#1776);
#1776 = CARTESIAN_POINT('',(1.5,-12.,0.));
#1777 = LINE('',#1778,#1779);
#1778 = CARTESIAN_POINT('',(1.5,-6.,0.));
#1779 = VECTOR('',#1780,1.);
#1780 = DIRECTION('',(-0.,1.,0.));
#1781 = ORIENTED_EDGE('',*,*,#1782,.T.);
#1782 = EDGE_CURVE('',#1775,#1783,#1785,.T.);
#1783 = VERTEX_POINT('',#1784);
#1784 = CARTESIAN_POINT('',(2.3,-12.,0.));
#1785 = CIRCLE('',#1786,0.4);
#1786 = AXIS2_PLACEMENT_3D('',#1787,#1788,#1789);
#1787 = CARTESIAN_POINT('',(1.9,-12.,0.));
#1788 = DIRECTION('',(0.,-0.,-1.));
#1789 = DIRECTION('',(1.,0.,-0.));
#1790 = ORIENTED_EDGE('',*,*,#1791,.T.);
#1791 = EDGE_CURVE('',#1783,#1764,#1792,.T.);
#1792 = LINE('',#1793,#1794);
#1793 = CARTESIAN_POINT('',(2.3,-6.35,0.));
#1794 = VECTOR('',#1795,1.);
#1795 = DIRECTION('',(0.,-1.,0.));
#1796 = FACE_BOUND('',#1797,.F.);
#1797 = EDGE_LOOP('',(#1798,#1809,#1817,#1826));
#1798 = ORIENTED_EDGE('',*,*,#1799,.T.);
#1799 = EDGE_CURVE('',#1800,#1802,#1804,.T.);
#1800 = VERTEX_POINT('',#1801);
#1801 = CARTESIAN_POINT('',(9.25,-9.45,0.));
#1802 = VERTEX_POINT('',#1803);
#1803 = CARTESIAN_POINT('',(9.25,-10.25,0.));
#1804 = CIRCLE('',#1805,0.4);
#1805 = AXIS2_PLACEMENT_3D('',#1806,#1807,#1808);
#1806 = CARTESIAN_POINT('',(9.25,-9.85,0.));
#1807 = DIRECTION('',(-0.,0.,-1.));
#1808 = DIRECTION('',(4.440892098501E-15,-1.,-0.));
#1809 = ORIENTED_EDGE('',*,*,#1810,.T.);
#1810 = EDGE_CURVE('',#1802,#1811,#1813,.T.);
#1811 = VERTEX_POINT('',#1812);
#1812 = CARTESIAN_POINT('',(8.55,-10.25,0.));
#1813 = LINE('',#1814,#1815);
#1814 = CARTESIAN_POINT('',(4.275,-10.25,0.));
#1815 = VECTOR('',#1816,1.);
#1816 = DIRECTION('',(-1.,0.,0.));
#1817 = ORIENTED_EDGE('',*,*,#1818,.T.);
#1818 = EDGE_CURVE('',#1811,#1819,#1821,.T.);
#1819 = VERTEX_POINT('',#1820);
#1820 = CARTESIAN_POINT('',(8.55,-9.45,0.));
#1821 = CIRCLE('',#1822,0.4);
#1822 = AXIS2_PLACEMENT_3D('',#1823,#1824,#1825);
#1823 = CARTESIAN_POINT('',(8.55,-9.85,0.));
#1824 = DIRECTION('',(-0.,0.,-1.));
#1825 = DIRECTION('',(-4.440892098501E-15,1.,0.));
#1826 = ORIENTED_EDGE('',*,*,#1827,.T.);
#1827 = EDGE_CURVE('',#1819,#1800,#1828,.T.);
#1828 = LINE('',#1829,#1830);
#1829 = CARTESIAN_POINT('',(4.625,-9.45,0.));
#1830 = VECTOR('',#1831,1.);
#1831 = DIRECTION('',(1.,0.,-0.));
#1832 = FACE_BOUND('',#1833,.F.);
#1833 = EDGE_LOOP('',(#1834));
#1834 = ORIENTED_EDGE('',*,*,#1835,.T.);
#1835 = EDGE_CURVE('',#1836,#1836,#1838,.T.);
#1836 = VERTEX_POINT('',#1837);
#1837 = CARTESIAN_POINT('',(18.,-15.05,0.));
#1838 = CIRCLE('',#1839,0.55);
#1839 = AXIS2_PLACEMENT_3D('',#1840,#1841,#1842);
#1840 = CARTESIAN_POINT('',(18.,-14.5,0.));
#1841 = DIRECTION('',(-0.,0.,-1.));
#1842 = DIRECTION('',(-0.,-1.,0.));
#1843 = FACE_BOUND('',#1844,.F.);
#1844 = EDGE_LOOP('',(#1845));
#1845 = ORIENTED_EDGE('',*,*,#1846,.T.);
#1846 = EDGE_CURVE('',#1847,#1847,#1849,.T.);
#1847 = VERTEX_POINT('',#1848);
#1848 = CARTESIAN_POINT('',(18.,-11.55,0.));
#1849 = CIRCLE('',#1850,0.55);
#1850 = AXIS2_PLACEMENT_3D('',#1851,#1852,#1853);
#1851 = CARTESIAN_POINT('',(18.,-11.,0.));
#1852 = DIRECTION('',(-0.,0.,-1.));
#1853 = DIRECTION('',(-0.,-1.,0.));
#1854 = FACE_BOUND('',#1855,.F.);
#1855 = EDGE_LOOP('',(#1856,#1867,#1875,#1884));
#1856 = ORIENTED_EDGE('',*,*,#1857,.T.);
#1857 = EDGE_CURVE('',#1858,#1860,#1862,.T.);
#1858 = VERTEX_POINT('',#1859);
#1859 = CARTESIAN_POINT('',(10.4,-6.9,0.));
#1860 = VERTEX_POINT('',#1861);
#1861 = CARTESIAN_POINT('',(10.4,-7.4,0.));
#1862 = CIRCLE('',#1863,0.25);
#1863 = AXIS2_PLACEMENT_3D('',#1864,#1865,#1866);
#1864 = CARTESIAN_POINT('',(10.4,-7.15,0.));
#1865 = DIRECTION('',(-0.,0.,-1.));
#1866 = DIRECTION('',(-0.,-1.,0.));
#1867 = ORIENTED_EDGE('',*,*,#1868,.T.);
#1868 = EDGE_CURVE('',#1860,#1869,#1871,.T.);
#1869 = VERTEX_POINT('',#1870);
#1870 = CARTESIAN_POINT('',(9.4,-7.4,0.));
#1871 = LINE('',#1872,#1873);
#1872 = CARTESIAN_POINT('',(4.7,-7.4,0.));
#1873 = VECTOR('',#1874,1.);
#1874 = DIRECTION('',(-1.,0.,0.));
#1875 = ORIENTED_EDGE('',*,*,#1876,.T.);
#1876 = EDGE_CURVE('',#1869,#1877,#1879,.T.);
#1877 = VERTEX_POINT('',#1878);
#1878 = CARTESIAN_POINT('',(9.4,-6.9,0.));
#1879 = CIRCLE('',#1880,0.25);
#1880 = AXIS2_PLACEMENT_3D('',#1881,#1882,#1883);
#1881 = CARTESIAN_POINT('',(9.4,-7.15,0.));
#1882 = DIRECTION('',(-0.,0.,-1.));
#1883 = DIRECTION('',(0.,1.,0.));
#1884 = ORIENTED_EDGE('',*,*,#1885,.T.);
#1885 = EDGE_CURVE('',#1877,#1858,#1886,.T.);
#1886 = LINE('',#1887,#1888);
#1887 = CARTESIAN_POINT('',(5.2,-6.9,0.));
#1888 = VECTOR('',#1889,1.);
#1889 = DIRECTION('',(1.,0.,-0.));
#1890 = FACE_BOUND('',#1891,.F.);
#1891 = EDGE_LOOP('',(#1892));
#1892 = ORIENTED_EDGE('',*,*,#1893,.T.);
#1893 = EDGE_CURVE('',#1894,#1894,#1896,.T.);
#1894 = VERTEX_POINT('',#1895);
#1895 = CARTESIAN_POINT('',(18.,-7.05,0.));
#1896 = CIRCLE('',#1897,0.55);
#1897 = AXIS2_PLACEMENT_3D('',#1898,#1899,#1900);
#1898 = CARTESIAN_POINT('',(18.,-6.5,0.));
#1899 = DIRECTION('',(-0.,0.,-1.));
#1900 = DIRECTION('',(-0.,-1.,0.));
#1901 = FACE_BOUND('',#1902,.F.);
#1902 = EDGE_LOOP('',(#1903));
#1903 = ORIENTED_EDGE('',*,*,#1904,.T.);
#1904 = EDGE_CURVE('',#1905,#1905,#1907,.T.);
#1905 = VERTEX_POINT('',#1906);
#1906 = CARTESIAN_POINT('',(24.5,-15.05,0.));
#1907 = CIRCLE('',#1908,0.55);
#1908 = AXIS2_PLACEMENT_3D('',#1909,#1910,#1911);
#1909 = CARTESIAN_POINT('',(24.5,-14.5,0.));
#1910 = DIRECTION('',(-0.,0.,-1.));
#1911 = DIRECTION('',(-0.,-1.,0.));
#1912 = FACE_BOUND('',#1913,.F.);
#1913 = EDGE_LOOP('',(#1914));
#1914 = ORIENTED_EDGE('',*,*,#1915,.T.);
#1915 = EDGE_CURVE('',#1916,#1916,#1918,.T.);
#1916 = VERTEX_POINT('',#1917);
#1917 = CARTESIAN_POINT('',(24.5,-11.55,0.));
#1918 = CIRCLE('',#1919,0.55);
#1919 = AXIS2_PLACEMENT_3D('',#1920,#1921,#1922);
#1920 = CARTESIAN_POINT('',(24.5,-11.,0.));
#1921 = DIRECTION('',(-0.,0.,-1.));
#1922 = DIRECTION('',(-0.,-1.,0.));
#1923 = FACE_BOUND('',#1924,.F.);
#1924 = EDGE_LOOP('',(#1925));
#1925 = ORIENTED_EDGE('',*,*,#1926,.T.);
#1926 = EDGE_CURVE('',#1927,#1927,#1929,.T.);
#1927 = VERTEX_POINT('',#1928);
#1928 = CARTESIAN_POINT('',(33.57,-14.85,0.));
#1929 = CIRCLE('',#1930,0.5);
#1930 = AXIS2_PLACEMENT_3D('',#1931,#1932,#1933);
#1931 = CARTESIAN_POINT('',(33.57,-14.35,0.));
#1932 = DIRECTION('',(-0.,0.,-1.));
#1933 = DIRECTION('',(-0.,-1.,0.));
#1934 = FACE_BOUND('',#1935,.F.);
#1935 = EDGE_LOOP('',(#1936));
#1936 = ORIENTED_EDGE('',*,*,#1937,.T.);
#1937 = EDGE_CURVE('',#1938,#1938,#1940,.T.);
#1938 = VERTEX_POINT('',#1939);
#1939 = CARTESIAN_POINT('',(36.11,-14.85,0.));
#1940 = CIRCLE('',#1941,0.5);
#1941 = AXIS2_PLACEMENT_3D('',#1942,#1943,#1944);
#1942 = CARTESIAN_POINT('',(36.11,-14.35,0.));
#1943 = DIRECTION('',(-0.,0.,-1.));
#1944 = DIRECTION('',(-0.,-1.,0.));
#1945 = FACE_BOUND('',#1946,.F.);
#1946 = EDGE_LOOP('',(#1947));
#1947 = ORIENTED_EDGE('',*,*,#1948,.T.);
#1948 = EDGE_CURVE('',#1949,#1949,#1951,.T.);
#1949 = VERTEX_POINT('',#1950);
#1950 = CARTESIAN_POINT('',(33.57,-12.31,0.));
#1951 = CIRCLE('',#1952,0.5);
#1952 = AXIS2_PLACEMENT_3D('',#1953,#1954,#1955);
#1953 = CARTESIAN_POINT('',(33.57,-11.81,0.));
#1954 = DIRECTION('',(-0.,0.,-1.));
#1955 = DIRECTION('',(-0.,-1.,0.));
#1956 = FACE_BOUND('',#1957,.F.);
#1957 = EDGE_LOOP('',(#1958));
#1958 = ORIENTED_EDGE('',*,*,#1959,.T.);
#1959 = EDGE_CURVE('',#1960,#1960,#1962,.T.);
#1960 = VERTEX_POINT('',#1961);
#1961 = CARTESIAN_POINT('',(36.11,-12.31,0.));
#1962 = CIRCLE('',#1963,0.5);
#1963 = AXIS2_PLACEMENT_3D('',#1964,#1965,#1966);
#1964 = CARTESIAN_POINT('',(36.11,-11.81,0.));
#1965 = DIRECTION('',(-0.,0.,-1.));
#1966 = DIRECTION('',(-0.,-1.,0.));
#1967 = FACE_BOUND('',#1968,.F.);
#1968 = EDGE_LOOP('',(#1969));
#1969 = ORIENTED_EDGE('',*,*,#1970,.T.);
#1970 = EDGE_CURVE('',#1971,#1971,#1973,.T.);
#1971 = VERTEX_POINT('',#1972);
#1972 = CARTESIAN_POINT('',(38.65,-12.31,0.));
#1973 = CIRCLE('',#1974,0.5);
#1974 = AXIS2_PLACEMENT_3D('',#1975,#1976,#1977);
#1975 = CARTESIAN_POINT('',(38.65,-11.81,0.));
#1976 = DIRECTION('',(-0.,0.,-1.));
#1977 = DIRECTION('',(-0.,-1.,0.));
#1978 = FACE_BOUND('',#1979,.F.);
#1979 = EDGE_LOOP('',(#1980));
#1980 = ORIENTED_EDGE('',*,*,#1981,.T.);
#1981 = EDGE_CURVE('',#1982,#1982,#1984,.T.);
#1982 = VERTEX_POINT('',#1983);
#1983 = CARTESIAN_POINT('',(41.19,-12.31,0.));
#1984 = CIRCLE('',#1985,0.5);
#1985 = AXIS2_PLACEMENT_3D('',#1986,#1987,#1988);
#1986 = CARTESIAN_POINT('',(41.19,-11.81,0.));
#1987 = DIRECTION('',(-0.,0.,-1.));
#1988 = DIRECTION('',(-0.,-1.,0.));
#1989 = FACE_BOUND('',#1990,.F.);
#1990 = EDGE_LOOP('',(#1991));
#1991 = ORIENTED_EDGE('',*,*,#1992,.T.);
#1992 = EDGE_CURVE('',#1993,#1993,#1995,.T.);
#1993 = VERTEX_POINT('',#1994);
#1994 = CARTESIAN_POINT('',(33.57,-9.77,0.));
#1995 = CIRCLE('',#1996,0.5);
#1996 = AXIS2_PLACEMENT_3D('',#1997,#1998,#1999);
#1997 = CARTESIAN_POINT('',(33.57,-9.27,0.));
#1998 = DIRECTION('',(-0.,0.,-1.));
#1999 = DIRECTION('',(-0.,-1.,0.));
#2000 = FACE_BOUND('',#2001,.F.);
#2001 = EDGE_LOOP('',(#2002));
#2002 = ORIENTED_EDGE('',*,*,#2003,.T.);
#2003 = EDGE_CURVE('',#2004,#2004,#2006,.T.);
#2004 = VERTEX_POINT('',#2005);
#2005 = CARTESIAN_POINT('',(36.11,-9.77,0.));
#2006 = CIRCLE('',#2007,0.5);
#2007 = AXIS2_PLACEMENT_3D('',#2008,#2009,#2010);
#2008 = CARTESIAN_POINT('',(36.11,-9.27,0.));
#2009 = DIRECTION('',(-0.,0.,-1.));
#2010 = DIRECTION('',(-0.,-1.,0.));
#2011 = FACE_BOUND('',#2012,.F.);
#2012 = EDGE_LOOP('',(#2013));
#2013 = ORIENTED_EDGE('',*,*,#2014,.T.);
#2014 = EDGE_CURVE('',#2015,#2015,#2017,.T.);
#2015 = VERTEX_POINT('',#2016);
#2016 = CARTESIAN_POINT('',(38.65,-9.77,0.));
#2017 = CIRCLE('',#2018,0.5);
#2018 = AXIS2_PLACEMENT_3D('',#2019,#2020,#2021);
#2019 = CARTESIAN_POINT('',(38.65,-9.27,0.));
#2020 = DIRECTION('',(-0.,0.,-1.));
#2021 = DIRECTION('',(-0.,-1.,0.));
#2022 = FACE_BOUND('',#2023,.F.);
#2023 = EDGE_LOOP('',(#2024));
#2024 = ORIENTED_EDGE('',*,*,#2025,.T.);
#2025 = EDGE_CURVE('',#2026,#2026,#2028,.T.);
#2026 = VERTEX_POINT('',#2027);
#2027 = CARTESIAN_POINT('',(41.19,-9.77,0.));
#2028 = CIRCLE('',#2029,0.5);
#2029 = AXIS2_PLACEMENT_3D('',#2030,#2031,#2032);
#2030 = CARTESIAN_POINT('',(41.19,-9.27,0.));
#2031 = DIRECTION('',(-0.,0.,-1.));
#2032 = DIRECTION('',(-0.,-1.,0.));
#2033 = FACE_BOUND('',#2034,.F.);
#2034 = EDGE_LOOP('',(#2035));
#2035 = ORIENTED_EDGE('',*,*,#2036,.T.);
#2036 = EDGE_CURVE('',#2037,#2037,#2039,.T.);
#2037 = VERTEX_POINT('',#2038);
#2038 = CARTESIAN_POINT('',(24.5,-7.05,0.));
#2039 = CIRCLE('',#2040,0.55);
#2040 = AXIS2_PLACEMENT_3D('',#2041,#2042,#2043);
#2041 = CARTESIAN_POINT('',(24.5,-6.5,0.));
#2042 = DIRECTION('',(-0.,0.,-1.));
#2043 = DIRECTION('',(-0.,-1.,0.));
#2044 = FACE_BOUND('',#2045,.F.);
#2045 = EDGE_LOOP('',(#2046));
#2046 = ORIENTED_EDGE('',*,*,#2047,.T.);
#2047 = EDGE_CURVE('',#2048,#2048,#2050,.T.);
#2048 = VERTEX_POINT('',#2049);
#2049 = CARTESIAN_POINT('',(27.5,-2.8,0.));
#2050 = CIRCLE('',#2051,0.5);
#2051 = AXIS2_PLACEMENT_3D('',#2052,#2053,#2054);
#2052 = CARTESIAN_POINT('',(27.5,-2.3,0.));
#2053 = DIRECTION('',(-0.,0.,-1.));
#2054 = DIRECTION('',(-0.,-1.,0.));
#2055 = FACE_BOUND('',#2056,.F.);
#2056 = EDGE_LOOP('',(#2057));
#2057 = ORIENTED_EDGE('',*,*,#2058,.T.);
#2058 = EDGE_CURVE('',#2059,#2059,#2061,.T.);
#2059 = VERTEX_POINT('',#2060);
#2060 = CARTESIAN_POINT('',(30.04,-2.8,0.));
#2061 = CIRCLE('',#2062,0.5);
#2062 = AXIS2_PLACEMENT_3D('',#2063,#2064,#2065);
#2063 = CARTESIAN_POINT('',(30.04,-2.3,0.));
#2064 = DIRECTION('',(-0.,0.,-1.));
#2065 = DIRECTION('',(-0.,-1.,0.));
#2066 = FACE_BOUND('',#2067,.F.);
#2067 = EDGE_LOOP('',(#2068));
#2068 = ORIENTED_EDGE('',*,*,#2069,.T.);
#2069 = EDGE_CURVE('',#2070,#2070,#2072,.T.);
#2070 = VERTEX_POINT('',#2071);
#2071 = CARTESIAN_POINT('',(32.58,-2.8,0.));
#2072 = CIRCLE('',#2073,0.5);
#2073 = AXIS2_PLACEMENT_3D('',#2074,#2075,#2076);
#2074 = CARTESIAN_POINT('',(32.58,-2.3,0.));
#2075 = DIRECTION('',(-0.,0.,-1.));
#2076 = DIRECTION('',(-0.,-1.,0.));
#2077 = FACE_BOUND('',#2078,.F.);
#2078 = EDGE_LOOP('',(#2079));
#2079 = ORIENTED_EDGE('',*,*,#2080,.T.);
#2080 = EDGE_CURVE('',#2081,#2081,#2083,.T.);
#2081 = VERTEX_POINT('',#2082);
#2082 = CARTESIAN_POINT('',(40.,-3.2,0.));
#2083 = CIRCLE('',#2084,0.5);
#2084 = AXIS2_PLACEMENT_3D('',#2085,#2086,#2087);
#2085 = CARTESIAN_POINT('',(40.,-2.7,0.));
#2086 = DIRECTION('',(-0.,0.,-1.));
#2087 = DIRECTION('',(-0.,-1.,0.));
#2088 = FACE_BOUND('',#2089,.F.);
#2089 = EDGE_LOOP('',(#2090));
#2090 = ORIENTED_EDGE('',*,*,#2091,.T.);
#2091 = EDGE_CURVE('',#2092,#2092,#2094,.T.);
#2092 = VERTEX_POINT('',#2093);
#2093 = CARTESIAN_POINT('',(53.89,-27.55,0.));
#2094 = CIRCLE('',#2095,0.5);
#2095 = AXIS2_PLACEMENT_3D('',#2096,#2097,#2098);
#2096 = CARTESIAN_POINT('',(53.89,-27.05,0.));
#2097 = DIRECTION('',(-0.,0.,-1.));
#2098 = DIRECTION('',(-0.,-1.,0.));
#2099 = FACE_BOUND('',#2100,.F.);
#2100 = EDGE_LOOP('',(#2101));
#2101 = ORIENTED_EDGE('',*,*,#2102,.T.);
#2102 = EDGE_CURVE('',#2103,#2103,#2105,.T.);
#2103 = VERTEX_POINT('',#2104);
#2104 = CARTESIAN_POINT('',(56.43,-27.55,0.));
#2105 = CIRCLE('',#2106,0.5);
#2106 = AXIS2_PLACEMENT_3D('',#2107,#2108,#2109);
#2107 = CARTESIAN_POINT('',(56.43,-27.05,0.));
#2108 = DIRECTION('',(-0.,0.,-1.));
#2109 = DIRECTION('',(-0.,-1.,0.));
#2110 = FACE_BOUND('',#2111,.F.);
#2111 = EDGE_LOOP('',(#2112));
#2112 = ORIENTED_EDGE('',*,*,#2113,.T.);
#2113 = EDGE_CURVE('',#2114,#2114,#2116,.T.);
#2114 = VERTEX_POINT('',#2115);
#2115 = CARTESIAN_POINT('',(53.89,-25.01,0.));
#2116 = CIRCLE('',#2117,0.5);
#2117 = AXIS2_PLACEMENT_3D('',#2118,#2119,#2120);
#2118 = CARTESIAN_POINT('',(53.89,-24.51,0.));
#2119 = DIRECTION('',(-0.,0.,-1.));
#2120 = DIRECTION('',(-0.,-1.,0.));
#2121 = FACE_BOUND('',#2122,.F.);
#2122 = EDGE_LOOP('',(#2123));
#2123 = ORIENTED_EDGE('',*,*,#2124,.T.);
#2124 = EDGE_CURVE('',#2125,#2125,#2127,.T.);
#2125 = VERTEX_POINT('',#2126);
#2126 = CARTESIAN_POINT('',(56.43,-25.01,0.));
#2127 = CIRCLE('',#2128,0.5);
#2128 = AXIS2_PLACEMENT_3D('',#2129,#2130,#2131);
#2129 = CARTESIAN_POINT('',(56.43,-24.51,0.));
#2130 = DIRECTION('',(-0.,0.,-1.));
#2131 = DIRECTION('',(-0.,-1.,0.));
#2132 = FACE_BOUND('',#2133,.F.);
#2133 = EDGE_LOOP('',(#2134));
#2134 = ORIENTED_EDGE('',*,*,#2135,.T.);
#2135 = EDGE_CURVE('',#2136,#2136,#2138,.T.);
#2136 = VERTEX_POINT('',#2137);
#2137 = CARTESIAN_POINT('',(53.89,-22.47,0.));
#2138 = CIRCLE('',#2139,0.5);
#2139 = AXIS2_PLACEMENT_3D('',#2140,#2141,#2142);
#2140 = CARTESIAN_POINT('',(53.89,-21.97,0.));
#2141 = DIRECTION('',(-0.,0.,-1.));
#2142 = DIRECTION('',(-0.,-1.,0.));
#2143 = FACE_BOUND('',#2144,.F.);
#2144 = EDGE_LOOP('',(#2145));
#2145 = ORIENTED_EDGE('',*,*,#2146,.T.);
#2146 = EDGE_CURVE('',#2147,#2147,#2149,.T.);
#2147 = VERTEX_POINT('',#2148);
#2148 = CARTESIAN_POINT('',(56.43,-22.47,0.));
#2149 = CIRCLE('',#2150,0.5);
#2150 = AXIS2_PLACEMENT_3D('',#2151,#2152,#2153);
#2151 = CARTESIAN_POINT('',(56.43,-21.97,0.));
#2152 = DIRECTION('',(-0.,0.,-1.));
#2153 = DIRECTION('',(-0.,-1.,0.));
#2154 = FACE_BOUND('',#2155,.F.);
#2155 = EDGE_LOOP('',(#2156));
#2156 = ORIENTED_EDGE('',*,*,#2157,.T.);
#2157 = EDGE_CURVE('',#2158,#2158,#2160,.T.);
#2158 = VERTEX_POINT('',#2159);
#2159 = CARTESIAN_POINT('',(53.89,-19.93,0.));
#2160 = CIRCLE('',#2161,0.5);
#2161 = AXIS2_PLACEMENT_3D('',#2162,#2163,#2164);
#2162 = CARTESIAN_POINT('',(53.89,-19.43,0.));
#2163 = DIRECTION('',(-0.,0.,-1.));
#2164 = DIRECTION('',(-0.,-1.,0.));
#2165 = FACE_BOUND('',#2166,.F.);
#2166 = EDGE_LOOP('',(#2167));
#2167 = ORIENTED_EDGE('',*,*,#2168,.T.);
#2168 = EDGE_CURVE('',#2169,#2169,#2171,.T.);
#2169 = VERTEX_POINT('',#2170);
#2170 = CARTESIAN_POINT('',(56.43,-19.93,0.));
#2171 = CIRCLE('',#2172,0.5);
#2172 = AXIS2_PLACEMENT_3D('',#2173,#2174,#2175);
#2173 = CARTESIAN_POINT('',(56.43,-19.43,0.));
#2174 = DIRECTION('',(-0.,0.,-1.));
#2175 = DIRECTION('',(-0.,-1.,0.));
#2176 = FACE_BOUND('',#2177,.F.);
#2177 = EDGE_LOOP('',(#2178));
#2178 = ORIENTED_EDGE('',*,*,#2179,.T.);
#2179 = EDGE_CURVE('',#2180,#2180,#2182,.T.);
#2180 = VERTEX_POINT('',#2181);
#2181 = CARTESIAN_POINT('',(53.89,-17.39,0.));
#2182 = CIRCLE('',#2183,0.5);
#2183 = AXIS2_PLACEMENT_3D('',#2184,#2185,#2186);
#2184 = CARTESIAN_POINT('',(53.89,-16.89,0.));
#2185 = DIRECTION('',(-0.,0.,-1.));
#2186 = DIRECTION('',(-0.,-1.,0.));
#2187 = FACE_BOUND('',#2188,.F.);
#2188 = EDGE_LOOP('',(#2189));
#2189 = ORIENTED_EDGE('',*,*,#2190,.T.);
#2190 = EDGE_CURVE('',#2191,#2191,#2193,.T.);
#2191 = VERTEX_POINT('',#2192);
#2192 = CARTESIAN_POINT('',(56.43,-17.39,0.));
#2193 = CIRCLE('',#2194,0.5);
#2194 = AXIS2_PLACEMENT_3D('',#2195,#2196,#2197);
#2195 = CARTESIAN_POINT('',(56.43,-16.89,0.));
#2196 = DIRECTION('',(-0.,0.,-1.));
#2197 = DIRECTION('',(-0.,-1.,0.));
#2198 = FACE_BOUND('',#2199,.F.);
#2199 = EDGE_LOOP('',(#2200));
#2200 = ORIENTED_EDGE('',*,*,#2201,.T.);
#2201 = EDGE_CURVE('',#2202,#2202,#2204,.T.);
#2202 = VERTEX_POINT('',#2203);
#2203 = CARTESIAN_POINT('',(64.,-27.68,0.));
#2204 = CIRCLE('',#2205,0.4);
#2205 = AXIS2_PLACEMENT_3D('',#2206,#2207,#2208);
#2206 = CARTESIAN_POINT('',(64.,-27.28,0.));
#2207 = DIRECTION('',(-0.,0.,-1.));
#2208 = DIRECTION('',(-0.,-1.,0.));
#2209 = FACE_BOUND('',#2210,.F.);
#2210 = EDGE_LOOP('',(#2211));
#2211 = ORIENTED_EDGE('',*,*,#2212,.T.);
#2212 = EDGE_CURVE('',#2213,#2213,#2215,.T.);
#2213 = VERTEX_POINT('',#2214);
#2214 = CARTESIAN_POINT('',(64.,-25.14,0.));
#2215 = CIRCLE('',#2216,0.4);
#2216 = AXIS2_PLACEMENT_3D('',#2217,#2218,#2219);
#2217 = CARTESIAN_POINT('',(64.,-24.74,0.));
#2218 = DIRECTION('',(-0.,0.,-1.));
#2219 = DIRECTION('',(-0.,-1.,0.));
#2220 = FACE_BOUND('',#2221,.F.);
#2221 = EDGE_LOOP('',(#2222));
#2222 = ORIENTED_EDGE('',*,*,#2223,.T.);
#2223 = EDGE_CURVE('',#2224,#2224,#2226,.T.);
#2224 = VERTEX_POINT('',#2225);
#2225 = CARTESIAN_POINT('',(71.62,-27.68,0.));
#2226 = CIRCLE('',#2227,0.4);
#2227 = AXIS2_PLACEMENT_3D('',#2228,#2229,#2230);
#2228 = CARTESIAN_POINT('',(71.62,-27.28,0.));
#2229 = DIRECTION('',(-0.,0.,-1.));
#2230 = DIRECTION('',(-0.,-1.,0.));
#2231 = FACE_BOUND('',#2232,.F.);
#2232 = EDGE_LOOP('',(#2233));
#2233 = ORIENTED_EDGE('',*,*,#2234,.T.);
#2234 = EDGE_CURVE('',#2235,#2235,#2237,.T.);
#2235 = VERTEX_POINT('',#2236);
#2236 = CARTESIAN_POINT('',(71.62,-25.14,0.));
#2237 = CIRCLE('',#2238,0.4);
#2238 = AXIS2_PLACEMENT_3D('',#2239,#2240,#2241);
#2239 = CARTESIAN_POINT('',(71.62,-24.74,0.));
#2240 = DIRECTION('',(-0.,0.,-1.));
#2241 = DIRECTION('',(-0.,-1.,0.));
#2242 = FACE_BOUND('',#2243,.F.);
#2243 = EDGE_LOOP('',(#2244));
#2244 = ORIENTED_EDGE('',*,*,#2245,.T.);
#2245 = EDGE_CURVE('',#2246,#2246,#2248,.T.);
#2246 = VERTEX_POINT('',#2247);
#2247 = CARTESIAN_POINT('',(64.,-22.6,0.));
#2248 = CIRCLE('',#2249,0.4);
#2249 = AXIS2_PLACEMENT_3D('',#2250,#2251,#2252);
#2250 = CARTESIAN_POINT('',(64.,-22.2,0.));
#2251 = DIRECTION('',(-0.,0.,-1.));
#2252 = DIRECTION('',(-0.,-1.,0.));
#2253 = FACE_BOUND('',#2254,.F.);
#2254 = EDGE_LOOP('',(#2255));
#2255 = ORIENTED_EDGE('',*,*,#2256,.T.);
#2256 = EDGE_CURVE('',#2257,#2257,#2259,.T.);
#2257 = VERTEX_POINT('',#2258);
#2258 = CARTESIAN_POINT('',(71.62,-22.6,0.));
#2259 = CIRCLE('',#2260,0.4);
#2260 = AXIS2_PLACEMENT_3D('',#2261,#2262,#2263);
#2261 = CARTESIAN_POINT('',(71.62,-22.2,0.));
#2262 = DIRECTION('',(-0.,0.,-1.));
#2263 = DIRECTION('',(-0.,-1.,0.));
#2264 = FACE_BOUND('',#2265,.F.);
#2265 = EDGE_LOOP('',(#2266));
#2266 = ORIENTED_EDGE('',*,*,#2267,.T.);
#2267 = EDGE_CURVE('',#2268,#2268,#2270,.T.);
#2268 = VERTEX_POINT('',#2269);
#2269 = CARTESIAN_POINT('',(64.,-20.06,0.));
#2270 = CIRCLE('',#2271,0.4);
#2271 = AXIS2_PLACEMENT_3D('',#2272,#2273,#2274);
#2272 = CARTESIAN_POINT('',(64.,-19.66,0.));
#2273 = DIRECTION('',(-0.,0.,-1.));
#2274 = DIRECTION('',(-0.,-1.,0.));
#2275 = FACE_BOUND('',#2276,.F.);
#2276 = EDGE_LOOP('',(#2277));
#2277 = ORIENTED_EDGE('',*,*,#2278,.T.);
#2278 = EDGE_CURVE('',#2279,#2279,#2281,.T.);
#2279 = VERTEX_POINT('',#2280);
#2280 = CARTESIAN_POINT('',(71.62,-20.06,0.));
#2281 = CIRCLE('',#2282,0.4);
#2282 = AXIS2_PLACEMENT_3D('',#2283,#2284,#2285);
#2283 = CARTESIAN_POINT('',(71.62,-19.66,0.));
#2284 = DIRECTION('',(-0.,0.,-1.));
#2285 = DIRECTION('',(-0.,-1.,0.));
#2286 = FACE_BOUND('',#2287,.F.);
#2287 = EDGE_LOOP('',(#2288));
#2288 = ORIENTED_EDGE('',*,*,#2289,.T.);
#2289 = EDGE_CURVE('',#2290,#2290,#2292,.T.);
#2290 = VERTEX_POINT('',#2291);
#2291 = CARTESIAN_POINT('',(64.,-17.52,0.));
#2292 = CIRCLE('',#2293,0.4);
#2293 = AXIS2_PLACEMENT_3D('',#2294,#2295,#2296);
#2294 = CARTESIAN_POINT('',(64.,-17.12,0.));
#2295 = DIRECTION('',(-0.,0.,-1.));
#2296 = DIRECTION('',(-0.,-1.,0.));
#2297 = FACE_BOUND('',#2298,.F.);
#2298 = EDGE_LOOP('',(#2299));
#2299 = ORIENTED_EDGE('',*,*,#2300,.T.);
#2300 = EDGE_CURVE('',#2301,#2301,#2303,.T.);
#2301 = VERTEX_POINT('',#2302);
#2302 = CARTESIAN_POINT('',(71.62,-17.52,0.));
#2303 = CIRCLE('',#2304,0.4);
#2304 = AXIS2_PLACEMENT_3D('',#2305,#2306,#2307);
#2305 = CARTESIAN_POINT('',(71.62,-17.12,0.));
#2306 = DIRECTION('',(-0.,0.,-1.));
#2307 = DIRECTION('',(-0.,-1.,0.));
#2308 = FACE_BOUND('',#2309,.F.);
#2309 = EDGE_LOOP('',(#2310));
#2310 = ORIENTED_EDGE('',*,*,#2311,.T.);
#2311 = EDGE_CURVE('',#2312,#2312,#2314,.T.);
#2312 = VERTEX_POINT('',#2313);
#2313 = CARTESIAN_POINT('',(43.73,-12.31,0.));
#2314 = CIRCLE('',#2315,0.5);
#2315 = AXIS2_PLACEMENT_3D('',#2316,#2317,#2318);
#2316 = CARTESIAN_POINT('',(43.73,-11.81,0.));
#2317 = DIRECTION('',(-0.,0.,-1.));
#2318 = DIRECTION('',(-0.,-1.,0.));
#2319 = FACE_BOUND('',#2320,.F.);
#2320 = EDGE_LOOP('',(#2321));
#2321 = ORIENTED_EDGE('',*,*,#2322,.T.);
#2322 = EDGE_CURVE('',#2323,#2323,#2325,.T.);
#2323 = VERTEX_POINT('',#2324);
#2324 = CARTESIAN_POINT('',(46.27,-12.31,0.));
#2325 = CIRCLE('',#2326,0.5);
#2326 = AXIS2_PLACEMENT_3D('',#2327,#2328,#2329);
#2327 = CARTESIAN_POINT('',(46.27,-11.81,0.));
#2328 = DIRECTION('',(-0.,0.,-1.));
#2329 = DIRECTION('',(-0.,-1.,0.));
#2330 = FACE_BOUND('',#2331,.F.);
#2331 = EDGE_LOOP('',(#2332));
#2332 = ORIENTED_EDGE('',*,*,#2333,.T.);
#2333 = EDGE_CURVE('',#2334,#2334,#2336,.T.);
#2334 = VERTEX_POINT('',#2335);
#2335 = CARTESIAN_POINT('',(48.81,-12.31,0.));
#2336 = CIRCLE('',#2337,0.5);
#2337 = AXIS2_PLACEMENT_3D('',#2338,#2339,#2340);
#2338 = CARTESIAN_POINT('',(48.81,-11.81,0.));
#2339 = DIRECTION('',(-0.,0.,-1.));
#2340 = DIRECTION('',(-0.,-1.,0.));
#2341 = FACE_BOUND('',#2342,.F.);
#2342 = EDGE_LOOP('',(#2343));
#2343 = ORIENTED_EDGE('',*,*,#2344,.T.);
#2344 = EDGE_CURVE('',#2345,#2345,#2347,.T.);
#2345 = VERTEX_POINT('',#2346);
#2346 = CARTESIAN_POINT('',(51.35,-12.31,0.));
#2347 = CIRCLE('',#2348,0.5);
#2348 = AXIS2_PLACEMENT_3D('',#2349,#2350,#2351);
#2349 = CARTESIAN_POINT('',(51.35,-11.81,0.));
#2350 = DIRECTION('',(-0.,0.,-1.));
#2351 = DIRECTION('',(-0.,-1.,0.));
#2352 = FACE_BOUND('',#2353,.F.);
#2353 = EDGE_LOOP('',(#2354));
#2354 = ORIENTED_EDGE('',*,*,#2355,.T.);
#2355 = EDGE_CURVE('',#2356,#2356,#2358,.T.);
#2356 = VERTEX_POINT('',#2357);
#2357 = CARTESIAN_POINT('',(43.73,-9.77,0.));
#2358 = CIRCLE('',#2359,0.5);
#2359 = AXIS2_PLACEMENT_3D('',#2360,#2361,#2362);
#2360 = CARTESIAN_POINT('',(43.73,-9.27,0.));
#2361 = DIRECTION('',(-0.,0.,-1.));
#2362 = DIRECTION('',(-0.,-1.,0.));
#2363 = FACE_BOUND('',#2364,.F.);
#2364 = EDGE_LOOP('',(#2365));
#2365 = ORIENTED_EDGE('',*,*,#2366,.T.);
#2366 = EDGE_CURVE('',#2367,#2367,#2369,.T.);
#2367 = VERTEX_POINT('',#2368);
#2368 = CARTESIAN_POINT('',(46.27,-9.77,0.));
#2369 = CIRCLE('',#2370,0.5);
#2370 = AXIS2_PLACEMENT_3D('',#2371,#2372,#2373);
#2371 = CARTESIAN_POINT('',(46.27,-9.27,0.));
#2372 = DIRECTION('',(-0.,0.,-1.));
#2373 = DIRECTION('',(-0.,-1.,0.));
#2374 = FACE_BOUND('',#2375,.F.);
#2375 = EDGE_LOOP('',(#2376));
#2376 = ORIENTED_EDGE('',*,*,#2377,.T.);
#2377 = EDGE_CURVE('',#2378,#2378,#2380,.T.);
#2378 = VERTEX_POINT('',#2379);
#2379 = CARTESIAN_POINT('',(48.81,-9.77,0.));
#2380 = CIRCLE('',#2381,0.5);
#2381 = AXIS2_PLACEMENT_3D('',#2382,#2383,#2384);
#2382 = CARTESIAN_POINT('',(48.81,-9.27,0.));
#2383 = DIRECTION('',(-0.,0.,-1.));
#2384 = DIRECTION('',(-0.,-1.,0.));
#2385 = FACE_BOUND('',#2386,.F.);
#2386 = EDGE_LOOP('',(#2387));
#2387 = ORIENTED_EDGE('',*,*,#2388,.T.);
#2388 = EDGE_CURVE('',#2389,#2389,#2391,.T.);
#2389 = VERTEX_POINT('',#2390);
#2390 = CARTESIAN_POINT('',(51.35,-9.77,0.));
#2391 = CIRCLE('',#2392,0.5);
#2392 = AXIS2_PLACEMENT_3D('',#2393,#2394,#2395);
#2393 = CARTESIAN_POINT('',(51.35,-9.27,0.));
#2394 = DIRECTION('',(-0.,0.,-1.));
#2395 = DIRECTION('',(-0.,-1.,0.));
#2396 = FACE_BOUND('',#2397,.F.);
#2397 = EDGE_LOOP('',(#2398));
#2398 = ORIENTED_EDGE('',*,*,#2399,.T.);
#2399 = EDGE_CURVE('',#2400,#2400,#2402,.T.);
#2400 = VERTEX_POINT('',#2401);
#2401 = CARTESIAN_POINT('',(53.89,-14.85,0.));
#2402 = CIRCLE('',#2403,0.5);
#2403 = AXIS2_PLACEMENT_3D('',#2404,#2405,#2406);
#2404 = CARTESIAN_POINT('',(53.89,-14.35,0.));
#2405 = DIRECTION('',(-0.,0.,-1.));
#2406 = DIRECTION('',(-0.,-1.,0.));
#2407 = FACE_BOUND('',#2408,.F.);
#2408 = EDGE_LOOP('',(#2409));
#2409 = ORIENTED_EDGE('',*,*,#2410,.T.);
#2410 = EDGE_CURVE('',#2411,#2411,#2413,.T.);
#2411 = VERTEX_POINT('',#2412);
#2412 = CARTESIAN_POINT('',(56.43,-14.85,0.));
#2413 = CIRCLE('',#2414,0.5);
#2414 = AXIS2_PLACEMENT_3D('',#2415,#2416,#2417);
#2415 = CARTESIAN_POINT('',(56.43,-14.35,0.));
#2416 = DIRECTION('',(-0.,0.,-1.));
#2417 = DIRECTION('',(-0.,-1.,0.));
#2418 = FACE_BOUND('',#2419,.F.);
#2419 = EDGE_LOOP('',(#2420));
#2420 = ORIENTED_EDGE('',*,*,#2421,.T.);
#2421 = EDGE_CURVE('',#2422,#2422,#2424,.T.);
#2422 = VERTEX_POINT('',#2423);
#2423 = CARTESIAN_POINT('',(53.89,-12.31,0.));
#2424 = CIRCLE('',#2425,0.5);
#2425 = AXIS2_PLACEMENT_3D('',#2426,#2427,#2428);
#2426 = CARTESIAN_POINT('',(53.89,-11.81,0.));
#2427 = DIRECTION('',(-0.,0.,-1.));
#2428 = DIRECTION('',(-0.,-1.,0.));
#2429 = FACE_BOUND('',#2430,.F.);
#2430 = EDGE_LOOP('',(#2431));
#2431 = ORIENTED_EDGE('',*,*,#2432,.T.);
#2432 = EDGE_CURVE('',#2433,#2433,#2435,.T.);
#2433 = VERTEX_POINT('',#2434);
#2434 = CARTESIAN_POINT('',(56.43,-12.31,0.));
#2435 = CIRCLE('',#2436,0.5);
#2436 = AXIS2_PLACEMENT_3D('',#2437,#2438,#2439);
#2437 = CARTESIAN_POINT('',(56.43,-11.81,0.));
#2438 = DIRECTION('',(-0.,0.,-1.));
#2439 = DIRECTION('',(-0.,-1.,0.));
#2440 = FACE_BOUND('',#2441,.F.);
#2441 = EDGE_LOOP('',(#2442));
#2442 = ORIENTED_EDGE('',*,*,#2443,.T.);
#2443 = EDGE_CURVE('',#2444,#2444,#2446,.T.);
#2444 = VERTEX_POINT('',#2445);
#2445 = CARTESIAN_POINT('',(53.89,-9.77,0.));
#2446 = CIRCLE('',#2447,0.5);
#2447 = AXIS2_PLACEMENT_3D('',#2448,#2449,#2450);
#2448 = CARTESIAN_POINT('',(53.89,-9.27,0.));
#2449 = DIRECTION('',(-0.,0.,-1.));
#2450 = DIRECTION('',(-0.,-1.,0.));
#2451 = FACE_BOUND('',#2452,.F.);
#2452 = EDGE_LOOP('',(#2453));
#2453 = ORIENTED_EDGE('',*,*,#2454,.T.);
#2454 = EDGE_CURVE('',#2455,#2455,#2457,.T.);
#2455 = VERTEX_POINT('',#2456);
#2456 = CARTESIAN_POINT('',(56.43,-9.77,0.));
#2457 = CIRCLE('',#2458,0.5);
#2458 = AXIS2_PLACEMENT_3D('',#2459,#2460,#2461);
#2459 = CARTESIAN_POINT('',(56.43,-9.27,0.));
#2460 = DIRECTION('',(-0.,0.,-1.));
#2461 = DIRECTION('',(-0.,-1.,0.));
#2462 = FACE_BOUND('',#2463,.F.);
#2463 = EDGE_LOOP('',(#2464));
#2464 = ORIENTED_EDGE('',*,*,#2465,.T.);
#2465 = EDGE_CURVE('',#2466,#2466,#2468,.T.);
#2466 = VERTEX_POINT('',#2467);
#2467 = CARTESIAN_POINT('',(42.54,-3.2,0.));
#2468 = CIRCLE('',#2469,0.5);
#2469 = AXIS2_PLACEMENT_3D('',#2470,#2471,#2472);
#2470 = CARTESIAN_POINT('',(42.54,-2.7,0.));
#2471 = DIRECTION('',(-0.,0.,-1.));
#2472 = DIRECTION('',(-0.,-1.,0.));
#2473 = FACE_BOUND('',#2474,.F.);
#2474 = EDGE_LOOP('',(#2475));
#2475 = ORIENTED_EDGE('',*,*,#2476,.T.);
#2476 = EDGE_CURVE('',#2477,#2477,#2479,.T.);
#2477 = VERTEX_POINT('',#2478);
#2478 = CARTESIAN_POINT('',(45.08,-3.2,0.));
#2479 = CIRCLE('',#2480,0.5);
#2480 = AXIS2_PLACEMENT_3D('',#2481,#2482,#2483);
#2481 = CARTESIAN_POINT('',(45.08,-2.7,0.));
#2482 = DIRECTION('',(-0.,0.,-1.));
#2483 = DIRECTION('',(-0.,-1.,0.));
#2484 = FACE_BOUND('',#2485,.F.);
#2485 = EDGE_LOOP('',(#2486));
#2486 = ORIENTED_EDGE('',*,*,#2487,.T.);
#2487 = EDGE_CURVE('',#2488,#2488,#2490,.T.);
#2488 = VERTEX_POINT('',#2489);
#2489 = CARTESIAN_POINT('',(47.62,-3.2,0.));
#2490 = CIRCLE('',#2491,0.5);
#2491 = AXIS2_PLACEMENT_3D('',#2492,#2493,#2494);
#2492 = CARTESIAN_POINT('',(47.62,-2.7,0.));
#2493 = DIRECTION('',(-0.,0.,-1.));
#2494 = DIRECTION('',(-0.,-1.,0.));
#2495 = FACE_BOUND('',#2496,.F.);
#2496 = EDGE_LOOP('',(#2497));
#2497 = ORIENTED_EDGE('',*,*,#2498,.T.);
#2498 = EDGE_CURVE('',#2499,#2499,#2501,.T.);
#2499 = VERTEX_POINT('',#2500);
#2500 = CARTESIAN_POINT('',(60.5,-6.34,0.));
#2501 = CIRCLE('',#2502,0.5);
#2502 = AXIS2_PLACEMENT_3D('',#2503,#2504,#2505);
#2503 = CARTESIAN_POINT('',(60.5,-5.84,0.));
#2504 = DIRECTION('',(-0.,0.,-1.));
#2505 = DIRECTION('',(-0.,-1.,0.));
#2506 = FACE_BOUND('',#2507,.F.);
#2507 = EDGE_LOOP('',(#2508));
#2508 = ORIENTED_EDGE('',*,*,#2509,.T.);
#2509 = EDGE_CURVE('',#2510,#2510,#2512,.T.);
#2510 = VERTEX_POINT('',#2511);
#2511 = CARTESIAN_POINT('',(60.5,-3.8,0.));
#2512 = CIRCLE('',#2513,0.5);
#2513 = AXIS2_PLACEMENT_3D('',#2514,#2515,#2516);
#2514 = CARTESIAN_POINT('',(60.5,-3.3,0.));
#2515 = DIRECTION('',(-0.,0.,-1.));
#2516 = DIRECTION('',(-0.,-1.,0.));
#2517 = FACE_BOUND('',#2518,.F.);
#2518 = EDGE_LOOP('',(#2519));
#2519 = ORIENTED_EDGE('',*,*,#2520,.T.);
#2520 = EDGE_CURVE('',#2521,#2521,#2523,.T.);
#2521 = VERTEX_POINT('',#2522);
#2522 = CARTESIAN_POINT('',(64.,-14.98,0.));
#2523 = CIRCLE('',#2524,0.4);
#2524 = AXIS2_PLACEMENT_3D('',#2525,#2526,#2527);
#2525 = CARTESIAN_POINT('',(64.,-14.58,0.));
#2526 = DIRECTION('',(-0.,0.,-1.));
#2527 = DIRECTION('',(-0.,-1.,0.));
#2528 = FACE_BOUND('',#2529,.F.);
#2529 = EDGE_LOOP('',(#2530));
#2530 = ORIENTED_EDGE('',*,*,#2531,.T.);
#2531 = EDGE_CURVE('',#2532,#2532,#2534,.T.);
#2532 = VERTEX_POINT('',#2533);
#2533 = CARTESIAN_POINT('',(64.,-12.44,0.));
#2534 = CIRCLE('',#2535,0.4);
#2535 = AXIS2_PLACEMENT_3D('',#2536,#2537,#2538);
#2536 = CARTESIAN_POINT('',(64.,-12.04,0.));
#2537 = DIRECTION('',(-0.,0.,-1.));
#2538 = DIRECTION('',(-0.,-1.,0.));
#2539 = FACE_BOUND('',#2540,.F.);
#2540 = EDGE_LOOP('',(#2541));
#2541 = ORIENTED_EDGE('',*,*,#2542,.T.);
#2542 = EDGE_CURVE('',#2543,#2543,#2545,.T.);
#2543 = VERTEX_POINT('',#2544);
#2544 = CARTESIAN_POINT('',(71.62,-14.98,0.));
#2545 = CIRCLE('',#2546,0.4);
#2546 = AXIS2_PLACEMENT_3D('',#2547,#2548,#2549);
#2547 = CARTESIAN_POINT('',(71.62,-14.58,0.));
#2548 = DIRECTION('',(-0.,0.,-1.));
#2549 = DIRECTION('',(-0.,-1.,0.));
#2550 = FACE_BOUND('',#2551,.F.);
#2551 = EDGE_LOOP('',(#2552));
#2552 = ORIENTED_EDGE('',*,*,#2553,.T.);
#2553 = EDGE_CURVE('',#2554,#2554,#2556,.T.);
#2554 = VERTEX_POINT('',#2555);
#2555 = CARTESIAN_POINT('',(71.62,-12.44,0.));
#2556 = CIRCLE('',#2557,0.4);
#2557 = AXIS2_PLACEMENT_3D('',#2558,#2559,#2560);
#2558 = CARTESIAN_POINT('',(71.62,-12.04,0.));
#2559 = DIRECTION('',(-0.,0.,-1.));
#2560 = DIRECTION('',(-0.,-1.,0.));
#2561 = FACE_BOUND('',#2562,.F.);
#2562 = EDGE_LOOP('',(#2563));
#2563 = ORIENTED_EDGE('',*,*,#2564,.T.);
#2564 = EDGE_CURVE('',#2565,#2565,#2567,.T.);
#2565 = VERTEX_POINT('',#2566);
#2566 = CARTESIAN_POINT('',(64.,-9.9,0.));
#2567 = CIRCLE('',#2568,0.4);
#2568 = AXIS2_PLACEMENT_3D('',#2569,#2570,#2571);
#2569 = CARTESIAN_POINT('',(64.,-9.5,0.));
#2570 = DIRECTION('',(-0.,0.,-1.));
#2571 = DIRECTION('',(-0.,-1.,0.));
#2572 = FACE_BOUND('',#2573,.F.);
#2573 = EDGE_LOOP('',(#2574));
#2574 = ORIENTED_EDGE('',*,*,#2575,.T.);
#2575 = EDGE_CURVE('',#2576,#2576,#2578,.T.);
#2576 = VERTEX_POINT('',#2577);
#2577 = CARTESIAN_POINT('',(71.62,-9.9,0.));
#2578 = CIRCLE('',#2579,0.4);
#2579 = AXIS2_PLACEMENT_3D('',#2580,#2581,#2582);
#2580 = CARTESIAN_POINT('',(71.62,-9.5,0.));
#2581 = DIRECTION('',(-0.,0.,-1.));
#2582 = DIRECTION('',(-0.,-1.,0.));
#2583 = FACE_BOUND('',#2584,.F.);
#2584 = EDGE_LOOP('',(#2585));
#2585 = ORIENTED_EDGE('',*,*,#2586,.T.);
#2586 = EDGE_CURVE('',#2587,#2587,#2589,.T.);
#2587 = VERTEX_POINT('',#2588);
#2588 = CARTESIAN_POINT('',(78.5,-14.4,0.));
#2589 = CIRCLE('',#2590,0.4);
#2590 = AXIS2_PLACEMENT_3D('',#2591,#2592,#2593);
#2591 = CARTESIAN_POINT('',(78.5,-14.,0.));
#2592 = DIRECTION('',(-0.,0.,-1.));
#2593 = DIRECTION('',(-0.,-1.,0.));
#2594 = FACE_BOUND('',#2595,.F.);
#2595 = EDGE_LOOP('',(#2596));
#2596 = ORIENTED_EDGE('',*,*,#2597,.T.);
#2597 = EDGE_CURVE('',#2598,#2598,#2600,.T.);
#2598 = VERTEX_POINT('',#2599);
#2599 = CARTESIAN_POINT('',(78.5,-11.9,0.));
#2600 = CIRCLE('',#2601,0.4);
#2601 = AXIS2_PLACEMENT_3D('',#2602,#2603,#2604);
#2602 = CARTESIAN_POINT('',(78.5,-11.5,0.));
#2603 = DIRECTION('',(-0.,0.,-1.));
#2604 = DIRECTION('',(-0.,-1.,0.));
#2605 = FACE_BOUND('',#2606,.F.);
#2606 = EDGE_LOOP('',(#2607));
#2607 = ORIENTED_EDGE('',*,*,#2608,.T.);
#2608 = EDGE_CURVE('',#2609,#2609,#2611,.T.);
#2609 = VERTEX_POINT('',#2610);
#2610 = CARTESIAN_POINT('',(63.04,-6.34,0.));
#2611 = CIRCLE('',#2612,0.5);
#2612 = AXIS2_PLACEMENT_3D('',#2613,#2614,#2615);
#2613 = CARTESIAN_POINT('',(63.04,-5.84,0.));
#2614 = DIRECTION('',(-0.,0.,-1.));
#2615 = DIRECTION('',(-0.,-1.,0.));
#2616 = FACE_BOUND('',#2617,.F.);
#2617 = EDGE_LOOP('',(#2618));
#2618 = ORIENTED_EDGE('',*,*,#2619,.T.);
#2619 = EDGE_CURVE('',#2620,#2620,#2622,.T.);
#2620 = VERTEX_POINT('',#2621);
#2621 = CARTESIAN_POINT('',(65.58,-6.34,0.));
#2622 = CIRCLE('',#2623,0.5);
#2623 = AXIS2_PLACEMENT_3D('',#2624,#2625,#2626);
#2624 = CARTESIAN_POINT('',(65.58,-5.84,0.));
#2625 = DIRECTION('',(-0.,0.,-1.));
#2626 = DIRECTION('',(-0.,-1.,0.));
#2627 = FACE_BOUND('',#2628,.F.);
#2628 = EDGE_LOOP('',(#2629));
#2629 = ORIENTED_EDGE('',*,*,#2630,.T.);
#2630 = EDGE_CURVE('',#2631,#2631,#2633,.T.);
#2631 = VERTEX_POINT('',#2632);
#2632 = CARTESIAN_POINT('',(68.12,-6.34,0.));
#2633 = CIRCLE('',#2634,0.5);
#2634 = AXIS2_PLACEMENT_3D('',#2635,#2636,#2637);
#2635 = CARTESIAN_POINT('',(68.12,-5.84,0.));
#2636 = DIRECTION('',(-0.,0.,-1.));
#2637 = DIRECTION('',(-0.,-1.,0.));
#2638 = FACE_BOUND('',#2639,.F.);
#2639 = EDGE_LOOP('',(#2640));
#2640 = ORIENTED_EDGE('',*,*,#2641,.T.);
#2641 = EDGE_CURVE('',#2642,#2642,#2644,.T.);
#2642 = VERTEX_POINT('',#2643);
#2643 = CARTESIAN_POINT('',(70.66,-6.34,0.));
#2644 = CIRCLE('',#2645,0.5);
#2645 = AXIS2_PLACEMENT_3D('',#2646,#2647,#2648);
#2646 = CARTESIAN_POINT('',(70.66,-5.84,0.));
#2647 = DIRECTION('',(-0.,0.,-1.));
#2648 = DIRECTION('',(-0.,-1.,0.));
#2649 = FACE_BOUND('',#2650,.F.);
#2650 = EDGE_LOOP('',(#2651));
#2651 = ORIENTED_EDGE('',*,*,#2652,.T.);
#2652 = EDGE_CURVE('',#2653,#2653,#2655,.T.);
#2653 = VERTEX_POINT('',#2654);
#2654 = CARTESIAN_POINT('',(63.04,-3.8,0.));
#2655 = CIRCLE('',#2656,0.5);
#2656 = AXIS2_PLACEMENT_3D('',#2657,#2658,#2659);
#2657 = CARTESIAN_POINT('',(63.04,-3.3,0.));
#2658 = DIRECTION('',(-0.,0.,-1.));
#2659 = DIRECTION('',(-0.,-1.,0.));
#2660 = FACE_BOUND('',#2661,.F.);
#2661 = EDGE_LOOP('',(#2662));
#2662 = ORIENTED_EDGE('',*,*,#2663,.T.);
#2663 = EDGE_CURVE('',#2664,#2664,#2666,.T.);
#2664 = VERTEX_POINT('',#2665);
#2665 = CARTESIAN_POINT('',(65.58,-3.8,0.));
#2666 = CIRCLE('',#2667,0.5);
#2667 = AXIS2_PLACEMENT_3D('',#2668,#2669,#2670);
#2668 = CARTESIAN_POINT('',(65.58,-3.3,0.));
#2669 = DIRECTION('',(-0.,0.,-1.));
#2670 = DIRECTION('',(-0.,-1.,0.));
#2671 = FACE_BOUND('',#2672,.F.);
#2672 = EDGE_LOOP('',(#2673));
#2673 = ORIENTED_EDGE('',*,*,#2674,.T.);
#2674 = EDGE_CURVE('',#2675,#2675,#2677,.T.);
#2675 = VERTEX_POINT('',#2676);
#2676 = CARTESIAN_POINT('',(68.12,-3.8,0.));
#2677 = CIRCLE('',#2678,0.5);
#2678 = AXIS2_PLACEMENT_3D('',#2679,#2680,#2681);
#2679 = CARTESIAN_POINT('',(68.12,-3.3,0.));
#2680 = DIRECTION('',(-0.,0.,-1.));
#2681 = DIRECTION('',(-0.,-1.,0.));
#2682 = FACE_BOUND('',#2683,.F.);
#2683 = EDGE_LOOP('',(#2684));
#2684 = ORIENTED_EDGE('',*,*,#2685,.T.);
#2685 = EDGE_CURVE('',#2686,#2686,#2688,.T.);
#2686 = VERTEX_POINT('',#2687);
#2687 = CARTESIAN_POINT('',(70.66,-3.8,0.));
#2688 = CIRCLE('',#2689,0.5);
#2689 = AXIS2_PLACEMENT_3D('',#2690,#2691,#2692);
#2690 = CARTESIAN_POINT('',(70.66,-3.3,0.));
#2691 = DIRECTION('',(-0.,0.,-1.));
#2692 = DIRECTION('',(-0.,-1.,0.));
#2693 = FACE_BOUND('',#2694,.F.);
#2694 = EDGE_LOOP('',(#2695));
#2695 = ORIENTED_EDGE('',*,*,#2696,.T.);
#2696 = EDGE_CURVE('',#2697,#2697,#2699,.T.);
#2697 = VERTEX_POINT('',#2698);
#2698 = CARTESIAN_POINT('',(73.2,-6.34,0.));
#2699 = CIRCLE('',#2700,0.5);
#2700 = AXIS2_PLACEMENT_3D('',#2701,#2702,#2703);
#2701 = CARTESIAN_POINT('',(73.2,-5.84,0.));
#2702 = DIRECTION('',(-0.,0.,-1.));
#2703 = DIRECTION('',(-0.,-1.,0.));
#2704 = FACE_BOUND('',#2705,.F.);
#2705 = EDGE_LOOP('',(#2706));
#2706 = ORIENTED_EDGE('',*,*,#2707,.T.);
#2707 = EDGE_CURVE('',#2708,#2708,#2710,.T.);
#2708 = VERTEX_POINT('',#2709);
#2709 = CARTESIAN_POINT('',(75.74,-6.34,0.));
#2710 = CIRCLE('',#2711,0.5);
#2711 = AXIS2_PLACEMENT_3D('',#2712,#2713,#2714);
#2712 = CARTESIAN_POINT('',(75.74,-5.84,0.));
#2713 = DIRECTION('',(-0.,0.,-1.));
#2714 = DIRECTION('',(-0.,-1.,0.));
#2715 = FACE_BOUND('',#2716,.F.);
#2716 = EDGE_LOOP('',(#2717));
#2717 = ORIENTED_EDGE('',*,*,#2718,.T.);
#2718 = EDGE_CURVE('',#2719,#2719,#2721,.T.);
#2719 = VERTEX_POINT('',#2720);
#2720 = CARTESIAN_POINT('',(78.28,-6.34,0.));
#2721 = CIRCLE('',#2722,0.5);
#2722 = AXIS2_PLACEMENT_3D('',#2723,#2724,#2725);
#2723 = CARTESIAN_POINT('',(78.28,-5.84,0.));
#2724 = DIRECTION('',(-0.,0.,-1.));
#2725 = DIRECTION('',(-0.,-1.,0.));
#2726 = FACE_BOUND('',#2727,.F.);
#2727 = EDGE_LOOP('',(#2728));
#2728 = ORIENTED_EDGE('',*,*,#2729,.T.);
#2729 = EDGE_CURVE('',#2730,#2730,#2732,.T.);
#2730 = VERTEX_POINT('',#2731);
#2731 = CARTESIAN_POINT('',(73.2,-3.8,0.));
#2732 = CIRCLE('',#2733,0.5);
#2733 = AXIS2_PLACEMENT_3D('',#2734,#2735,#2736);
#2734 = CARTESIAN_POINT('',(73.2,-3.3,0.));
#2735 = DIRECTION('',(-0.,0.,-1.));
#2736 = DIRECTION('',(-0.,-1.,0.));
#2737 = FACE_BOUND('',#2738,.F.);
#2738 = EDGE_LOOP('',(#2739));
#2739 = ORIENTED_EDGE('',*,*,#2740,.T.);
#2740 = EDGE_CURVE('',#2741,#2741,#2743,.T.);
#2741 = VERTEX_POINT('',#2742);
#2742 = CARTESIAN_POINT('',(75.74,-3.8,0.));
#2743 = CIRCLE('',#2744,0.5);
#2744 = AXIS2_PLACEMENT_3D('',#2745,#2746,#2747);
#2745 = CARTESIAN_POINT('',(75.74,-3.3,0.));
#2746 = DIRECTION('',(-0.,0.,-1.));
#2747 = DIRECTION('',(-0.,-1.,0.));
#2748 = FACE_BOUND('',#2749,.F.);
#2749 = EDGE_LOOP('',(#2750));
#2750 = ORIENTED_EDGE('',*,*,#2751,.T.);
#2751 = EDGE_CURVE('',#2752,#2752,#2754,.T.);
#2752 = VERTEX_POINT('',#2753);
#2753 = CARTESIAN_POINT('',(78.28,-3.8,0.));
#2754 = CIRCLE('',#2755,0.5);
#2755 = AXIS2_PLACEMENT_3D('',#2756,#2757,#2758);
#2756 = CARTESIAN_POINT('',(78.28,-3.3,0.));
#2757 = DIRECTION('',(-0.,0.,-1.));
#2758 = DIRECTION('',(-0.,-1.,0.));
#2759 = PLANE('',#2760);
#2760 = AXIS2_PLACEMENT_3D('',#2761,#2762,#2763);
#2761 = CARTESIAN_POINT('',(0.,0.,0.));
#2762 = DIRECTION('',(0.,0.,1.));
#2763 = DIRECTION('',(1.,0.,-0.));
#2764 = ADVANCED_FACE('',(#2765,#2808,#2819,#2830,#2841,#2852,#2863,
    #2874,#2885,#2896,#2907,#2918,#2929,#2940,#2951,#2962,#2973,#2984,
    #2995,#3006,#3017,#3028,#3039,#3050,#3061,#3072,#3083,#3094,#3105,
    #3116,#3127,#3138,#3149,#3160,#3171,#3182,#3193,#3204,#3215,#3226,
    #3237,#3248,#3259,#3270,#3281,#3292,#3303,#3314,#3325,#3336,#3347,
    #3358,#3369,#3380,#3391,#3402,#3413,#3424,#3435,#3446,#3457,#3468,
    #3479,#3490,#3501,#3512,#3523,#3534,#3545,#3556,#3567,#3578,#3589,
    #3600,#3611,#3622,#3633,#3644,#3655,#3666,#3677,#3688,#3699,#3710,
    #3721,#3732,#3743,#3754,#3765,#3776,#3787,#3798,#3809,#3820,#3831,
    #3842,#3853,#3864,#3875,#3886,#3897,#3908,#3919,#3930,#3941,#3952,
    #3963,#3974,#3985,#3996,#4007,#4018,#4029,#4040,#4051,#4062,#4073,
    #4084,#4095,#4106,#4117,#4128,#4139,#4150,#4161,#4172,#4208,#4219,
    #4255,#4266,#4277,#4288,#4299,#4310,#4321,#4332,#4343,#4354,#4365,
    #4376,#4387,#4423,#4459,#4470,#4481,#4517,#4528,#4539,#4550,#4561,
    #4572,#4583,#4594,#4605,#4616,#4627,#4638,#4649,#4660,#4671,#4682,
    #4693,#4704,#4715,#4726,#4737,#4748,#4759,#4770,#4781,#4792,#4803,
    #4814,#4825,#4836,#4847,#4858,#4869,#4880,#4891,#4902,#4913,#4924,
    #4935,#4946,#4957,#4968,#4979,#4990,#5001,#5012,#5023,#5034,#5045,
    #5056,#5067,#5078,#5089,#5100,#5111,#5122,#5133,#5144,#5155,#5166,
    #5177,#5188,#5199,#5210,#5221,#5232,#5243,#5254,#5265,#5276,#5287,
    #5298,#5309,#5320,#5331,#5342,#5353,#5364,#5375),#5386,.T.);
#2765 = FACE_BOUND('',#2766,.T.);
#2766 = EDGE_LOOP('',(#2767,#2768,#2769,#2777,#2785,#2793,#2801,#2807));
#2767 = ORIENTED_EDGE('',*,*,#49,.F.);
#2768 = ORIENTED_EDGE('',*,*,#89,.F.);
#2769 = ORIENTED_EDGE('',*,*,#2770,.F.);
#2770 = EDGE_CURVE('',#2771,#82,#2773,.T.);
#2771 = VERTEX_POINT('',#2772);
#2772 = CARTESIAN_POINT('',(0.,0.,1.11));
#2773 = LINE('',#2774,#2775);
#2774 = CARTESIAN_POINT('',(0.,0.,1.11));
#2775 = VECTOR('',#2776,1.);
#2776 = DIRECTION('',(1.,0.,0.));
#2777 = ORIENTED_EDGE('',*,*,#2778,.F.);
#2778 = EDGE_CURVE('',#2779,#2771,#2781,.T.);
#2779 = VERTEX_POINT('',#2780);
#2780 = CARTESIAN_POINT('',(0.,-55.1,1.11));
#2781 = LINE('',#2782,#2783);
#2782 = CARTESIAN_POINT('',(0.,-55.1,1.11));
#2783 = VECTOR('',#2784,1.);
#2784 = DIRECTION('',(0.,1.,0.));
#2785 = ORIENTED_EDGE('',*,*,#2786,.F.);
#2786 = EDGE_CURVE('',#2787,#2779,#2789,.T.);
#2787 = VERTEX_POINT('',#2788);
#2788 = CARTESIAN_POINT('',(5.8,-55.1,1.11));
#2789 = LINE('',#2790,#2791);
#2790 = CARTESIAN_POINT('',(5.8,-55.1,1.11));
#2791 = VECTOR('',#2792,1.);
#2792 = DIRECTION('',(-1.,0.,0.));
#2793 = ORIENTED_EDGE('',*,*,#2794,.F.);
#2794 = EDGE_CURVE('',#2795,#2787,#2797,.T.);
#2795 = VERTEX_POINT('',#2796);
#2796 = CARTESIAN_POINT('',(5.8,-65.8,1.11));
#2797 = LINE('',#2798,#2799);
#2798 = CARTESIAN_POINT('',(5.8,-65.8,1.11));
#2799 = VECTOR('',#2800,1.);
#2800 = DIRECTION('',(0.,1.,0.));
#2801 = ORIENTED_EDGE('',*,*,#2802,.F.);
#2802 = EDGE_CURVE('',#112,#2795,#2803,.T.);
#2803 = LINE('',#2804,#2805);
#2804 = CARTESIAN_POINT('',(84.2,-65.8,1.11));
#2805 = VECTOR('',#2806,1.);
#2806 = DIRECTION('',(-1.,0.,0.));
#2807 = ORIENTED_EDGE('',*,*,#111,.F.);
#2808 = FACE_BOUND('',#2809,.T.);
#2809 = EDGE_LOOP('',(#2810));
#2810 = ORIENTED_EDGE('',*,*,#2811,.T.);
#2811 = EDGE_CURVE('',#2812,#2812,#2814,.T.);
#2812 = VERTEX_POINT('',#2813);
#2813 = CARTESIAN_POINT('',(8.17,-53.04,1.11));
#2814 = CIRCLE('',#2815,0.5);
#2815 = AXIS2_PLACEMENT_3D('',#2816,#2817,#2818);
#2816 = CARTESIAN_POINT('',(8.17,-52.54,1.11));
#2817 = DIRECTION('',(-0.,0.,-1.));
#2818 = DIRECTION('',(-0.,-1.,0.));
#2819 = FACE_BOUND('',#2820,.T.);
#2820 = EDGE_LOOP('',(#2821));
#2821 = ORIENTED_EDGE('',*,*,#2822,.T.);
#2822 = EDGE_CURVE('',#2823,#2823,#2825,.T.);
#2823 = VERTEX_POINT('',#2824);
#2824 = CARTESIAN_POINT('',(10.71,-53.04,1.11));
#2825 = CIRCLE('',#2826,0.5);
#2826 = AXIS2_PLACEMENT_3D('',#2827,#2828,#2829);
#2827 = CARTESIAN_POINT('',(10.71,-52.54,1.11));
#2828 = DIRECTION('',(-0.,0.,-1.));
#2829 = DIRECTION('',(-0.,-1.,0.));
#2830 = FACE_BOUND('',#2831,.T.);
#2831 = EDGE_LOOP('',(#2832));
#2832 = ORIENTED_EDGE('',*,*,#2833,.T.);
#2833 = EDGE_CURVE('',#2834,#2834,#2836,.T.);
#2834 = VERTEX_POINT('',#2835);
#2835 = CARTESIAN_POINT('',(8.17,-50.5,1.11));
#2836 = CIRCLE('',#2837,0.5);
#2837 = AXIS2_PLACEMENT_3D('',#2838,#2839,#2840);
#2838 = CARTESIAN_POINT('',(8.17,-50.,1.11));
#2839 = DIRECTION('',(-0.,0.,-1.));
#2840 = DIRECTION('',(-0.,-1.,0.));
#2841 = FACE_BOUND('',#2842,.T.);
#2842 = EDGE_LOOP('',(#2843));
#2843 = ORIENTED_EDGE('',*,*,#2844,.T.);
#2844 = EDGE_CURVE('',#2845,#2845,#2847,.T.);
#2845 = VERTEX_POINT('',#2846);
#2846 = CARTESIAN_POINT('',(10.71,-50.5,1.11));
#2847 = CIRCLE('',#2848,0.5);
#2848 = AXIS2_PLACEMENT_3D('',#2849,#2850,#2851);
#2849 = CARTESIAN_POINT('',(10.71,-50.,1.11));
#2850 = DIRECTION('',(-0.,0.,-1.));
#2851 = DIRECTION('',(-0.,-1.,0.));
#2852 = FACE_BOUND('',#2853,.T.);
#2853 = EDGE_LOOP('',(#2854));
#2854 = ORIENTED_EDGE('',*,*,#2855,.T.);
#2855 = EDGE_CURVE('',#2856,#2856,#2858,.T.);
#2856 = VERTEX_POINT('',#2857);
#2857 = CARTESIAN_POINT('',(13.25,-53.04,1.11));
#2858 = CIRCLE('',#2859,0.5);
#2859 = AXIS2_PLACEMENT_3D('',#2860,#2861,#2862);
#2860 = CARTESIAN_POINT('',(13.25,-52.54,1.11));
#2861 = DIRECTION('',(-0.,0.,-1.));
#2862 = DIRECTION('',(-0.,-1.,0.));
#2863 = FACE_BOUND('',#2864,.T.);
#2864 = EDGE_LOOP('',(#2865));
#2865 = ORIENTED_EDGE('',*,*,#2866,.T.);
#2866 = EDGE_CURVE('',#2867,#2867,#2869,.T.);
#2867 = VERTEX_POINT('',#2868);
#2868 = CARTESIAN_POINT('',(15.79,-53.04,1.11));
#2869 = CIRCLE('',#2870,0.5);
#2870 = AXIS2_PLACEMENT_3D('',#2871,#2872,#2873);
#2871 = CARTESIAN_POINT('',(15.79,-52.54,1.11));
#2872 = DIRECTION('',(-0.,0.,-1.));
#2873 = DIRECTION('',(-0.,-1.,0.));
#2874 = FACE_BOUND('',#2875,.T.);
#2875 = EDGE_LOOP('',(#2876));
#2876 = ORIENTED_EDGE('',*,*,#2877,.T.);
#2877 = EDGE_CURVE('',#2878,#2878,#2880,.T.);
#2878 = VERTEX_POINT('',#2879);
#2879 = CARTESIAN_POINT('',(13.25,-50.5,1.11));
#2880 = CIRCLE('',#2881,0.5);
#2881 = AXIS2_PLACEMENT_3D('',#2882,#2883,#2884);
#2882 = CARTESIAN_POINT('',(13.25,-50.,1.11));
#2883 = DIRECTION('',(-0.,0.,-1.));
#2884 = DIRECTION('',(-0.,-1.,0.));
#2885 = FACE_BOUND('',#2886,.T.);
#2886 = EDGE_LOOP('',(#2887));
#2887 = ORIENTED_EDGE('',*,*,#2888,.T.);
#2888 = EDGE_CURVE('',#2889,#2889,#2891,.T.);
#2889 = VERTEX_POINT('',#2890);
#2890 = CARTESIAN_POINT('',(15.79,-50.5,1.11));
#2891 = CIRCLE('',#2892,0.5);
#2892 = AXIS2_PLACEMENT_3D('',#2893,#2894,#2895);
#2893 = CARTESIAN_POINT('',(15.79,-50.,1.11));
#2894 = DIRECTION('',(-0.,0.,-1.));
#2895 = DIRECTION('',(-0.,-1.,0.));
#2896 = FACE_BOUND('',#2897,.T.);
#2897 = EDGE_LOOP('',(#2898));
#2898 = ORIENTED_EDGE('',*,*,#2899,.T.);
#2899 = EDGE_CURVE('',#2900,#2900,#2902,.T.);
#2900 = VERTEX_POINT('',#2901);
#2901 = CARTESIAN_POINT('',(18.33,-53.04,1.11));
#2902 = CIRCLE('',#2903,0.5);
#2903 = AXIS2_PLACEMENT_3D('',#2904,#2905,#2906);
#2904 = CARTESIAN_POINT('',(18.33,-52.54,1.11));
#2905 = DIRECTION('',(-0.,0.,-1.));
#2906 = DIRECTION('',(-0.,-1.,0.));
#2907 = FACE_BOUND('',#2908,.T.);
#2908 = EDGE_LOOP('',(#2909));
#2909 = ORIENTED_EDGE('',*,*,#2910,.T.);
#2910 = EDGE_CURVE('',#2911,#2911,#2913,.T.);
#2911 = VERTEX_POINT('',#2912);
#2912 = CARTESIAN_POINT('',(20.87,-53.04,1.11));
#2913 = CIRCLE('',#2914,0.5);
#2914 = AXIS2_PLACEMENT_3D('',#2915,#2916,#2917);
#2915 = CARTESIAN_POINT('',(20.87,-52.54,1.11));
#2916 = DIRECTION('',(-0.,0.,-1.));
#2917 = DIRECTION('',(-0.,-1.,0.));
#2918 = FACE_BOUND('',#2919,.T.);
#2919 = EDGE_LOOP('',(#2920));
#2920 = ORIENTED_EDGE('',*,*,#2921,.T.);
#2921 = EDGE_CURVE('',#2922,#2922,#2924,.T.);
#2922 = VERTEX_POINT('',#2923);
#2923 = CARTESIAN_POINT('',(18.33,-50.5,1.11));
#2924 = CIRCLE('',#2925,0.5);
#2925 = AXIS2_PLACEMENT_3D('',#2926,#2927,#2928);
#2926 = CARTESIAN_POINT('',(18.33,-50.,1.11));
#2927 = DIRECTION('',(-0.,0.,-1.));
#2928 = DIRECTION('',(-0.,-1.,0.));
#2929 = FACE_BOUND('',#2930,.T.);
#2930 = EDGE_LOOP('',(#2931));
#2931 = ORIENTED_EDGE('',*,*,#2932,.T.);
#2932 = EDGE_CURVE('',#2933,#2933,#2935,.T.);
#2933 = VERTEX_POINT('',#2934);
#2934 = CARTESIAN_POINT('',(20.87,-50.5,1.11));
#2935 = CIRCLE('',#2936,0.5);
#2936 = AXIS2_PLACEMENT_3D('',#2937,#2938,#2939);
#2937 = CARTESIAN_POINT('',(20.87,-50.,1.11));
#2938 = DIRECTION('',(-0.,0.,-1.));
#2939 = DIRECTION('',(-0.,-1.,0.));
#2940 = FACE_BOUND('',#2941,.T.);
#2941 = EDGE_LOOP('',(#2942));
#2942 = ORIENTED_EDGE('',*,*,#2943,.T.);
#2943 = EDGE_CURVE('',#2944,#2944,#2946,.T.);
#2944 = VERTEX_POINT('',#2945);
#2945 = CARTESIAN_POINT('',(2.,-43.8,1.11));
#2946 = CIRCLE('',#2947,0.4);
#2947 = AXIS2_PLACEMENT_3D('',#2948,#2949,#2950);
#2948 = CARTESIAN_POINT('',(2.,-43.4,1.11));
#2949 = DIRECTION('',(-0.,0.,-1.));
#2950 = DIRECTION('',(-0.,-1.,0.));
#2951 = FACE_BOUND('',#2952,.T.);
#2952 = EDGE_LOOP('',(#2953));
#2953 = ORIENTED_EDGE('',*,*,#2954,.T.);
#2954 = EDGE_CURVE('',#2955,#2955,#2957,.T.);
#2955 = VERTEX_POINT('',#2956);
#2956 = CARTESIAN_POINT('',(9.62,-43.8,1.11));
#2957 = CIRCLE('',#2958,0.4);
#2958 = AXIS2_PLACEMENT_3D('',#2959,#2960,#2961);
#2959 = CARTESIAN_POINT('',(9.62,-43.4,1.11));
#2960 = DIRECTION('',(-0.,0.,-1.));
#2961 = DIRECTION('',(-4.440892098501E-15,-1.,0.));
#2962 = FACE_BOUND('',#2963,.T.);
#2963 = EDGE_LOOP('',(#2964));
#2964 = ORIENTED_EDGE('',*,*,#2965,.T.);
#2965 = EDGE_CURVE('',#2966,#2966,#2968,.T.);
#2966 = VERTEX_POINT('',#2967);
#2967 = CARTESIAN_POINT('',(13.5,-46.4,1.11));
#2968 = CIRCLE('',#2969,0.4);
#2969 = AXIS2_PLACEMENT_3D('',#2970,#2971,#2972);
#2970 = CARTESIAN_POINT('',(13.5,-46.,1.11));
#2971 = DIRECTION('',(-0.,0.,-1.));
#2972 = DIRECTION('',(-0.,-1.,0.));
#2973 = FACE_BOUND('',#2974,.T.);
#2974 = EDGE_LOOP('',(#2975));
#2975 = ORIENTED_EDGE('',*,*,#2976,.T.);
#2976 = EDGE_CURVE('',#2977,#2977,#2979,.T.);
#2977 = VERTEX_POINT('',#2978);
#2978 = CARTESIAN_POINT('',(21.12,-46.4,1.11));
#2979 = CIRCLE('',#2980,0.4);
#2980 = AXIS2_PLACEMENT_3D('',#2981,#2982,#2983);
#2981 = CARTESIAN_POINT('',(21.12,-46.,1.11));
#2982 = DIRECTION('',(-0.,0.,-1.));
#2983 = DIRECTION('',(8.881784197001E-15,-1.,-0.));
#2984 = FACE_BOUND('',#2985,.T.);
#2985 = EDGE_LOOP('',(#2986));
#2986 = ORIENTED_EDGE('',*,*,#2987,.T.);
#2987 = EDGE_CURVE('',#2988,#2988,#2990,.T.);
#2988 = VERTEX_POINT('',#2989);
#2989 = CARTESIAN_POINT('',(13.5,-42.4,1.11));
#2990 = CIRCLE('',#2991,0.4);
#2991 = AXIS2_PLACEMENT_3D('',#2992,#2993,#2994);
#2992 = CARTESIAN_POINT('',(13.5,-42.,1.11));
#2993 = DIRECTION('',(-0.,0.,-1.));
#2994 = DIRECTION('',(-0.,-1.,0.));
#2995 = FACE_BOUND('',#2996,.T.);
#2996 = EDGE_LOOP('',(#2997));
#2997 = ORIENTED_EDGE('',*,*,#2998,.T.);
#2998 = EDGE_CURVE('',#2999,#2999,#3001,.T.);
#2999 = VERTEX_POINT('',#3000);
#3000 = CARTESIAN_POINT('',(16.04,-42.4,1.11));
#3001 = CIRCLE('',#3002,0.4);
#3002 = AXIS2_PLACEMENT_3D('',#3003,#3004,#3005);
#3003 = CARTESIAN_POINT('',(16.04,-42.,1.11));
#3004 = DIRECTION('',(-0.,0.,-1.));
#3005 = DIRECTION('',(-0.,-1.,0.));
#3006 = FACE_BOUND('',#3007,.T.);
#3007 = EDGE_LOOP('',(#3008));
#3008 = ORIENTED_EDGE('',*,*,#3009,.T.);
#3009 = EDGE_CURVE('',#3010,#3010,#3012,.T.);
#3010 = VERTEX_POINT('',#3011);
#3011 = CARTESIAN_POINT('',(18.58,-42.4,1.11));
#3012 = CIRCLE('',#3013,0.4);
#3013 = AXIS2_PLACEMENT_3D('',#3014,#3015,#3016);
#3014 = CARTESIAN_POINT('',(18.58,-42.,1.11));
#3015 = DIRECTION('',(-0.,0.,-1.));
#3016 = DIRECTION('',(-0.,-1.,0.));
#3017 = FACE_BOUND('',#3018,.T.);
#3018 = EDGE_LOOP('',(#3019));
#3019 = ORIENTED_EDGE('',*,*,#3020,.T.);
#3020 = EDGE_CURVE('',#3021,#3021,#3023,.T.);
#3021 = VERTEX_POINT('',#3022);
#3022 = CARTESIAN_POINT('',(23.41,-53.04,1.11));
#3023 = CIRCLE('',#3024,0.5);
#3024 = AXIS2_PLACEMENT_3D('',#3025,#3026,#3027);
#3025 = CARTESIAN_POINT('',(23.41,-52.54,1.11));
#3026 = DIRECTION('',(-0.,0.,-1.));
#3027 = DIRECTION('',(-0.,-1.,0.));
#3028 = FACE_BOUND('',#3029,.T.);
#3029 = EDGE_LOOP('',(#3030));
#3030 = ORIENTED_EDGE('',*,*,#3031,.T.);
#3031 = EDGE_CURVE('',#3032,#3032,#3034,.T.);
#3032 = VERTEX_POINT('',#3033);
#3033 = CARTESIAN_POINT('',(25.95,-53.04,1.11));
#3034 = CIRCLE('',#3035,0.5);
#3035 = AXIS2_PLACEMENT_3D('',#3036,#3037,#3038);
#3036 = CARTESIAN_POINT('',(25.95,-52.54,1.11));
#3037 = DIRECTION('',(-0.,0.,-1.));
#3038 = DIRECTION('',(-0.,-1.,0.));
#3039 = FACE_BOUND('',#3040,.T.);
#3040 = EDGE_LOOP('',(#3041));
#3041 = ORIENTED_EDGE('',*,*,#3042,.T.);
#3042 = EDGE_CURVE('',#3043,#3043,#3045,.T.);
#3043 = VERTEX_POINT('',#3044);
#3044 = CARTESIAN_POINT('',(23.41,-50.5,1.11));
#3045 = CIRCLE('',#3046,0.5);
#3046 = AXIS2_PLACEMENT_3D('',#3047,#3048,#3049);
#3047 = CARTESIAN_POINT('',(23.41,-50.,1.11));
#3048 = DIRECTION('',(-0.,0.,-1.));
#3049 = DIRECTION('',(-0.,-1.,0.));
#3050 = FACE_BOUND('',#3051,.T.);
#3051 = EDGE_LOOP('',(#3052));
#3052 = ORIENTED_EDGE('',*,*,#3053,.T.);
#3053 = EDGE_CURVE('',#3054,#3054,#3056,.T.);
#3054 = VERTEX_POINT('',#3055);
#3055 = CARTESIAN_POINT('',(25.95,-50.5,1.11));
#3056 = CIRCLE('',#3057,0.5);
#3057 = AXIS2_PLACEMENT_3D('',#3058,#3059,#3060);
#3058 = CARTESIAN_POINT('',(25.95,-50.,1.11));
#3059 = DIRECTION('',(-0.,0.,-1.));
#3060 = DIRECTION('',(-0.,-1.,0.));
#3061 = FACE_BOUND('',#3062,.T.);
#3062 = EDGE_LOOP('',(#3063));
#3063 = ORIENTED_EDGE('',*,*,#3064,.T.);
#3064 = EDGE_CURVE('',#3065,#3065,#3067,.T.);
#3065 = VERTEX_POINT('',#3066);
#3066 = CARTESIAN_POINT('',(28.49,-53.04,1.11));
#3067 = CIRCLE('',#3068,0.5);
#3068 = AXIS2_PLACEMENT_3D('',#3069,#3070,#3071);
#3069 = CARTESIAN_POINT('',(28.49,-52.54,1.11));
#3070 = DIRECTION('',(-0.,0.,-1.));
#3071 = DIRECTION('',(-0.,-1.,0.));
#3072 = FACE_BOUND('',#3073,.T.);
#3073 = EDGE_LOOP('',(#3074));
#3074 = ORIENTED_EDGE('',*,*,#3075,.T.);
#3075 = EDGE_CURVE('',#3076,#3076,#3078,.T.);
#3076 = VERTEX_POINT('',#3077);
#3077 = CARTESIAN_POINT('',(31.03,-53.04,1.11));
#3078 = CIRCLE('',#3079,0.5);
#3079 = AXIS2_PLACEMENT_3D('',#3080,#3081,#3082);
#3080 = CARTESIAN_POINT('',(31.03,-52.54,1.11));
#3081 = DIRECTION('',(-0.,0.,-1.));
#3082 = DIRECTION('',(-0.,-1.,0.));
#3083 = FACE_BOUND('',#3084,.T.);
#3084 = EDGE_LOOP('',(#3085));
#3085 = ORIENTED_EDGE('',*,*,#3086,.T.);
#3086 = EDGE_CURVE('',#3087,#3087,#3089,.T.);
#3087 = VERTEX_POINT('',#3088);
#3088 = CARTESIAN_POINT('',(28.49,-50.5,1.11));
#3089 = CIRCLE('',#3090,0.5);
#3090 = AXIS2_PLACEMENT_3D('',#3091,#3092,#3093);
#3091 = CARTESIAN_POINT('',(28.49,-50.,1.11));
#3092 = DIRECTION('',(-0.,0.,-1.));
#3093 = DIRECTION('',(-0.,-1.,0.));
#3094 = FACE_BOUND('',#3095,.T.);
#3095 = EDGE_LOOP('',(#3096));
#3096 = ORIENTED_EDGE('',*,*,#3097,.T.);
#3097 = EDGE_CURVE('',#3098,#3098,#3100,.T.);
#3098 = VERTEX_POINT('',#3099);
#3099 = CARTESIAN_POINT('',(31.03,-50.5,1.11));
#3100 = CIRCLE('',#3101,0.5);
#3101 = AXIS2_PLACEMENT_3D('',#3102,#3103,#3104);
#3102 = CARTESIAN_POINT('',(31.03,-50.,1.11));
#3103 = DIRECTION('',(-0.,0.,-1.));
#3104 = DIRECTION('',(-0.,-1.,0.));
#3105 = FACE_BOUND('',#3106,.T.);
#3106 = EDGE_LOOP('',(#3107));
#3107 = ORIENTED_EDGE('',*,*,#3108,.T.);
#3108 = EDGE_CURVE('',#3109,#3109,#3111,.T.);
#3109 = VERTEX_POINT('',#3110);
#3110 = CARTESIAN_POINT('',(33.57,-53.04,1.11));
#3111 = CIRCLE('',#3112,0.5);
#3112 = AXIS2_PLACEMENT_3D('',#3113,#3114,#3115);
#3113 = CARTESIAN_POINT('',(33.57,-52.54,1.11));
#3114 = DIRECTION('',(-0.,0.,-1.));
#3115 = DIRECTION('',(-0.,-1.,0.));
#3116 = FACE_BOUND('',#3117,.T.);
#3117 = EDGE_LOOP('',(#3118));
#3118 = ORIENTED_EDGE('',*,*,#3119,.T.);
#3119 = EDGE_CURVE('',#3120,#3120,#3122,.T.);
#3120 = VERTEX_POINT('',#3121);
#3121 = CARTESIAN_POINT('',(36.11,-53.04,1.11));
#3122 = CIRCLE('',#3123,0.5);
#3123 = AXIS2_PLACEMENT_3D('',#3124,#3125,#3126);
#3124 = CARTESIAN_POINT('',(36.11,-52.54,1.11));
#3125 = DIRECTION('',(-0.,0.,-1.));
#3126 = DIRECTION('',(-0.,-1.,0.));
#3127 = FACE_BOUND('',#3128,.T.);
#3128 = EDGE_LOOP('',(#3129));
#3129 = ORIENTED_EDGE('',*,*,#3130,.T.);
#3130 = EDGE_CURVE('',#3131,#3131,#3133,.T.);
#3131 = VERTEX_POINT('',#3132);
#3132 = CARTESIAN_POINT('',(33.57,-50.5,1.11));
#3133 = CIRCLE('',#3134,0.5);
#3134 = AXIS2_PLACEMENT_3D('',#3135,#3136,#3137);
#3135 = CARTESIAN_POINT('',(33.57,-50.,1.11));
#3136 = DIRECTION('',(-0.,0.,-1.));
#3137 = DIRECTION('',(-0.,-1.,0.));
#3138 = FACE_BOUND('',#3139,.T.);
#3139 = EDGE_LOOP('',(#3140));
#3140 = ORIENTED_EDGE('',*,*,#3141,.T.);
#3141 = EDGE_CURVE('',#3142,#3142,#3144,.T.);
#3142 = VERTEX_POINT('',#3143);
#3143 = CARTESIAN_POINT('',(36.11,-50.5,1.11));
#3144 = CIRCLE('',#3145,0.5);
#3145 = AXIS2_PLACEMENT_3D('',#3146,#3147,#3148);
#3146 = CARTESIAN_POINT('',(36.11,-50.,1.11));
#3147 = DIRECTION('',(-0.,0.,-1.));
#3148 = DIRECTION('',(-0.,-1.,0.));
#3149 = FACE_BOUND('',#3150,.T.);
#3150 = EDGE_LOOP('',(#3151));
#3151 = ORIENTED_EDGE('',*,*,#3152,.T.);
#3152 = EDGE_CURVE('',#3153,#3153,#3155,.T.);
#3153 = VERTEX_POINT('',#3154);
#3154 = CARTESIAN_POINT('',(38.65,-53.04,1.11));
#3155 = CIRCLE('',#3156,0.5);
#3156 = AXIS2_PLACEMENT_3D('',#3157,#3158,#3159);
#3157 = CARTESIAN_POINT('',(38.65,-52.54,1.11));
#3158 = DIRECTION('',(-0.,0.,-1.));
#3159 = DIRECTION('',(-0.,-1.,0.));
#3160 = FACE_BOUND('',#3161,.T.);
#3161 = EDGE_LOOP('',(#3162));
#3162 = ORIENTED_EDGE('',*,*,#3163,.T.);
#3163 = EDGE_CURVE('',#3164,#3164,#3166,.T.);
#3164 = VERTEX_POINT('',#3165);
#3165 = CARTESIAN_POINT('',(41.19,-53.04,1.11));
#3166 = CIRCLE('',#3167,0.5);
#3167 = AXIS2_PLACEMENT_3D('',#3168,#3169,#3170);
#3168 = CARTESIAN_POINT('',(41.19,-52.54,1.11));
#3169 = DIRECTION('',(-0.,0.,-1.));
#3170 = DIRECTION('',(-0.,-1.,0.));
#3171 = FACE_BOUND('',#3172,.T.);
#3172 = EDGE_LOOP('',(#3173));
#3173 = ORIENTED_EDGE('',*,*,#3174,.T.);
#3174 = EDGE_CURVE('',#3175,#3175,#3177,.T.);
#3175 = VERTEX_POINT('',#3176);
#3176 = CARTESIAN_POINT('',(38.65,-50.5,1.11));
#3177 = CIRCLE('',#3178,0.5);
#3178 = AXIS2_PLACEMENT_3D('',#3179,#3180,#3181);
#3179 = CARTESIAN_POINT('',(38.65,-50.,1.11));
#3180 = DIRECTION('',(-0.,0.,-1.));
#3181 = DIRECTION('',(-0.,-1.,0.));
#3182 = FACE_BOUND('',#3183,.T.);
#3183 = EDGE_LOOP('',(#3184));
#3184 = ORIENTED_EDGE('',*,*,#3185,.T.);
#3185 = EDGE_CURVE('',#3186,#3186,#3188,.T.);
#3186 = VERTEX_POINT('',#3187);
#3187 = CARTESIAN_POINT('',(41.19,-50.5,1.11));
#3188 = CIRCLE('',#3189,0.5);
#3189 = AXIS2_PLACEMENT_3D('',#3190,#3191,#3192);
#3190 = CARTESIAN_POINT('',(41.19,-50.,1.11));
#3191 = DIRECTION('',(-0.,0.,-1.));
#3192 = DIRECTION('',(-0.,-1.,0.));
#3193 = FACE_BOUND('',#3194,.T.);
#3194 = EDGE_LOOP('',(#3195));
#3195 = ORIENTED_EDGE('',*,*,#3196,.T.);
#3196 = EDGE_CURVE('',#3197,#3197,#3199,.T.);
#3197 = VERTEX_POINT('',#3198);
#3198 = CARTESIAN_POINT('',(2.,-40.6,1.11));
#3199 = CIRCLE('',#3200,0.4);
#3200 = AXIS2_PLACEMENT_3D('',#3201,#3202,#3203);
#3201 = CARTESIAN_POINT('',(2.,-40.2,1.11));
#3202 = DIRECTION('',(-0.,0.,-1.));
#3203 = DIRECTION('',(-0.,-1.,0.));
#3204 = FACE_BOUND('',#3205,.T.);
#3205 = EDGE_LOOP('',(#3206));
#3206 = ORIENTED_EDGE('',*,*,#3207,.T.);
#3207 = EDGE_CURVE('',#3208,#3208,#3210,.T.);
#3208 = VERTEX_POINT('',#3209);
#3209 = CARTESIAN_POINT('',(9.62,-40.6,1.11));
#3210 = CIRCLE('',#3211,0.4);
#3211 = AXIS2_PLACEMENT_3D('',#3212,#3213,#3214);
#3212 = CARTESIAN_POINT('',(9.62,-40.2,1.11));
#3213 = DIRECTION('',(-0.,0.,-1.));
#3214 = DIRECTION('',(-4.440892098501E-15,-1.,0.));
#3215 = FACE_BOUND('',#3216,.T.);
#3216 = EDGE_LOOP('',(#3217));
#3217 = ORIENTED_EDGE('',*,*,#3218,.T.);
#3218 = EDGE_CURVE('',#3219,#3219,#3221,.T.);
#3219 = VERTEX_POINT('',#3220);
#3220 = CARTESIAN_POINT('',(2.,-37.4,1.11));
#3221 = CIRCLE('',#3222,0.4);
#3222 = AXIS2_PLACEMENT_3D('',#3223,#3224,#3225);
#3223 = CARTESIAN_POINT('',(2.,-37.,1.11));
#3224 = DIRECTION('',(-0.,0.,-1.));
#3225 = DIRECTION('',(-0.,-1.,0.));
#3226 = FACE_BOUND('',#3227,.T.);
#3227 = EDGE_LOOP('',(#3228));
#3228 = ORIENTED_EDGE('',*,*,#3229,.T.);
#3229 = EDGE_CURVE('',#3230,#3230,#3232,.T.);
#3230 = VERTEX_POINT('',#3231);
#3231 = CARTESIAN_POINT('',(9.62,-37.4,1.11));
#3232 = CIRCLE('',#3233,0.4);
#3233 = AXIS2_PLACEMENT_3D('',#3234,#3235,#3236);
#3234 = CARTESIAN_POINT('',(9.62,-37.,1.11));
#3235 = DIRECTION('',(-0.,0.,-1.));
#3236 = DIRECTION('',(-4.440892098501E-15,-1.,0.));
#3237 = FACE_BOUND('',#3238,.T.);
#3238 = EDGE_LOOP('',(#3239));
#3239 = ORIENTED_EDGE('',*,*,#3240,.T.);
#3240 = EDGE_CURVE('',#3241,#3241,#3243,.T.);
#3241 = VERTEX_POINT('',#3242);
#3242 = CARTESIAN_POINT('',(15.,-37.4,1.11));
#3243 = CIRCLE('',#3244,0.4);
#3244 = AXIS2_PLACEMENT_3D('',#3245,#3246,#3247);
#3245 = CARTESIAN_POINT('',(15.,-37.,1.11));
#3246 = DIRECTION('',(-0.,0.,-1.));
#3247 = DIRECTION('',(-0.,-1.,0.));
#3248 = FACE_BOUND('',#3249,.T.);
#3249 = EDGE_LOOP('',(#3250));
#3250 = ORIENTED_EDGE('',*,*,#3251,.T.);
#3251 = EDGE_CURVE('',#3252,#3252,#3254,.T.);
#3252 = VERTEX_POINT('',#3253);
#3253 = CARTESIAN_POINT('',(15.,-35.4,1.11));
#3254 = CIRCLE('',#3255,0.4);
#3255 = AXIS2_PLACEMENT_3D('',#3256,#3257,#3258);
#3256 = CARTESIAN_POINT('',(15.,-35.,1.11));
#3257 = DIRECTION('',(-0.,0.,-1.));
#3258 = DIRECTION('',(-0.,-1.,0.));
#3259 = FACE_BOUND('',#3260,.T.);
#3260 = EDGE_LOOP('',(#3261));
#3261 = ORIENTED_EDGE('',*,*,#3262,.T.);
#3262 = EDGE_CURVE('',#3263,#3263,#3265,.T.);
#3263 = VERTEX_POINT('',#3264);
#3264 = CARTESIAN_POINT('',(2.,-34.2,1.11));
#3265 = CIRCLE('',#3266,0.4);
#3266 = AXIS2_PLACEMENT_3D('',#3267,#3268,#3269);
#3267 = CARTESIAN_POINT('',(2.,-33.8,1.11));
#3268 = DIRECTION('',(-0.,0.,-1.));
#3269 = DIRECTION('',(-0.,-1.,0.));
#3270 = FACE_BOUND('',#3271,.T.);
#3271 = EDGE_LOOP('',(#3272));
#3272 = ORIENTED_EDGE('',*,*,#3273,.T.);
#3273 = EDGE_CURVE('',#3274,#3274,#3276,.T.);
#3274 = VERTEX_POINT('',#3275);
#3275 = CARTESIAN_POINT('',(9.62,-34.2,1.11));
#3276 = CIRCLE('',#3277,0.4);
#3277 = AXIS2_PLACEMENT_3D('',#3278,#3279,#3280);
#3278 = CARTESIAN_POINT('',(9.62,-33.8,1.11));
#3279 = DIRECTION('',(-0.,0.,-1.));
#3280 = DIRECTION('',(-4.440892098501E-15,-1.,0.));
#3281 = FACE_BOUND('',#3282,.T.);
#3282 = EDGE_LOOP('',(#3283));
#3283 = ORIENTED_EDGE('',*,*,#3284,.T.);
#3284 = EDGE_CURVE('',#3285,#3285,#3287,.T.);
#3285 = VERTEX_POINT('',#3286);
#3286 = CARTESIAN_POINT('',(2.,-31.,1.11));
#3287 = CIRCLE('',#3288,0.4);
#3288 = AXIS2_PLACEMENT_3D('',#3289,#3290,#3291);
#3289 = CARTESIAN_POINT('',(2.,-30.6,1.11));
#3290 = DIRECTION('',(-0.,0.,-1.));
#3291 = DIRECTION('',(-0.,-1.,0.));
#3292 = FACE_BOUND('',#3293,.T.);
#3293 = EDGE_LOOP('',(#3294));
#3294 = ORIENTED_EDGE('',*,*,#3295,.T.);
#3295 = EDGE_CURVE('',#3296,#3296,#3298,.T.);
#3296 = VERTEX_POINT('',#3297);
#3297 = CARTESIAN_POINT('',(9.62,-31.,1.11));
#3298 = CIRCLE('',#3299,0.4);
#3299 = AXIS2_PLACEMENT_3D('',#3300,#3301,#3302);
#3300 = CARTESIAN_POINT('',(9.62,-30.6,1.11));
#3301 = DIRECTION('',(-0.,0.,-1.));
#3302 = DIRECTION('',(-4.440892098501E-15,-1.,0.));
#3303 = FACE_BOUND('',#3304,.T.);
#3304 = EDGE_LOOP('',(#3305));
#3305 = ORIENTED_EDGE('',*,*,#3306,.T.);
#3306 = EDGE_CURVE('',#3307,#3307,#3309,.T.);
#3307 = VERTEX_POINT('',#3308);
#3308 = CARTESIAN_POINT('',(14.5,-31.8,1.11));
#3309 = CIRCLE('',#3310,0.4);
#3310 = AXIS2_PLACEMENT_3D('',#3311,#3312,#3313);
#3311 = CARTESIAN_POINT('',(14.5,-31.4,1.11));
#3312 = DIRECTION('',(-0.,0.,-1.));
#3313 = DIRECTION('',(-0.,-1.,0.));
#3314 = FACE_BOUND('',#3315,.T.);
#3315 = EDGE_LOOP('',(#3316));
#3316 = ORIENTED_EDGE('',*,*,#3317,.T.);
#3317 = EDGE_CURVE('',#3318,#3318,#3320,.T.);
#3318 = VERTEX_POINT('',#3319);
#3319 = CARTESIAN_POINT('',(14.5,-29.3,1.11));
#3320 = CIRCLE('',#3321,0.4);
#3321 = AXIS2_PLACEMENT_3D('',#3322,#3323,#3324);
#3322 = CARTESIAN_POINT('',(14.5,-28.9,1.11));
#3323 = DIRECTION('',(-0.,0.,-1.));
#3324 = DIRECTION('',(-0.,-1.,0.));
#3325 = FACE_BOUND('',#3326,.T.);
#3326 = EDGE_LOOP('',(#3327));
#3327 = ORIENTED_EDGE('',*,*,#3328,.T.);
#3328 = EDGE_CURVE('',#3329,#3329,#3331,.T.);
#3329 = VERTEX_POINT('',#3330);
#3330 = CARTESIAN_POINT('',(24.6,-29.4,1.11));
#3331 = CIRCLE('',#3332,0.6);
#3332 = AXIS2_PLACEMENT_3D('',#3333,#3334,#3335);
#3333 = CARTESIAN_POINT('',(24.6,-28.8,1.11));
#3334 = DIRECTION('',(-0.,0.,-1.));
#3335 = DIRECTION('',(-0.,-1.,0.));
#3336 = FACE_BOUND('',#3337,.T.);
#3337 = EDGE_LOOP('',(#3338));
#3338 = ORIENTED_EDGE('',*,*,#3339,.T.);
#3339 = EDGE_CURVE('',#3340,#3340,#3342,.T.);
#3340 = VERTEX_POINT('',#3341);
#3341 = CARTESIAN_POINT('',(29.6,-29.4,1.11));
#3342 = CIRCLE('',#3343,0.6);
#3343 = AXIS2_PLACEMENT_3D('',#3344,#3345,#3346);
#3344 = CARTESIAN_POINT('',(29.6,-28.8,1.11));
#3345 = DIRECTION('',(-0.,0.,-1.));
#3346 = DIRECTION('',(-0.,-1.,0.));
#3347 = FACE_BOUND('',#3348,.T.);
#3348 = EDGE_LOOP('',(#3349));
#3349 = ORIENTED_EDGE('',*,*,#3350,.T.);
#3350 = EDGE_CURVE('',#3351,#3351,#3353,.T.);
#3351 = VERTEX_POINT('',#3352);
#3352 = CARTESIAN_POINT('',(33.57,-32.63,1.11));
#3353 = CIRCLE('',#3354,0.5);
#3354 = AXIS2_PLACEMENT_3D('',#3355,#3356,#3357);
#3355 = CARTESIAN_POINT('',(33.57,-32.13,1.11));
#3356 = DIRECTION('',(-0.,0.,-1.));
#3357 = DIRECTION('',(-0.,-1.,0.));
#3358 = FACE_BOUND('',#3359,.T.);
#3359 = EDGE_LOOP('',(#3360));
#3360 = ORIENTED_EDGE('',*,*,#3361,.T.);
#3361 = EDGE_CURVE('',#3362,#3362,#3364,.T.);
#3362 = VERTEX_POINT('',#3363);
#3363 = CARTESIAN_POINT('',(36.11,-32.63,1.11));
#3364 = CIRCLE('',#3365,0.5);
#3365 = AXIS2_PLACEMENT_3D('',#3366,#3367,#3368);
#3366 = CARTESIAN_POINT('',(36.11,-32.13,1.11));
#3367 = DIRECTION('',(-0.,0.,-1.));
#3368 = DIRECTION('',(-0.,-1.,0.));
#3369 = FACE_BOUND('',#3370,.T.);
#3370 = EDGE_LOOP('',(#3371));
#3371 = ORIENTED_EDGE('',*,*,#3372,.T.);
#3372 = EDGE_CURVE('',#3373,#3373,#3375,.T.);
#3373 = VERTEX_POINT('',#3374);
#3374 = CARTESIAN_POINT('',(38.65,-32.63,1.11));
#3375 = CIRCLE('',#3376,0.5);
#3376 = AXIS2_PLACEMENT_3D('',#3377,#3378,#3379);
#3377 = CARTESIAN_POINT('',(38.65,-32.13,1.11));
#3378 = DIRECTION('',(-0.,0.,-1.));
#3379 = DIRECTION('',(-0.,-1.,0.));
#3380 = FACE_BOUND('',#3381,.T.);
#3381 = EDGE_LOOP('',(#3382));
#3382 = ORIENTED_EDGE('',*,*,#3383,.T.);
#3383 = EDGE_CURVE('',#3384,#3384,#3386,.T.);
#3384 = VERTEX_POINT('',#3385);
#3385 = CARTESIAN_POINT('',(41.19,-32.63,1.11));
#3386 = CIRCLE('',#3387,0.5);
#3387 = AXIS2_PLACEMENT_3D('',#3388,#3389,#3390);
#3388 = CARTESIAN_POINT('',(41.19,-32.13,1.11));
#3389 = DIRECTION('',(-0.,0.,-1.));
#3390 = DIRECTION('',(-0.,-1.,0.));
#3391 = FACE_BOUND('',#3392,.T.);
#3392 = EDGE_LOOP('',(#3393));
#3393 = ORIENTED_EDGE('',*,*,#3394,.T.);
#3394 = EDGE_CURVE('',#3395,#3395,#3397,.T.);
#3395 = VERTEX_POINT('',#3396);
#3396 = CARTESIAN_POINT('',(33.57,-30.09,1.11));
#3397 = CIRCLE('',#3398,0.5);
#3398 = AXIS2_PLACEMENT_3D('',#3399,#3400,#3401);
#3399 = CARTESIAN_POINT('',(33.57,-29.59,1.11));
#3400 = DIRECTION('',(-0.,0.,-1.));
#3401 = DIRECTION('',(-0.,-1.,0.));
#3402 = FACE_BOUND('',#3403,.T.);
#3403 = EDGE_LOOP('',(#3404));
#3404 = ORIENTED_EDGE('',*,*,#3405,.T.);
#3405 = EDGE_CURVE('',#3406,#3406,#3408,.T.);
#3406 = VERTEX_POINT('',#3407);
#3407 = CARTESIAN_POINT('',(36.11,-30.09,1.11));
#3408 = CIRCLE('',#3409,0.5);
#3409 = AXIS2_PLACEMENT_3D('',#3410,#3411,#3412);
#3410 = CARTESIAN_POINT('',(36.11,-29.59,1.11));
#3411 = DIRECTION('',(-0.,0.,-1.));
#3412 = DIRECTION('',(-0.,-1.,0.));
#3413 = FACE_BOUND('',#3414,.T.);
#3414 = EDGE_LOOP('',(#3415));
#3415 = ORIENTED_EDGE('',*,*,#3416,.T.);
#3416 = EDGE_CURVE('',#3417,#3417,#3419,.T.);
#3417 = VERTEX_POINT('',#3418);
#3418 = CARTESIAN_POINT('',(38.65,-30.09,1.11));
#3419 = CIRCLE('',#3420,0.5);
#3420 = AXIS2_PLACEMENT_3D('',#3421,#3422,#3423);
#3421 = CARTESIAN_POINT('',(38.65,-29.59,1.11));
#3422 = DIRECTION('',(-0.,0.,-1.));
#3423 = DIRECTION('',(-0.,-1.,0.));
#3424 = FACE_BOUND('',#3425,.T.);
#3425 = EDGE_LOOP('',(#3426));
#3426 = ORIENTED_EDGE('',*,*,#3427,.T.);
#3427 = EDGE_CURVE('',#3428,#3428,#3430,.T.);
#3428 = VERTEX_POINT('',#3429);
#3429 = CARTESIAN_POINT('',(41.19,-30.09,1.11));
#3430 = CIRCLE('',#3431,0.5);
#3431 = AXIS2_PLACEMENT_3D('',#3432,#3433,#3434);
#3432 = CARTESIAN_POINT('',(41.19,-29.59,1.11));
#3433 = DIRECTION('',(-0.,0.,-1.));
#3434 = DIRECTION('',(-0.,-1.,0.));
#3435 = FACE_BOUND('',#3436,.T.);
#3436 = EDGE_LOOP('',(#3437));
#3437 = ORIENTED_EDGE('',*,*,#3438,.T.);
#3438 = EDGE_CURVE('',#3439,#3439,#3441,.T.);
#3439 = VERTEX_POINT('',#3440);
#3440 = CARTESIAN_POINT('',(43.73,-53.04,1.11));
#3441 = CIRCLE('',#3442,0.5);
#3442 = AXIS2_PLACEMENT_3D('',#3443,#3444,#3445);
#3443 = CARTESIAN_POINT('',(43.73,-52.54,1.11));
#3444 = DIRECTION('',(-0.,0.,-1.));
#3445 = DIRECTION('',(-0.,-1.,0.));
#3446 = FACE_BOUND('',#3447,.T.);
#3447 = EDGE_LOOP('',(#3448));
#3448 = ORIENTED_EDGE('',*,*,#3449,.T.);
#3449 = EDGE_CURVE('',#3450,#3450,#3452,.T.);
#3450 = VERTEX_POINT('',#3451);
#3451 = CARTESIAN_POINT('',(46.27,-53.04,1.11));
#3452 = CIRCLE('',#3453,0.5);
#3453 = AXIS2_PLACEMENT_3D('',#3454,#3455,#3456);
#3454 = CARTESIAN_POINT('',(46.27,-52.54,1.11));
#3455 = DIRECTION('',(-0.,0.,-1.));
#3456 = DIRECTION('',(-0.,-1.,0.));
#3457 = FACE_BOUND('',#3458,.T.);
#3458 = EDGE_LOOP('',(#3459));
#3459 = ORIENTED_EDGE('',*,*,#3460,.T.);
#3460 = EDGE_CURVE('',#3461,#3461,#3463,.T.);
#3461 = VERTEX_POINT('',#3462);
#3462 = CARTESIAN_POINT('',(43.73,-50.5,1.11));
#3463 = CIRCLE('',#3464,0.5);
#3464 = AXIS2_PLACEMENT_3D('',#3465,#3466,#3467);
#3465 = CARTESIAN_POINT('',(43.73,-50.,1.11));
#3466 = DIRECTION('',(-0.,0.,-1.));
#3467 = DIRECTION('',(-0.,-1.,0.));
#3468 = FACE_BOUND('',#3469,.T.);
#3469 = EDGE_LOOP('',(#3470));
#3470 = ORIENTED_EDGE('',*,*,#3471,.T.);
#3471 = EDGE_CURVE('',#3472,#3472,#3474,.T.);
#3472 = VERTEX_POINT('',#3473);
#3473 = CARTESIAN_POINT('',(46.27,-50.5,1.11));
#3474 = CIRCLE('',#3475,0.5);
#3475 = AXIS2_PLACEMENT_3D('',#3476,#3477,#3478);
#3476 = CARTESIAN_POINT('',(46.27,-50.,1.11));
#3477 = DIRECTION('',(-0.,0.,-1.));
#3478 = DIRECTION('',(-0.,-1.,0.));
#3479 = FACE_BOUND('',#3480,.T.);
#3480 = EDGE_LOOP('',(#3481));
#3481 = ORIENTED_EDGE('',*,*,#3482,.T.);
#3482 = EDGE_CURVE('',#3483,#3483,#3485,.T.);
#3483 = VERTEX_POINT('',#3484);
#3484 = CARTESIAN_POINT('',(48.81,-53.04,1.11));
#3485 = CIRCLE('',#3486,0.5);
#3486 = AXIS2_PLACEMENT_3D('',#3487,#3488,#3489);
#3487 = CARTESIAN_POINT('',(48.81,-52.54,1.11));
#3488 = DIRECTION('',(-0.,0.,-1.));
#3489 = DIRECTION('',(-0.,-1.,0.));
#3490 = FACE_BOUND('',#3491,.T.);
#3491 = EDGE_LOOP('',(#3492));
#3492 = ORIENTED_EDGE('',*,*,#3493,.T.);
#3493 = EDGE_CURVE('',#3494,#3494,#3496,.T.);
#3494 = VERTEX_POINT('',#3495);
#3495 = CARTESIAN_POINT('',(51.35,-53.04,1.11));
#3496 = CIRCLE('',#3497,0.5);
#3497 = AXIS2_PLACEMENT_3D('',#3498,#3499,#3500);
#3498 = CARTESIAN_POINT('',(51.35,-52.54,1.11));
#3499 = DIRECTION('',(-0.,0.,-1.));
#3500 = DIRECTION('',(-0.,-1.,0.));
#3501 = FACE_BOUND('',#3502,.T.);
#3502 = EDGE_LOOP('',(#3503));
#3503 = ORIENTED_EDGE('',*,*,#3504,.T.);
#3504 = EDGE_CURVE('',#3505,#3505,#3507,.T.);
#3505 = VERTEX_POINT('',#3506);
#3506 = CARTESIAN_POINT('',(48.81,-50.5,1.11));
#3507 = CIRCLE('',#3508,0.5);
#3508 = AXIS2_PLACEMENT_3D('',#3509,#3510,#3511);
#3509 = CARTESIAN_POINT('',(48.81,-50.,1.11));
#3510 = DIRECTION('',(-0.,0.,-1.));
#3511 = DIRECTION('',(-0.,-1.,0.));
#3512 = FACE_BOUND('',#3513,.T.);
#3513 = EDGE_LOOP('',(#3514));
#3514 = ORIENTED_EDGE('',*,*,#3515,.T.);
#3515 = EDGE_CURVE('',#3516,#3516,#3518,.T.);
#3516 = VERTEX_POINT('',#3517);
#3517 = CARTESIAN_POINT('',(51.35,-50.5,1.11));
#3518 = CIRCLE('',#3519,0.5);
#3519 = AXIS2_PLACEMENT_3D('',#3520,#3521,#3522);
#3520 = CARTESIAN_POINT('',(51.35,-50.,1.11));
#3521 = DIRECTION('',(-0.,0.,-1.));
#3522 = DIRECTION('',(-0.,-1.,0.));
#3523 = FACE_BOUND('',#3524,.T.);
#3524 = EDGE_LOOP('',(#3525));
#3525 = ORIENTED_EDGE('',*,*,#3526,.T.);
#3526 = EDGE_CURVE('',#3527,#3527,#3529,.T.);
#3527 = VERTEX_POINT('',#3528);
#3528 = CARTESIAN_POINT('',(53.89,-53.04,1.11));
#3529 = CIRCLE('',#3530,0.5);
#3530 = AXIS2_PLACEMENT_3D('',#3531,#3532,#3533);
#3531 = CARTESIAN_POINT('',(53.89,-52.54,1.11));
#3532 = DIRECTION('',(-0.,0.,-1.));
#3533 = DIRECTION('',(-0.,-1.,0.));
#3534 = FACE_BOUND('',#3535,.T.);
#3535 = EDGE_LOOP('',(#3536));
#3536 = ORIENTED_EDGE('',*,*,#3537,.T.);
#3537 = EDGE_CURVE('',#3538,#3538,#3540,.T.);
#3538 = VERTEX_POINT('',#3539);
#3539 = CARTESIAN_POINT('',(56.43,-53.04,1.11));
#3540 = CIRCLE('',#3541,0.5);
#3541 = AXIS2_PLACEMENT_3D('',#3542,#3543,#3544);
#3542 = CARTESIAN_POINT('',(56.43,-52.54,1.11));
#3543 = DIRECTION('',(-0.,0.,-1.));
#3544 = DIRECTION('',(-0.,-1.,0.));
#3545 = FACE_BOUND('',#3546,.T.);
#3546 = EDGE_LOOP('',(#3547));
#3547 = ORIENTED_EDGE('',*,*,#3548,.T.);
#3548 = EDGE_CURVE('',#3549,#3549,#3551,.T.);
#3549 = VERTEX_POINT('',#3550);
#3550 = CARTESIAN_POINT('',(53.89,-50.5,1.11));
#3551 = CIRCLE('',#3552,0.5);
#3552 = AXIS2_PLACEMENT_3D('',#3553,#3554,#3555);
#3553 = CARTESIAN_POINT('',(53.89,-50.,1.11));
#3554 = DIRECTION('',(-0.,0.,-1.));
#3555 = DIRECTION('',(-0.,-1.,0.));
#3556 = FACE_BOUND('',#3557,.T.);
#3557 = EDGE_LOOP('',(#3558));
#3558 = ORIENTED_EDGE('',*,*,#3559,.T.);
#3559 = EDGE_CURVE('',#3560,#3560,#3562,.T.);
#3560 = VERTEX_POINT('',#3561);
#3561 = CARTESIAN_POINT('',(56.43,-50.5,1.11));
#3562 = CIRCLE('',#3563,0.5);
#3563 = AXIS2_PLACEMENT_3D('',#3564,#3565,#3566);
#3564 = CARTESIAN_POINT('',(56.43,-50.,1.11));
#3565 = DIRECTION('',(-0.,0.,-1.));
#3566 = DIRECTION('',(-0.,-1.,0.));
#3567 = FACE_BOUND('',#3568,.T.);
#3568 = EDGE_LOOP('',(#3569));
#3569 = ORIENTED_EDGE('',*,*,#3570,.T.);
#3570 = EDGE_CURVE('',#3571,#3571,#3573,.T.);
#3571 = VERTEX_POINT('',#3572);
#3572 = CARTESIAN_POINT('',(58.97,-53.04,1.11));
#3573 = CIRCLE('',#3574,0.5);
#3574 = AXIS2_PLACEMENT_3D('',#3575,#3576,#3577);
#3575 = CARTESIAN_POINT('',(58.97,-52.54,1.11));
#3576 = DIRECTION('',(-0.,0.,-1.));
#3577 = DIRECTION('',(-0.,-1.,0.));
#3578 = FACE_BOUND('',#3579,.T.);
#3579 = EDGE_LOOP('',(#3580));
#3580 = ORIENTED_EDGE('',*,*,#3581,.T.);
#3581 = EDGE_CURVE('',#3582,#3582,#3584,.T.);
#3582 = VERTEX_POINT('',#3583);
#3583 = CARTESIAN_POINT('',(61.51,-53.04,1.11));
#3584 = CIRCLE('',#3585,0.5);
#3585 = AXIS2_PLACEMENT_3D('',#3586,#3587,#3588);
#3586 = CARTESIAN_POINT('',(61.51,-52.54,1.11));
#3587 = DIRECTION('',(-0.,0.,-1.));
#3588 = DIRECTION('',(-0.,-1.,0.));
#3589 = FACE_BOUND('',#3590,.T.);
#3590 = EDGE_LOOP('',(#3591));
#3591 = ORIENTED_EDGE('',*,*,#3592,.T.);
#3592 = EDGE_CURVE('',#3593,#3593,#3595,.T.);
#3593 = VERTEX_POINT('',#3594);
#3594 = CARTESIAN_POINT('',(58.97,-50.5,1.11));
#3595 = CIRCLE('',#3596,0.5);
#3596 = AXIS2_PLACEMENT_3D('',#3597,#3598,#3599);
#3597 = CARTESIAN_POINT('',(58.97,-50.,1.11));
#3598 = DIRECTION('',(-0.,0.,-1.));
#3599 = DIRECTION('',(-0.,-1.,0.));
#3600 = FACE_BOUND('',#3601,.T.);
#3601 = EDGE_LOOP('',(#3602));
#3602 = ORIENTED_EDGE('',*,*,#3603,.T.);
#3603 = EDGE_CURVE('',#3604,#3604,#3606,.T.);
#3604 = VERTEX_POINT('',#3605);
#3605 = CARTESIAN_POINT('',(61.51,-50.5,1.11));
#3606 = CIRCLE('',#3607,0.5);
#3607 = AXIS2_PLACEMENT_3D('',#3608,#3609,#3610);
#3608 = CARTESIAN_POINT('',(61.51,-50.,1.11));
#3609 = DIRECTION('',(-0.,0.,-1.));
#3610 = DIRECTION('',(-0.,-1.,0.));
#3611 = FACE_BOUND('',#3612,.T.);
#3612 = EDGE_LOOP('',(#3613));
#3613 = ORIENTED_EDGE('',*,*,#3614,.T.);
#3614 = EDGE_CURVE('',#3615,#3615,#3617,.T.);
#3615 = VERTEX_POINT('',#3616);
#3616 = CARTESIAN_POINT('',(62.,-42.65,1.11));
#3617 = CIRCLE('',#3618,0.35);
#3618 = AXIS2_PLACEMENT_3D('',#3619,#3620,#3621);
#3619 = CARTESIAN_POINT('',(62.,-42.3,1.11));
#3620 = DIRECTION('',(-0.,0.,-1.));
#3621 = DIRECTION('',(-0.,-1.,0.));
#3622 = FACE_BOUND('',#3623,.T.);
#3623 = EDGE_LOOP('',(#3624));
#3624 = ORIENTED_EDGE('',*,*,#3625,.T.);
#3625 = EDGE_CURVE('',#3626,#3626,#3628,.T.);
#3626 = VERTEX_POINT('',#3627);
#3627 = CARTESIAN_POINT('',(64.05,-53.04,1.11));
#3628 = CIRCLE('',#3629,0.5);
#3629 = AXIS2_PLACEMENT_3D('',#3630,#3631,#3632);
#3630 = CARTESIAN_POINT('',(64.05,-52.54,1.11));
#3631 = DIRECTION('',(-0.,0.,-1.));
#3632 = DIRECTION('',(-0.,-1.,0.));
#3633 = FACE_BOUND('',#3634,.T.);
#3634 = EDGE_LOOP('',(#3635));
#3635 = ORIENTED_EDGE('',*,*,#3636,.T.);
#3636 = EDGE_CURVE('',#3637,#3637,#3639,.T.);
#3637 = VERTEX_POINT('',#3638);
#3638 = CARTESIAN_POINT('',(66.59,-53.04,1.11));
#3639 = CIRCLE('',#3640,0.5);
#3640 = AXIS2_PLACEMENT_3D('',#3641,#3642,#3643);
#3641 = CARTESIAN_POINT('',(66.59,-52.54,1.11));
#3642 = DIRECTION('',(-0.,0.,-1.));
#3643 = DIRECTION('',(-0.,-1.,0.));
#3644 = FACE_BOUND('',#3645,.T.);
#3645 = EDGE_LOOP('',(#3646));
#3646 = ORIENTED_EDGE('',*,*,#3647,.T.);
#3647 = EDGE_CURVE('',#3648,#3648,#3650,.T.);
#3648 = VERTEX_POINT('',#3649);
#3649 = CARTESIAN_POINT('',(64.05,-50.5,1.11));
#3650 = CIRCLE('',#3651,0.5);
#3651 = AXIS2_PLACEMENT_3D('',#3652,#3653,#3654);
#3652 = CARTESIAN_POINT('',(64.05,-50.,1.11));
#3653 = DIRECTION('',(-0.,0.,-1.));
#3654 = DIRECTION('',(-0.,-1.,0.));
#3655 = FACE_BOUND('',#3656,.T.);
#3656 = EDGE_LOOP('',(#3657));
#3657 = ORIENTED_EDGE('',*,*,#3658,.T.);
#3658 = EDGE_CURVE('',#3659,#3659,#3661,.T.);
#3659 = VERTEX_POINT('',#3660);
#3660 = CARTESIAN_POINT('',(66.59,-50.5,1.11));
#3661 = CIRCLE('',#3662,0.5);
#3662 = AXIS2_PLACEMENT_3D('',#3663,#3664,#3665);
#3663 = CARTESIAN_POINT('',(66.59,-50.,1.11));
#3664 = DIRECTION('',(-0.,0.,-1.));
#3665 = DIRECTION('',(-0.,-1.,0.));
#3666 = FACE_BOUND('',#3667,.T.);
#3667 = EDGE_LOOP('',(#3668));
#3668 = ORIENTED_EDGE('',*,*,#3669,.T.);
#3669 = EDGE_CURVE('',#3670,#3670,#3672,.T.);
#3670 = VERTEX_POINT('',#3671);
#3671 = CARTESIAN_POINT('',(69.13,-53.04,1.11));
#3672 = CIRCLE('',#3673,0.5);
#3673 = AXIS2_PLACEMENT_3D('',#3674,#3675,#3676);
#3674 = CARTESIAN_POINT('',(69.13,-52.54,1.11));
#3675 = DIRECTION('',(-0.,0.,-1.));
#3676 = DIRECTION('',(-0.,-1.,0.));
#3677 = FACE_BOUND('',#3678,.T.);
#3678 = EDGE_LOOP('',(#3679));
#3679 = ORIENTED_EDGE('',*,*,#3680,.T.);
#3680 = EDGE_CURVE('',#3681,#3681,#3683,.T.);
#3681 = VERTEX_POINT('',#3682);
#3682 = CARTESIAN_POINT('',(71.67,-53.04,1.11));
#3683 = CIRCLE('',#3684,0.5);
#3684 = AXIS2_PLACEMENT_3D('',#3685,#3686,#3687);
#3685 = CARTESIAN_POINT('',(71.67,-52.54,1.11));
#3686 = DIRECTION('',(-0.,0.,-1.));
#3687 = DIRECTION('',(-0.,-1.,0.));
#3688 = FACE_BOUND('',#3689,.T.);
#3689 = EDGE_LOOP('',(#3690));
#3690 = ORIENTED_EDGE('',*,*,#3691,.T.);
#3691 = EDGE_CURVE('',#3692,#3692,#3694,.T.);
#3692 = VERTEX_POINT('',#3693);
#3693 = CARTESIAN_POINT('',(69.13,-50.5,1.11));
#3694 = CIRCLE('',#3695,0.5);
#3695 = AXIS2_PLACEMENT_3D('',#3696,#3697,#3698);
#3696 = CARTESIAN_POINT('',(69.13,-50.,1.11));
#3697 = DIRECTION('',(-0.,0.,-1.));
#3698 = DIRECTION('',(-0.,-1.,0.));
#3699 = FACE_BOUND('',#3700,.T.);
#3700 = EDGE_LOOP('',(#3701));
#3701 = ORIENTED_EDGE('',*,*,#3702,.T.);
#3702 = EDGE_CURVE('',#3703,#3703,#3705,.T.);
#3703 = VERTEX_POINT('',#3704);
#3704 = CARTESIAN_POINT('',(71.67,-50.5,1.11));
#3705 = CIRCLE('',#3706,0.5);
#3706 = AXIS2_PLACEMENT_3D('',#3707,#3708,#3709);
#3707 = CARTESIAN_POINT('',(71.67,-50.,1.11));
#3708 = DIRECTION('',(-0.,0.,-1.));
#3709 = DIRECTION('',(-0.,-1.,0.));
#3710 = FACE_BOUND('',#3711,.T.);
#3711 = EDGE_LOOP('',(#3712));
#3712 = ORIENTED_EDGE('',*,*,#3713,.T.);
#3713 = EDGE_CURVE('',#3714,#3714,#3716,.T.);
#3714 = VERTEX_POINT('',#3715);
#3715 = CARTESIAN_POINT('',(74.21,-53.04,1.11));
#3716 = CIRCLE('',#3717,0.5);
#3717 = AXIS2_PLACEMENT_3D('',#3718,#3719,#3720);
#3718 = CARTESIAN_POINT('',(74.21,-52.54,1.11));
#3719 = DIRECTION('',(-0.,0.,-1.));
#3720 = DIRECTION('',(-0.,-1.,0.));
#3721 = FACE_BOUND('',#3722,.T.);
#3722 = EDGE_LOOP('',(#3723));
#3723 = ORIENTED_EDGE('',*,*,#3724,.T.);
#3724 = EDGE_CURVE('',#3725,#3725,#3727,.T.);
#3725 = VERTEX_POINT('',#3726);
#3726 = CARTESIAN_POINT('',(76.75,-53.04,1.11));
#3727 = CIRCLE('',#3728,0.5);
#3728 = AXIS2_PLACEMENT_3D('',#3729,#3730,#3731);
#3729 = CARTESIAN_POINT('',(76.75,-52.54,1.11));
#3730 = DIRECTION('',(-0.,0.,-1.));
#3731 = DIRECTION('',(-0.,-1.,0.));
#3732 = FACE_BOUND('',#3733,.T.);
#3733 = EDGE_LOOP('',(#3734));
#3734 = ORIENTED_EDGE('',*,*,#3735,.T.);
#3735 = EDGE_CURVE('',#3736,#3736,#3738,.T.);
#3736 = VERTEX_POINT('',#3737);
#3737 = CARTESIAN_POINT('',(74.21,-50.5,1.11));
#3738 = CIRCLE('',#3739,0.5);
#3739 = AXIS2_PLACEMENT_3D('',#3740,#3741,#3742);
#3740 = CARTESIAN_POINT('',(74.21,-50.,1.11));
#3741 = DIRECTION('',(-0.,0.,-1.));
#3742 = DIRECTION('',(-0.,-1.,0.));
#3743 = FACE_BOUND('',#3744,.T.);
#3744 = EDGE_LOOP('',(#3745));
#3745 = ORIENTED_EDGE('',*,*,#3746,.T.);
#3746 = EDGE_CURVE('',#3747,#3747,#3749,.T.);
#3747 = VERTEX_POINT('',#3748);
#3748 = CARTESIAN_POINT('',(76.75,-50.5,1.11));
#3749 = CIRCLE('',#3750,0.5);
#3750 = AXIS2_PLACEMENT_3D('',#3751,#3752,#3753);
#3751 = CARTESIAN_POINT('',(76.75,-50.,1.11));
#3752 = DIRECTION('',(-0.,0.,-1.));
#3753 = DIRECTION('',(-0.,-1.,0.));
#3754 = FACE_BOUND('',#3755,.T.);
#3755 = EDGE_LOOP('',(#3756));
#3756 = ORIENTED_EDGE('',*,*,#3757,.T.);
#3757 = EDGE_CURVE('',#3758,#3758,#3760,.T.);
#3758 = VERTEX_POINT('',#3759);
#3759 = CARTESIAN_POINT('',(79.29,-53.04,1.11));
#3760 = CIRCLE('',#3761,0.5);
#3761 = AXIS2_PLACEMENT_3D('',#3762,#3763,#3764);
#3762 = CARTESIAN_POINT('',(79.29,-52.54,1.11));
#3763 = DIRECTION('',(-0.,0.,-1.));
#3764 = DIRECTION('',(-0.,-1.,0.));
#3765 = FACE_BOUND('',#3766,.T.);
#3766 = EDGE_LOOP('',(#3767));
#3767 = ORIENTED_EDGE('',*,*,#3768,.T.);
#3768 = EDGE_CURVE('',#3769,#3769,#3771,.T.);
#3769 = VERTEX_POINT('',#3770);
#3770 = CARTESIAN_POINT('',(81.83,-53.04,1.11));
#3771 = CIRCLE('',#3772,0.5);
#3772 = AXIS2_PLACEMENT_3D('',#3773,#3774,#3775);
#3773 = CARTESIAN_POINT('',(81.83,-52.54,1.11));
#3774 = DIRECTION('',(-0.,0.,-1.));
#3775 = DIRECTION('',(-0.,-1.,0.));
#3776 = FACE_BOUND('',#3777,.T.);
#3777 = EDGE_LOOP('',(#3778));
#3778 = ORIENTED_EDGE('',*,*,#3779,.T.);
#3779 = EDGE_CURVE('',#3780,#3780,#3782,.T.);
#3780 = VERTEX_POINT('',#3781);
#3781 = CARTESIAN_POINT('',(79.29,-50.5,1.11));
#3782 = CIRCLE('',#3783,0.5);
#3783 = AXIS2_PLACEMENT_3D('',#3784,#3785,#3786);
#3784 = CARTESIAN_POINT('',(79.29,-50.,1.11));
#3785 = DIRECTION('',(-0.,0.,-1.));
#3786 = DIRECTION('',(-0.,-1.,0.));
#3787 = FACE_BOUND('',#3788,.T.);
#3788 = EDGE_LOOP('',(#3789));
#3789 = ORIENTED_EDGE('',*,*,#3790,.T.);
#3790 = EDGE_CURVE('',#3791,#3791,#3793,.T.);
#3791 = VERTEX_POINT('',#3792);
#3792 = CARTESIAN_POINT('',(81.83,-50.5,1.11));
#3793 = CIRCLE('',#3794,0.5);
#3794 = AXIS2_PLACEMENT_3D('',#3795,#3796,#3797);
#3795 = CARTESIAN_POINT('',(81.83,-50.,1.11));
#3796 = DIRECTION('',(-0.,0.,-1.));
#3797 = DIRECTION('',(-0.,-1.,0.));
#3798 = FACE_BOUND('',#3799,.T.);
#3799 = EDGE_LOOP('',(#3800));
#3800 = ORIENTED_EDGE('',*,*,#3801,.T.);
#3801 = EDGE_CURVE('',#3802,#3802,#3804,.T.);
#3802 = VERTEX_POINT('',#3803);
#3803 = CARTESIAN_POINT('',(65.,-42.65,1.11));
#3804 = CIRCLE('',#3805,0.35);
#3805 = AXIS2_PLACEMENT_3D('',#3806,#3807,#3808);
#3806 = CARTESIAN_POINT('',(65.,-42.3,1.11));
#3807 = DIRECTION('',(-0.,0.,-1.));
#3808 = DIRECTION('',(-0.,-1.,0.));
#3809 = FACE_BOUND('',#3810,.T.);
#3810 = EDGE_LOOP('',(#3811));
#3811 = ORIENTED_EDGE('',*,*,#3812,.T.);
#3812 = EDGE_CURVE('',#3813,#3813,#3815,.T.);
#3813 = VERTEX_POINT('',#3814);
#3814 = CARTESIAN_POINT('',(68.,-42.65,1.11));
#3815 = CIRCLE('',#3816,0.35);
#3816 = AXIS2_PLACEMENT_3D('',#3817,#3818,#3819);
#3817 = CARTESIAN_POINT('',(68.,-42.3,1.11));
#3818 = DIRECTION('',(-0.,0.,-1.));
#3819 = DIRECTION('',(-0.,-1.,0.));
#3820 = FACE_BOUND('',#3821,.T.);
#3821 = EDGE_LOOP('',(#3822));
#3822 = ORIENTED_EDGE('',*,*,#3823,.T.);
#3823 = EDGE_CURVE('',#3824,#3824,#3826,.T.);
#3824 = VERTEX_POINT('',#3825);
#3825 = CARTESIAN_POINT('',(71.,-42.65,1.11));
#3826 = CIRCLE('',#3827,0.35);
#3827 = AXIS2_PLACEMENT_3D('',#3828,#3829,#3830);
#3828 = CARTESIAN_POINT('',(71.,-42.3,1.11));
#3829 = DIRECTION('',(-0.,0.,-1.));
#3830 = DIRECTION('',(-0.,-1.,0.));
#3831 = FACE_BOUND('',#3832,.T.);
#3832 = EDGE_LOOP('',(#3833));
#3833 = ORIENTED_EDGE('',*,*,#3834,.T.);
#3834 = EDGE_CURVE('',#3835,#3835,#3837,.T.);
#3835 = VERTEX_POINT('',#3836);
#3836 = CARTESIAN_POINT('',(74.,-42.65,1.11));
#3837 = CIRCLE('',#3838,0.35);
#3838 = AXIS2_PLACEMENT_3D('',#3839,#3840,#3841);
#3839 = CARTESIAN_POINT('',(74.,-42.3,1.11));
#3840 = DIRECTION('',(-0.,0.,-1.));
#3841 = DIRECTION('',(-0.,-1.,0.));
#3842 = FACE_BOUND('',#3843,.T.);
#3843 = EDGE_LOOP('',(#3844));
#3844 = ORIENTED_EDGE('',*,*,#3845,.T.);
#3845 = EDGE_CURVE('',#3846,#3846,#3848,.T.);
#3846 = VERTEX_POINT('',#3847);
#3847 = CARTESIAN_POINT('',(60.5,-37.75,1.11));
#3848 = CIRCLE('',#3849,0.55);
#3849 = AXIS2_PLACEMENT_3D('',#3850,#3851,#3852);
#3850 = CARTESIAN_POINT('',(60.5,-37.2,1.11));
#3851 = DIRECTION('',(-0.,0.,-1.));
#3852 = DIRECTION('',(-0.,-1.,0.));
#3853 = FACE_BOUND('',#3854,.T.);
#3854 = EDGE_LOOP('',(#3855));
#3855 = ORIENTED_EDGE('',*,*,#3856,.T.);
#3856 = EDGE_CURVE('',#3857,#3857,#3859,.T.);
#3857 = VERTEX_POINT('',#3858);
#3858 = CARTESIAN_POINT('',(43.73,-32.63,1.11));
#3859 = CIRCLE('',#3860,0.5);
#3860 = AXIS2_PLACEMENT_3D('',#3861,#3862,#3863);
#3861 = CARTESIAN_POINT('',(43.73,-32.13,1.11));
#3862 = DIRECTION('',(-0.,0.,-1.));
#3863 = DIRECTION('',(-0.,-1.,0.));
#3864 = FACE_BOUND('',#3865,.T.);
#3865 = EDGE_LOOP('',(#3866));
#3866 = ORIENTED_EDGE('',*,*,#3867,.T.);
#3867 = EDGE_CURVE('',#3868,#3868,#3870,.T.);
#3868 = VERTEX_POINT('',#3869);
#3869 = CARTESIAN_POINT('',(46.27,-32.63,1.11));
#3870 = CIRCLE('',#3871,0.5);
#3871 = AXIS2_PLACEMENT_3D('',#3872,#3873,#3874);
#3872 = CARTESIAN_POINT('',(46.27,-32.13,1.11));
#3873 = DIRECTION('',(-0.,0.,-1.));
#3874 = DIRECTION('',(-0.,-1.,0.));
#3875 = FACE_BOUND('',#3876,.T.);
#3876 = EDGE_LOOP('',(#3877));
#3877 = ORIENTED_EDGE('',*,*,#3878,.T.);
#3878 = EDGE_CURVE('',#3879,#3879,#3881,.T.);
#3879 = VERTEX_POINT('',#3880);
#3880 = CARTESIAN_POINT('',(48.81,-32.63,1.11));
#3881 = CIRCLE('',#3882,0.5);
#3882 = AXIS2_PLACEMENT_3D('',#3883,#3884,#3885);
#3883 = CARTESIAN_POINT('',(48.81,-32.13,1.11));
#3884 = DIRECTION('',(-0.,0.,-1.));
#3885 = DIRECTION('',(-0.,-1.,0.));
#3886 = FACE_BOUND('',#3887,.T.);
#3887 = EDGE_LOOP('',(#3888));
#3888 = ORIENTED_EDGE('',*,*,#3889,.T.);
#3889 = EDGE_CURVE('',#3890,#3890,#3892,.T.);
#3890 = VERTEX_POINT('',#3891);
#3891 = CARTESIAN_POINT('',(51.35,-32.63,1.11));
#3892 = CIRCLE('',#3893,0.5);
#3893 = AXIS2_PLACEMENT_3D('',#3894,#3895,#3896);
#3894 = CARTESIAN_POINT('',(51.35,-32.13,1.11));
#3895 = DIRECTION('',(-0.,0.,-1.));
#3896 = DIRECTION('',(-0.,-1.,0.));
#3897 = FACE_BOUND('',#3898,.T.);
#3898 = EDGE_LOOP('',(#3899));
#3899 = ORIENTED_EDGE('',*,*,#3900,.T.);
#3900 = EDGE_CURVE('',#3901,#3901,#3903,.T.);
#3901 = VERTEX_POINT('',#3902);
#3902 = CARTESIAN_POINT('',(43.73,-30.09,1.11));
#3903 = CIRCLE('',#3904,0.5);
#3904 = AXIS2_PLACEMENT_3D('',#3905,#3906,#3907);
#3905 = CARTESIAN_POINT('',(43.73,-29.59,1.11));
#3906 = DIRECTION('',(-0.,0.,-1.));
#3907 = DIRECTION('',(-0.,-1.,0.));
#3908 = FACE_BOUND('',#3909,.T.);
#3909 = EDGE_LOOP('',(#3910));
#3910 = ORIENTED_EDGE('',*,*,#3911,.T.);
#3911 = EDGE_CURVE('',#3912,#3912,#3914,.T.);
#3912 = VERTEX_POINT('',#3913);
#3913 = CARTESIAN_POINT('',(46.27,-30.09,1.11));
#3914 = CIRCLE('',#3915,0.5);
#3915 = AXIS2_PLACEMENT_3D('',#3916,#3917,#3918);
#3916 = CARTESIAN_POINT('',(46.27,-29.59,1.11));
#3917 = DIRECTION('',(-0.,0.,-1.));
#3918 = DIRECTION('',(-0.,-1.,0.));
#3919 = FACE_BOUND('',#3920,.T.);
#3920 = EDGE_LOOP('',(#3921));
#3921 = ORIENTED_EDGE('',*,*,#3922,.T.);
#3922 = EDGE_CURVE('',#3923,#3923,#3925,.T.);
#3923 = VERTEX_POINT('',#3924);
#3924 = CARTESIAN_POINT('',(48.81,-30.09,1.11));
#3925 = CIRCLE('',#3926,0.5);
#3926 = AXIS2_PLACEMENT_3D('',#3927,#3928,#3929);
#3927 = CARTESIAN_POINT('',(48.81,-29.59,1.11));
#3928 = DIRECTION('',(-0.,0.,-1.));
#3929 = DIRECTION('',(-0.,-1.,0.));
#3930 = FACE_BOUND('',#3931,.T.);
#3931 = EDGE_LOOP('',(#3932));
#3932 = ORIENTED_EDGE('',*,*,#3933,.T.);
#3933 = EDGE_CURVE('',#3934,#3934,#3936,.T.);
#3934 = VERTEX_POINT('',#3935);
#3935 = CARTESIAN_POINT('',(51.35,-30.09,1.11));
#3936 = CIRCLE('',#3937,0.5);
#3937 = AXIS2_PLACEMENT_3D('',#3938,#3939,#3940);
#3938 = CARTESIAN_POINT('',(51.35,-29.59,1.11));
#3939 = DIRECTION('',(-0.,0.,-1.));
#3940 = DIRECTION('',(-0.,-1.,0.));
#3941 = FACE_BOUND('',#3942,.T.);
#3942 = EDGE_LOOP('',(#3943));
#3943 = ORIENTED_EDGE('',*,*,#3944,.T.);
#3944 = EDGE_CURVE('',#3945,#3945,#3947,.T.);
#3945 = VERTEX_POINT('',#3946);
#3946 = CARTESIAN_POINT('',(53.89,-32.63,1.11));
#3947 = CIRCLE('',#3948,0.5);
#3948 = AXIS2_PLACEMENT_3D('',#3949,#3950,#3951);
#3949 = CARTESIAN_POINT('',(53.89,-32.13,1.11));
#3950 = DIRECTION('',(-0.,0.,-1.));
#3951 = DIRECTION('',(-0.,-1.,0.));
#3952 = FACE_BOUND('',#3953,.T.);
#3953 = EDGE_LOOP('',(#3954));
#3954 = ORIENTED_EDGE('',*,*,#3955,.T.);
#3955 = EDGE_CURVE('',#3956,#3956,#3958,.T.);
#3956 = VERTEX_POINT('',#3957);
#3957 = CARTESIAN_POINT('',(56.43,-32.63,1.11));
#3958 = CIRCLE('',#3959,0.5);
#3959 = AXIS2_PLACEMENT_3D('',#3960,#3961,#3962);
#3960 = CARTESIAN_POINT('',(56.43,-32.13,1.11));
#3961 = DIRECTION('',(-0.,0.,-1.));
#3962 = DIRECTION('',(-0.,-1.,0.));
#3963 = FACE_BOUND('',#3964,.T.);
#3964 = EDGE_LOOP('',(#3965));
#3965 = ORIENTED_EDGE('',*,*,#3966,.T.);
#3966 = EDGE_CURVE('',#3967,#3967,#3969,.T.);
#3967 = VERTEX_POINT('',#3968);
#3968 = CARTESIAN_POINT('',(53.89,-30.09,1.11));
#3969 = CIRCLE('',#3970,0.5);
#3970 = AXIS2_PLACEMENT_3D('',#3971,#3972,#3973);
#3971 = CARTESIAN_POINT('',(53.89,-29.59,1.11));
#3972 = DIRECTION('',(-0.,0.,-1.));
#3973 = DIRECTION('',(-0.,-1.,0.));
#3974 = FACE_BOUND('',#3975,.T.);
#3975 = EDGE_LOOP('',(#3976));
#3976 = ORIENTED_EDGE('',*,*,#3977,.T.);
#3977 = EDGE_CURVE('',#3978,#3978,#3980,.T.);
#3978 = VERTEX_POINT('',#3979);
#3979 = CARTESIAN_POINT('',(56.43,-30.09,1.11));
#3980 = CIRCLE('',#3981,0.5);
#3981 = AXIS2_PLACEMENT_3D('',#3982,#3983,#3984);
#3982 = CARTESIAN_POINT('',(56.43,-29.59,1.11));
#3983 = DIRECTION('',(-0.,0.,-1.));
#3984 = DIRECTION('',(-0.,-1.,0.));
#3985 = FACE_BOUND('',#3986,.T.);
#3986 = EDGE_LOOP('',(#3987));
#3987 = ORIENTED_EDGE('',*,*,#3988,.T.);
#3988 = EDGE_CURVE('',#3989,#3989,#3991,.T.);
#3989 = VERTEX_POINT('',#3990);
#3990 = CARTESIAN_POINT('',(68.12,-37.75,1.11));
#3991 = CIRCLE('',#3992,0.55);
#3992 = AXIS2_PLACEMENT_3D('',#3993,#3994,#3995);
#3993 = CARTESIAN_POINT('',(68.12,-37.2,1.11));
#3994 = DIRECTION('',(-0.,0.,-1.));
#3995 = DIRECTION('',(-0.,-1.,0.));
#3996 = FACE_BOUND('',#3997,.T.);
#3997 = EDGE_LOOP('',(#3998));
#3998 = ORIENTED_EDGE('',*,*,#3999,.T.);
#3999 = EDGE_CURVE('',#4000,#4000,#4002,.T.);
#4000 = VERTEX_POINT('',#4001);
#4001 = CARTESIAN_POINT('',(76.,-38.6,1.11));
#4002 = CIRCLE('',#4003,0.4);
#4003 = AXIS2_PLACEMENT_3D('',#4004,#4005,#4006);
#4004 = CARTESIAN_POINT('',(76.,-38.2,1.11));
#4005 = DIRECTION('',(-0.,0.,-1.));
#4006 = DIRECTION('',(-0.,-1.,0.));
#4007 = FACE_BOUND('',#4008,.T.);
#4008 = EDGE_LOOP('',(#4009));
#4009 = ORIENTED_EDGE('',*,*,#4010,.T.);
#4010 = EDGE_CURVE('',#4011,#4011,#4013,.T.);
#4011 = VERTEX_POINT('',#4012);
#4012 = CARTESIAN_POINT('',(76.,-36.6,1.11));
#4013 = CIRCLE('',#4014,0.4);
#4014 = AXIS2_PLACEMENT_3D('',#4015,#4016,#4017);
#4015 = CARTESIAN_POINT('',(76.,-36.2,1.11));
#4016 = DIRECTION('',(-0.,0.,-1.));
#4017 = DIRECTION('',(-0.,-1.,0.));
#4018 = FACE_BOUND('',#4019,.T.);
#4019 = EDGE_LOOP('',(#4020));
#4020 = ORIENTED_EDGE('',*,*,#4021,.T.);
#4021 = EDGE_CURVE('',#4022,#4022,#4024,.T.);
#4022 = VERTEX_POINT('',#4023);
#4023 = CARTESIAN_POINT('',(64.,-32.76,1.11));
#4024 = CIRCLE('',#4025,0.4);
#4025 = AXIS2_PLACEMENT_3D('',#4026,#4027,#4028);
#4026 = CARTESIAN_POINT('',(64.,-32.36,1.11));
#4027 = DIRECTION('',(-0.,0.,-1.));
#4028 = DIRECTION('',(-0.,-1.,0.));
#4029 = FACE_BOUND('',#4030,.T.);
#4030 = EDGE_LOOP('',(#4031));
#4031 = ORIENTED_EDGE('',*,*,#4032,.T.);
#4032 = EDGE_CURVE('',#4033,#4033,#4035,.T.);
#4033 = VERTEX_POINT('',#4034);
#4034 = CARTESIAN_POINT('',(71.62,-32.76,1.11));
#4035 = CIRCLE('',#4036,0.4);
#4036 = AXIS2_PLACEMENT_3D('',#4037,#4038,#4039);
#4037 = CARTESIAN_POINT('',(71.62,-32.36,1.11));
#4038 = DIRECTION('',(-0.,0.,-1.));
#4039 = DIRECTION('',(-0.,-1.,0.));
#4040 = FACE_BOUND('',#4041,.T.);
#4041 = EDGE_LOOP('',(#4042));
#4042 = ORIENTED_EDGE('',*,*,#4043,.T.);
#4043 = EDGE_CURVE('',#4044,#4044,#4046,.T.);
#4044 = VERTEX_POINT('',#4045);
#4045 = CARTESIAN_POINT('',(64.,-30.22,1.11));
#4046 = CIRCLE('',#4047,0.4);
#4047 = AXIS2_PLACEMENT_3D('',#4048,#4049,#4050);
#4048 = CARTESIAN_POINT('',(64.,-29.82,1.11));
#4049 = DIRECTION('',(-0.,0.,-1.));
#4050 = DIRECTION('',(-0.,-1.,0.));
#4051 = FACE_BOUND('',#4052,.T.);
#4052 = EDGE_LOOP('',(#4053));
#4053 = ORIENTED_EDGE('',*,*,#4054,.T.);
#4054 = EDGE_CURVE('',#4055,#4055,#4057,.T.);
#4055 = VERTEX_POINT('',#4056);
#4056 = CARTESIAN_POINT('',(71.62,-30.22,1.11));
#4057 = CIRCLE('',#4058,0.4);
#4058 = AXIS2_PLACEMENT_3D('',#4059,#4060,#4061);
#4059 = CARTESIAN_POINT('',(71.62,-29.82,1.11));
#4060 = DIRECTION('',(-0.,0.,-1.));
#4061 = DIRECTION('',(-0.,-1.,0.));
#4062 = FACE_BOUND('',#4063,.T.);
#4063 = EDGE_LOOP('',(#4064));
#4064 = ORIENTED_EDGE('',*,*,#4065,.T.);
#4065 = EDGE_CURVE('',#4066,#4066,#4068,.T.);
#4066 = VERTEX_POINT('',#4067);
#4067 = CARTESIAN_POINT('',(2.,-27.8,1.11));
#4068 = CIRCLE('',#4069,0.4);
#4069 = AXIS2_PLACEMENT_3D('',#4070,#4071,#4072);
#4070 = CARTESIAN_POINT('',(2.,-27.4,1.11));
#4071 = DIRECTION('',(-0.,0.,-1.));
#4072 = DIRECTION('',(-0.,-1.,0.));
#4073 = FACE_BOUND('',#4074,.T.);
#4074 = EDGE_LOOP('',(#4075));
#4075 = ORIENTED_EDGE('',*,*,#4076,.T.);
#4076 = EDGE_CURVE('',#4077,#4077,#4079,.T.);
#4077 = VERTEX_POINT('',#4078);
#4078 = CARTESIAN_POINT('',(9.62,-27.8,1.11));
#4079 = CIRCLE('',#4080,0.4);
#4080 = AXIS2_PLACEMENT_3D('',#4081,#4082,#4083);
#4081 = CARTESIAN_POINT('',(9.62,-27.4,1.11));
#4082 = DIRECTION('',(-0.,0.,-1.));
#4083 = DIRECTION('',(-4.440892098501E-15,-1.,0.));
#4084 = FACE_BOUND('',#4085,.T.);
#4085 = EDGE_LOOP('',(#4086));
#4086 = ORIENTED_EDGE('',*,*,#4087,.T.);
#4087 = EDGE_CURVE('',#4088,#4088,#4090,.T.);
#4088 = VERTEX_POINT('',#4089);
#4089 = CARTESIAN_POINT('',(2.,-24.6,1.11));
#4090 = CIRCLE('',#4091,0.4);
#4091 = AXIS2_PLACEMENT_3D('',#4092,#4093,#4094);
#4092 = CARTESIAN_POINT('',(2.,-24.2,1.11));
#4093 = DIRECTION('',(-0.,0.,-1.));
#4094 = DIRECTION('',(-0.,-1.,0.));
#4095 = FACE_BOUND('',#4096,.T.);
#4096 = EDGE_LOOP('',(#4097));
#4097 = ORIENTED_EDGE('',*,*,#4098,.T.);
#4098 = EDGE_CURVE('',#4099,#4099,#4101,.T.);
#4099 = VERTEX_POINT('',#4100);
#4100 = CARTESIAN_POINT('',(9.62,-24.6,1.11));
#4101 = CIRCLE('',#4102,0.4);
#4102 = AXIS2_PLACEMENT_3D('',#4103,#4104,#4105);
#4103 = CARTESIAN_POINT('',(9.62,-24.2,1.11));
#4104 = DIRECTION('',(-0.,0.,-1.));
#4105 = DIRECTION('',(-4.440892098501E-15,-1.,0.));
#4106 = FACE_BOUND('',#4107,.T.);
#4107 = EDGE_LOOP('',(#4108));
#4108 = ORIENTED_EDGE('',*,*,#4109,.T.);
#4109 = EDGE_CURVE('',#4110,#4110,#4112,.T.);
#4110 = VERTEX_POINT('',#4111);
#4111 = CARTESIAN_POINT('',(13.5,-26.1,1.11));
#4112 = CIRCLE('',#4113,0.4);
#4113 = AXIS2_PLACEMENT_3D('',#4114,#4115,#4116);
#4114 = CARTESIAN_POINT('',(13.5,-25.7,1.11));
#4115 = DIRECTION('',(-0.,0.,-1.));
#4116 = DIRECTION('',(-0.,-1.,0.));
#4117 = FACE_BOUND('',#4118,.T.);
#4118 = EDGE_LOOP('',(#4119));
#4119 = ORIENTED_EDGE('',*,*,#4120,.T.);
#4120 = EDGE_CURVE('',#4121,#4121,#4123,.T.);
#4121 = VERTEX_POINT('',#4122);
#4122 = CARTESIAN_POINT('',(21.12,-26.1,1.11));
#4123 = CIRCLE('',#4124,0.4);
#4124 = AXIS2_PLACEMENT_3D('',#4125,#4126,#4127);
#4125 = CARTESIAN_POINT('',(21.12,-25.7,1.11));
#4126 = DIRECTION('',(-0.,0.,-1.));
#4127 = DIRECTION('',(8.881784197001E-15,-1.,-0.));
#4128 = FACE_BOUND('',#4129,.T.);
#4129 = EDGE_LOOP('',(#4130));
#4130 = ORIENTED_EDGE('',*,*,#4131,.T.);
#4131 = EDGE_CURVE('',#4132,#4132,#4134,.T.);
#4132 = VERTEX_POINT('',#4133);
#4133 = CARTESIAN_POINT('',(13.5,-22.9,1.11));
#4134 = CIRCLE('',#4135,0.4);
#4135 = AXIS2_PLACEMENT_3D('',#4136,#4137,#4138);
#4136 = CARTESIAN_POINT('',(13.5,-22.5,1.11));
#4137 = DIRECTION('',(-0.,0.,-1.));
#4138 = DIRECTION('',(-0.,-1.,0.));
#4139 = FACE_BOUND('',#4140,.T.);
#4140 = EDGE_LOOP('',(#4141));
#4141 = ORIENTED_EDGE('',*,*,#4142,.T.);
#4142 = EDGE_CURVE('',#4143,#4143,#4145,.T.);
#4143 = VERTEX_POINT('',#4144);
#4144 = CARTESIAN_POINT('',(21.12,-22.9,1.11));
#4145 = CIRCLE('',#4146,0.4);
#4146 = AXIS2_PLACEMENT_3D('',#4147,#4148,#4149);
#4147 = CARTESIAN_POINT('',(21.12,-22.5,1.11));
#4148 = DIRECTION('',(-0.,0.,-1.));
#4149 = DIRECTION('',(8.881784197001E-15,-1.,-0.));
#4150 = FACE_BOUND('',#4151,.T.);
#4151 = EDGE_LOOP('',(#4152));
#4152 = ORIENTED_EDGE('',*,*,#4153,.T.);
#4153 = EDGE_CURVE('',#4154,#4154,#4156,.T.);
#4154 = VERTEX_POINT('',#4155);
#4155 = CARTESIAN_POINT('',(2.,-21.4,1.11));
#4156 = CIRCLE('',#4157,0.4);
#4157 = AXIS2_PLACEMENT_3D('',#4158,#4159,#4160);
#4158 = CARTESIAN_POINT('',(2.,-21.,1.11));
#4159 = DIRECTION('',(-0.,0.,-1.));
#4160 = DIRECTION('',(-0.,-1.,0.));
#4161 = FACE_BOUND('',#4162,.T.);
#4162 = EDGE_LOOP('',(#4163));
#4163 = ORIENTED_EDGE('',*,*,#4164,.T.);
#4164 = EDGE_CURVE('',#4165,#4165,#4167,.T.);
#4165 = VERTEX_POINT('',#4166);
#4166 = CARTESIAN_POINT('',(9.62,-21.4,1.11));
#4167 = CIRCLE('',#4168,0.4);
#4168 = AXIS2_PLACEMENT_3D('',#4169,#4170,#4171);
#4169 = CARTESIAN_POINT('',(9.62,-21.,1.11));
#4170 = DIRECTION('',(-0.,0.,-1.));
#4171 = DIRECTION('',(-4.440892098501E-15,-1.,0.));
#4172 = FACE_BOUND('',#4173,.T.);
#4173 = EDGE_LOOP('',(#4174,#4185,#4193,#4202));
#4174 = ORIENTED_EDGE('',*,*,#4175,.T.);
#4175 = EDGE_CURVE('',#4176,#4178,#4180,.T.);
#4176 = VERTEX_POINT('',#4177);
#4177 = CARTESIAN_POINT('',(6.4,-16.6,1.11));
#4178 = VERTEX_POINT('',#4179);
#4179 = CARTESIAN_POINT('',(6.4,-17.1,1.11));
#4180 = CIRCLE('',#4181,0.25);
#4181 = AXIS2_PLACEMENT_3D('',#4182,#4183,#4184);
#4182 = CARTESIAN_POINT('',(6.4,-16.85,1.11));
#4183 = DIRECTION('',(-0.,0.,-1.));
#4184 = DIRECTION('',(-0.,-1.,0.));
#4185 = ORIENTED_EDGE('',*,*,#4186,.T.);
#4186 = EDGE_CURVE('',#4178,#4187,#4189,.T.);
#4187 = VERTEX_POINT('',#4188);
#4188 = CARTESIAN_POINT('',(5.4,-17.1,1.11));
#4189 = LINE('',#4190,#4191);
#4190 = CARTESIAN_POINT('',(2.7,-17.1,1.11));
#4191 = VECTOR('',#4192,1.);
#4192 = DIRECTION('',(-1.,0.,0.));
#4193 = ORIENTED_EDGE('',*,*,#4194,.T.);
#4194 = EDGE_CURVE('',#4187,#4195,#4197,.T.);
#4195 = VERTEX_POINT('',#4196);
#4196 = CARTESIAN_POINT('',(5.4,-16.6,1.11));
#4197 = CIRCLE('',#4198,0.25);
#4198 = AXIS2_PLACEMENT_3D('',#4199,#4200,#4201);
#4199 = CARTESIAN_POINT('',(5.4,-16.85,1.11));
#4200 = DIRECTION('',(-0.,0.,-1.));
#4201 = DIRECTION('',(0.,1.,0.));
#4202 = ORIENTED_EDGE('',*,*,#4203,.T.);
#4203 = EDGE_CURVE('',#4195,#4176,#4204,.T.);
#4204 = LINE('',#4205,#4206);
#4205 = CARTESIAN_POINT('',(3.2,-16.6,1.11));
#4206 = VECTOR('',#4207,1.);
#4207 = DIRECTION('',(1.,0.,-0.));
#4208 = FACE_BOUND('',#4209,.T.);
#4209 = EDGE_LOOP('',(#4210));
#4210 = ORIENTED_EDGE('',*,*,#4211,.T.);
#4211 = EDGE_CURVE('',#4212,#4212,#4214,.T.);
#4212 = VERTEX_POINT('',#4213);
#4213 = CARTESIAN_POINT('',(18.,-19.55,1.11));
#4214 = CIRCLE('',#4215,0.55);
#4215 = AXIS2_PLACEMENT_3D('',#4216,#4217,#4218);
#4216 = CARTESIAN_POINT('',(18.,-19.,1.11));
#4217 = DIRECTION('',(-0.,0.,-1.));
#4218 = DIRECTION('',(-0.,-1.,0.));
#4219 = FACE_BOUND('',#4220,.T.);
#4220 = EDGE_LOOP('',(#4221,#4232,#4240,#4249));
#4221 = ORIENTED_EDGE('',*,*,#4222,.T.);
#4222 = EDGE_CURVE('',#4223,#4225,#4227,.T.);
#4223 = VERTEX_POINT('',#4224);
#4224 = CARTESIAN_POINT('',(13.7,-16.7,1.11));
#4225 = VERTEX_POINT('',#4226);
#4226 = CARTESIAN_POINT('',(12.9,-16.7,1.11));
#4227 = CIRCLE('',#4228,0.4);
#4228 = AXIS2_PLACEMENT_3D('',#4229,#4230,#4231);
#4229 = CARTESIAN_POINT('',(13.3,-16.7,1.11));
#4230 = DIRECTION('',(-0.,0.,-1.));
#4231 = DIRECTION('',(-1.,0.,0.));
#4232 = ORIENTED_EDGE('',*,*,#4233,.T.);
#4233 = EDGE_CURVE('',#4225,#4234,#4236,.T.);
#4234 = VERTEX_POINT('',#4235);
#4235 = CARTESIAN_POINT('',(12.9,-16.,1.11));
#4236 = LINE('',#4237,#4238);
#4237 = CARTESIAN_POINT('',(12.9,-8.,1.11));
#4238 = VECTOR('',#4239,1.);
#4239 = DIRECTION('',(-0.,1.,0.));
#4240 = ORIENTED_EDGE('',*,*,#4241,.T.);
#4241 = EDGE_CURVE('',#4234,#4242,#4244,.T.);
#4242 = VERTEX_POINT('',#4243);
#4243 = CARTESIAN_POINT('',(13.7,-16.,1.11));
#4244 = CIRCLE('',#4245,0.4);
#4245 = AXIS2_PLACEMENT_3D('',#4246,#4247,#4248);
#4246 = CARTESIAN_POINT('',(13.3,-16.,1.11));
#4247 = DIRECTION('',(0.,-0.,-1.));
#4248 = DIRECTION('',(1.,0.,-0.));
#4249 = ORIENTED_EDGE('',*,*,#4250,.T.);
#4250 = EDGE_CURVE('',#4242,#4223,#4251,.T.);
#4251 = LINE('',#4252,#4253);
#4252 = CARTESIAN_POINT('',(13.7,-8.35,1.11));
#4253 = VECTOR('',#4254,1.);
#4254 = DIRECTION('',(0.,-1.,0.));
#4255 = FACE_BOUND('',#4256,.T.);
#4256 = EDGE_LOOP('',(#4257));
#4257 = ORIENTED_EDGE('',*,*,#4258,.T.);
#4258 = EDGE_CURVE('',#4259,#4259,#4261,.T.);
#4259 = VERTEX_POINT('',#4260);
#4260 = CARTESIAN_POINT('',(27.1,-24.4,1.11));
#4261 = CIRCLE('',#4262,0.6);
#4262 = AXIS2_PLACEMENT_3D('',#4263,#4264,#4265);
#4263 = CARTESIAN_POINT('',(27.1,-23.8,1.11));
#4264 = DIRECTION('',(-0.,0.,-1.));
#4265 = DIRECTION('',(-0.,-1.,0.));
#4266 = FACE_BOUND('',#4267,.T.);
#4267 = EDGE_LOOP('',(#4268));
#4268 = ORIENTED_EDGE('',*,*,#4269,.T.);
#4269 = EDGE_CURVE('',#4270,#4270,#4272,.T.);
#4270 = VERTEX_POINT('',#4271);
#4271 = CARTESIAN_POINT('',(33.57,-27.55,1.11));
#4272 = CIRCLE('',#4273,0.5);
#4273 = AXIS2_PLACEMENT_3D('',#4274,#4275,#4276);
#4274 = CARTESIAN_POINT('',(33.57,-27.05,1.11));
#4275 = DIRECTION('',(-0.,0.,-1.));
#4276 = DIRECTION('',(-0.,-1.,0.));
#4277 = FACE_BOUND('',#4278,.T.);
#4278 = EDGE_LOOP('',(#4279));
#4279 = ORIENTED_EDGE('',*,*,#4280,.T.);
#4280 = EDGE_CURVE('',#4281,#4281,#4283,.T.);
#4281 = VERTEX_POINT('',#4282);
#4282 = CARTESIAN_POINT('',(36.11,-27.55,1.11));
#4283 = CIRCLE('',#4284,0.5);
#4284 = AXIS2_PLACEMENT_3D('',#4285,#4286,#4287);
#4285 = CARTESIAN_POINT('',(36.11,-27.05,1.11));
#4286 = DIRECTION('',(-0.,0.,-1.));
#4287 = DIRECTION('',(-0.,-1.,0.));
#4288 = FACE_BOUND('',#4289,.T.);
#4289 = EDGE_LOOP('',(#4290));
#4290 = ORIENTED_EDGE('',*,*,#4291,.T.);
#4291 = EDGE_CURVE('',#4292,#4292,#4294,.T.);
#4292 = VERTEX_POINT('',#4293);
#4293 = CARTESIAN_POINT('',(33.57,-25.01,1.11));
#4294 = CIRCLE('',#4295,0.5);
#4295 = AXIS2_PLACEMENT_3D('',#4296,#4297,#4298);
#4296 = CARTESIAN_POINT('',(33.57,-24.51,1.11));
#4297 = DIRECTION('',(-0.,0.,-1.));
#4298 = DIRECTION('',(-0.,-1.,0.));
#4299 = FACE_BOUND('',#4300,.T.);
#4300 = EDGE_LOOP('',(#4301));
#4301 = ORIENTED_EDGE('',*,*,#4302,.T.);
#4302 = EDGE_CURVE('',#4303,#4303,#4305,.T.);
#4303 = VERTEX_POINT('',#4304);
#4304 = CARTESIAN_POINT('',(36.11,-25.01,1.11));
#4305 = CIRCLE('',#4306,0.5);
#4306 = AXIS2_PLACEMENT_3D('',#4307,#4308,#4309);
#4307 = CARTESIAN_POINT('',(36.11,-24.51,1.11));
#4308 = DIRECTION('',(-0.,0.,-1.));
#4309 = DIRECTION('',(-0.,-1.,0.));
#4310 = FACE_BOUND('',#4311,.T.);
#4311 = EDGE_LOOP('',(#4312));
#4312 = ORIENTED_EDGE('',*,*,#4313,.T.);
#4313 = EDGE_CURVE('',#4314,#4314,#4316,.T.);
#4314 = VERTEX_POINT('',#4315);
#4315 = CARTESIAN_POINT('',(33.57,-22.47,1.11));
#4316 = CIRCLE('',#4317,0.5);
#4317 = AXIS2_PLACEMENT_3D('',#4318,#4319,#4320);
#4318 = CARTESIAN_POINT('',(33.57,-21.97,1.11));
#4319 = DIRECTION('',(-0.,0.,-1.));
#4320 = DIRECTION('',(-0.,-1.,0.));
#4321 = FACE_BOUND('',#4322,.T.);
#4322 = EDGE_LOOP('',(#4323));
#4323 = ORIENTED_EDGE('',*,*,#4324,.T.);
#4324 = EDGE_CURVE('',#4325,#4325,#4327,.T.);
#4325 = VERTEX_POINT('',#4326);
#4326 = CARTESIAN_POINT('',(36.11,-22.47,1.11));
#4327 = CIRCLE('',#4328,0.5);
#4328 = AXIS2_PLACEMENT_3D('',#4329,#4330,#4331);
#4329 = CARTESIAN_POINT('',(36.11,-21.97,1.11));
#4330 = DIRECTION('',(-0.,0.,-1.));
#4331 = DIRECTION('',(-0.,-1.,0.));
#4332 = FACE_BOUND('',#4333,.T.);
#4333 = EDGE_LOOP('',(#4334));
#4334 = ORIENTED_EDGE('',*,*,#4335,.T.);
#4335 = EDGE_CURVE('',#4336,#4336,#4338,.T.);
#4336 = VERTEX_POINT('',#4337);
#4337 = CARTESIAN_POINT('',(24.5,-19.55,1.11));
#4338 = CIRCLE('',#4339,0.55);
#4339 = AXIS2_PLACEMENT_3D('',#4340,#4341,#4342);
#4340 = CARTESIAN_POINT('',(24.5,-19.,1.11));
#4341 = DIRECTION('',(-0.,0.,-1.));
#4342 = DIRECTION('',(-0.,-1.,0.));
#4343 = FACE_BOUND('',#4344,.T.);
#4344 = EDGE_LOOP('',(#4345));
#4345 = ORIENTED_EDGE('',*,*,#4346,.T.);
#4346 = EDGE_CURVE('',#4347,#4347,#4349,.T.);
#4347 = VERTEX_POINT('',#4348);
#4348 = CARTESIAN_POINT('',(33.57,-19.93,1.11));
#4349 = CIRCLE('',#4350,0.5);
#4350 = AXIS2_PLACEMENT_3D('',#4351,#4352,#4353);
#4351 = CARTESIAN_POINT('',(33.57,-19.43,1.11));
#4352 = DIRECTION('',(-0.,0.,-1.));
#4353 = DIRECTION('',(-0.,-1.,0.));
#4354 = FACE_BOUND('',#4355,.T.);
#4355 = EDGE_LOOP('',(#4356));
#4356 = ORIENTED_EDGE('',*,*,#4357,.T.);
#4357 = EDGE_CURVE('',#4358,#4358,#4360,.T.);
#4358 = VERTEX_POINT('',#4359);
#4359 = CARTESIAN_POINT('',(36.11,-19.93,1.11));
#4360 = CIRCLE('',#4361,0.5);
#4361 = AXIS2_PLACEMENT_3D('',#4362,#4363,#4364);
#4362 = CARTESIAN_POINT('',(36.11,-19.43,1.11));
#4363 = DIRECTION('',(-0.,0.,-1.));
#4364 = DIRECTION('',(-0.,-1.,0.));
#4365 = FACE_BOUND('',#4366,.T.);
#4366 = EDGE_LOOP('',(#4367));
#4367 = ORIENTED_EDGE('',*,*,#4368,.T.);
#4368 = EDGE_CURVE('',#4369,#4369,#4371,.T.);
#4369 = VERTEX_POINT('',#4370);
#4370 = CARTESIAN_POINT('',(33.57,-17.39,1.11));
#4371 = CIRCLE('',#4372,0.5);
#4372 = AXIS2_PLACEMENT_3D('',#4373,#4374,#4375);
#4373 = CARTESIAN_POINT('',(33.57,-16.89,1.11));
#4374 = DIRECTION('',(-0.,0.,-1.));
#4375 = DIRECTION('',(-0.,-1.,0.));
#4376 = FACE_BOUND('',#4377,.T.);
#4377 = EDGE_LOOP('',(#4378));
#4378 = ORIENTED_EDGE('',*,*,#4379,.T.);
#4379 = EDGE_CURVE('',#4380,#4380,#4382,.T.);
#4380 = VERTEX_POINT('',#4381);
#4381 = CARTESIAN_POINT('',(36.11,-17.39,1.11));
#4382 = CIRCLE('',#4383,0.5);
#4383 = AXIS2_PLACEMENT_3D('',#4384,#4385,#4386);
#4384 = CARTESIAN_POINT('',(36.11,-16.89,1.11));
#4385 = DIRECTION('',(-0.,0.,-1.));
#4386 = DIRECTION('',(-0.,-1.,0.));
#4387 = FACE_BOUND('',#4388,.T.);
#4388 = EDGE_LOOP('',(#4389,#4400,#4408,#4417));
#4389 = ORIENTED_EDGE('',*,*,#4390,.T.);
#4390 = EDGE_CURVE('',#4391,#4393,#4395,.T.);
#4391 = VERTEX_POINT('',#4392);
#4392 = CARTESIAN_POINT('',(2.3,-12.7,1.11));
#4393 = VERTEX_POINT('',#4394);
#4394 = CARTESIAN_POINT('',(1.5,-12.7,1.11));
#4395 = CIRCLE('',#4396,0.4);
#4396 = AXIS2_PLACEMENT_3D('',#4397,#4398,#4399);
#4397 = CARTESIAN_POINT('',(1.9,-12.7,1.11));
#4398 = DIRECTION('',(-0.,0.,-1.));
#4399 = DIRECTION('',(-1.,0.,0.));
#4400 = ORIENTED_EDGE('',*,*,#4401,.T.);
#4401 = EDGE_CURVE('',#4393,#4402,#4404,.T.);
#4402 = VERTEX_POINT('',#4403);
#4403 = CARTESIAN_POINT('',(1.5,-12.,1.11));
#4404 = LINE('',#4405,#4406);
#4405 = CARTESIAN_POINT('',(1.5,-6.,1.11));
#4406 = VECTOR('',#4407,1.);
#4407 = DIRECTION('',(-0.,1.,0.));
#4408 = ORIENTED_EDGE('',*,*,#4409,.T.);
#4409 = EDGE_CURVE('',#4402,#4410,#4412,.T.);
#4410 = VERTEX_POINT('',#4411);
#4411 = CARTESIAN_POINT('',(2.3,-12.,1.11));
#4412 = CIRCLE('',#4413,0.4);
#4413 = AXIS2_PLACEMENT_3D('',#4414,#4415,#4416);
#4414 = CARTESIAN_POINT('',(1.9,-12.,1.11));
#4415 = DIRECTION('',(0.,-0.,-1.));
#4416 = DIRECTION('',(1.,0.,-0.));
#4417 = ORIENTED_EDGE('',*,*,#4418,.T.);
#4418 = EDGE_CURVE('',#4410,#4391,#4419,.T.);
#4419 = LINE('',#4420,#4421);
#4420 = CARTESIAN_POINT('',(2.3,-6.35,1.11));
#4421 = VECTOR('',#4422,1.);
#4422 = DIRECTION('',(0.,-1.,0.));
#4423 = FACE_BOUND('',#4424,.T.);
#4424 = EDGE_LOOP('',(#4425,#4436,#4444,#4453));
#4425 = ORIENTED_EDGE('',*,*,#4426,.T.);
#4426 = EDGE_CURVE('',#4427,#4429,#4431,.T.);
#4427 = VERTEX_POINT('',#4428);
#4428 = CARTESIAN_POINT('',(9.25,-9.45,1.11));
#4429 = VERTEX_POINT('',#4430);
#4430 = CARTESIAN_POINT('',(9.25,-10.25,1.11));
#4431 = CIRCLE('',#4432,0.4);
#4432 = AXIS2_PLACEMENT_3D('',#4433,#4434,#4435);
#4433 = CARTESIAN_POINT('',(9.25,-9.85,1.11));
#4434 = DIRECTION('',(-0.,0.,-1.));
#4435 = DIRECTION('',(4.440892098501E-15,-1.,-0.));
#4436 = ORIENTED_EDGE('',*,*,#4437,.T.);
#4437 = EDGE_CURVE('',#4429,#4438,#4440,.T.);
#4438 = VERTEX_POINT('',#4439);
#4439 = CARTESIAN_POINT('',(8.55,-10.25,1.11));
#4440 = LINE('',#4441,#4442);
#4441 = CARTESIAN_POINT('',(4.275,-10.25,1.11));
#4442 = VECTOR('',#4443,1.);
#4443 = DIRECTION('',(-1.,0.,0.));
#4444 = ORIENTED_EDGE('',*,*,#4445,.T.);
#4445 = EDGE_CURVE('',#4438,#4446,#4448,.T.);
#4446 = VERTEX_POINT('',#4447);
#4447 = CARTESIAN_POINT('',(8.55,-9.45,1.11));
#4448 = CIRCLE('',#4449,0.4);
#4449 = AXIS2_PLACEMENT_3D('',#4450,#4451,#4452);
#4450 = CARTESIAN_POINT('',(8.55,-9.85,1.11));
#4451 = DIRECTION('',(-0.,0.,-1.));
#4452 = DIRECTION('',(-4.440892098501E-15,1.,0.));
#4453 = ORIENTED_EDGE('',*,*,#4454,.T.);
#4454 = EDGE_CURVE('',#4446,#4427,#4455,.T.);
#4455 = LINE('',#4456,#4457);
#4456 = CARTESIAN_POINT('',(4.625,-9.45,1.11));
#4457 = VECTOR('',#4458,1.);
#4458 = DIRECTION('',(1.,0.,-0.));
#4459 = FACE_BOUND('',#4460,.T.);
#4460 = EDGE_LOOP('',(#4461));
#4461 = ORIENTED_EDGE('',*,*,#4462,.T.);
#4462 = EDGE_CURVE('',#4463,#4463,#4465,.T.);
#4463 = VERTEX_POINT('',#4464);
#4464 = CARTESIAN_POINT('',(18.,-15.05,1.11));
#4465 = CIRCLE('',#4466,0.55);
#4466 = AXIS2_PLACEMENT_3D('',#4467,#4468,#4469);
#4467 = CARTESIAN_POINT('',(18.,-14.5,1.11));
#4468 = DIRECTION('',(-0.,0.,-1.));
#4469 = DIRECTION('',(-0.,-1.,0.));
#4470 = FACE_BOUND('',#4471,.T.);
#4471 = EDGE_LOOP('',(#4472));
#4472 = ORIENTED_EDGE('',*,*,#4473,.T.);
#4473 = EDGE_CURVE('',#4474,#4474,#4476,.T.);
#4474 = VERTEX_POINT('',#4475);
#4475 = CARTESIAN_POINT('',(18.,-11.55,1.11));
#4476 = CIRCLE('',#4477,0.55);
#4477 = AXIS2_PLACEMENT_3D('',#4478,#4479,#4480);
#4478 = CARTESIAN_POINT('',(18.,-11.,1.11));
#4479 = DIRECTION('',(-0.,0.,-1.));
#4480 = DIRECTION('',(-0.,-1.,0.));
#4481 = FACE_BOUND('',#4482,.T.);
#4482 = EDGE_LOOP('',(#4483,#4494,#4502,#4511));
#4483 = ORIENTED_EDGE('',*,*,#4484,.T.);
#4484 = EDGE_CURVE('',#4485,#4487,#4489,.T.);
#4485 = VERTEX_POINT('',#4486);
#4486 = CARTESIAN_POINT('',(10.4,-6.9,1.11));
#4487 = VERTEX_POINT('',#4488);
#4488 = CARTESIAN_POINT('',(10.4,-7.4,1.11));
#4489 = CIRCLE('',#4490,0.25);
#4490 = AXIS2_PLACEMENT_3D('',#4491,#4492,#4493);
#4491 = CARTESIAN_POINT('',(10.4,-7.15,1.11));
#4492 = DIRECTION('',(-0.,0.,-1.));
#4493 = DIRECTION('',(-0.,-1.,0.));
#4494 = ORIENTED_EDGE('',*,*,#4495,.T.);
#4495 = EDGE_CURVE('',#4487,#4496,#4498,.T.);
#4496 = VERTEX_POINT('',#4497);
#4497 = CARTESIAN_POINT('',(9.4,-7.4,1.11));
#4498 = LINE('',#4499,#4500);
#4499 = CARTESIAN_POINT('',(4.7,-7.4,1.11));
#4500 = VECTOR('',#4501,1.);
#4501 = DIRECTION('',(-1.,0.,0.));
#4502 = ORIENTED_EDGE('',*,*,#4503,.T.);
#4503 = EDGE_CURVE('',#4496,#4504,#4506,.T.);
#4504 = VERTEX_POINT('',#4505);
#4505 = CARTESIAN_POINT('',(9.4,-6.9,1.11));
#4506 = CIRCLE('',#4507,0.25);
#4507 = AXIS2_PLACEMENT_3D('',#4508,#4509,#4510);
#4508 = CARTESIAN_POINT('',(9.4,-7.15,1.11));
#4509 = DIRECTION('',(-0.,0.,-1.));
#4510 = DIRECTION('',(0.,1.,0.));
#4511 = ORIENTED_EDGE('',*,*,#4512,.T.);
#4512 = EDGE_CURVE('',#4504,#4485,#4513,.T.);
#4513 = LINE('',#4514,#4515);
#4514 = CARTESIAN_POINT('',(5.2,-6.9,1.11));
#4515 = VECTOR('',#4516,1.);
#4516 = DIRECTION('',(1.,0.,-0.));
#4517 = FACE_BOUND('',#4518,.T.);
#4518 = EDGE_LOOP('',(#4519));
#4519 = ORIENTED_EDGE('',*,*,#4520,.T.);
#4520 = EDGE_CURVE('',#4521,#4521,#4523,.T.);
#4521 = VERTEX_POINT('',#4522);
#4522 = CARTESIAN_POINT('',(18.,-7.05,1.11));
#4523 = CIRCLE('',#4524,0.55);
#4524 = AXIS2_PLACEMENT_3D('',#4525,#4526,#4527);
#4525 = CARTESIAN_POINT('',(18.,-6.5,1.11));
#4526 = DIRECTION('',(-0.,0.,-1.));
#4527 = DIRECTION('',(-0.,-1.,0.));
#4528 = FACE_BOUND('',#4529,.T.);
#4529 = EDGE_LOOP('',(#4530));
#4530 = ORIENTED_EDGE('',*,*,#4531,.T.);
#4531 = EDGE_CURVE('',#4532,#4532,#4534,.T.);
#4532 = VERTEX_POINT('',#4533);
#4533 = CARTESIAN_POINT('',(24.5,-15.05,1.11));
#4534 = CIRCLE('',#4535,0.55);
#4535 = AXIS2_PLACEMENT_3D('',#4536,#4537,#4538);
#4536 = CARTESIAN_POINT('',(24.5,-14.5,1.11));
#4537 = DIRECTION('',(-0.,0.,-1.));
#4538 = DIRECTION('',(-0.,-1.,0.));
#4539 = FACE_BOUND('',#4540,.T.);
#4540 = EDGE_LOOP('',(#4541));
#4541 = ORIENTED_EDGE('',*,*,#4542,.T.);
#4542 = EDGE_CURVE('',#4543,#4543,#4545,.T.);
#4543 = VERTEX_POINT('',#4544);
#4544 = CARTESIAN_POINT('',(24.5,-11.55,1.11));
#4545 = CIRCLE('',#4546,0.55);
#4546 = AXIS2_PLACEMENT_3D('',#4547,#4548,#4549);
#4547 = CARTESIAN_POINT('',(24.5,-11.,1.11));
#4548 = DIRECTION('',(-0.,0.,-1.));
#4549 = DIRECTION('',(-0.,-1.,0.));
#4550 = FACE_BOUND('',#4551,.T.);
#4551 = EDGE_LOOP('',(#4552));
#4552 = ORIENTED_EDGE('',*,*,#4553,.T.);
#4553 = EDGE_CURVE('',#4554,#4554,#4556,.T.);
#4554 = VERTEX_POINT('',#4555);
#4555 = CARTESIAN_POINT('',(33.57,-14.85,1.11));
#4556 = CIRCLE('',#4557,0.5);
#4557 = AXIS2_PLACEMENT_3D('',#4558,#4559,#4560);
#4558 = CARTESIAN_POINT('',(33.57,-14.35,1.11));
#4559 = DIRECTION('',(-0.,0.,-1.));
#4560 = DIRECTION('',(-0.,-1.,0.));
#4561 = FACE_BOUND('',#4562,.T.);
#4562 = EDGE_LOOP('',(#4563));
#4563 = ORIENTED_EDGE('',*,*,#4564,.T.);
#4564 = EDGE_CURVE('',#4565,#4565,#4567,.T.);
#4565 = VERTEX_POINT('',#4566);
#4566 = CARTESIAN_POINT('',(36.11,-14.85,1.11));
#4567 = CIRCLE('',#4568,0.5);
#4568 = AXIS2_PLACEMENT_3D('',#4569,#4570,#4571);
#4569 = CARTESIAN_POINT('',(36.11,-14.35,1.11));
#4570 = DIRECTION('',(-0.,0.,-1.));
#4571 = DIRECTION('',(-0.,-1.,0.));
#4572 = FACE_BOUND('',#4573,.T.);
#4573 = EDGE_LOOP('',(#4574));
#4574 = ORIENTED_EDGE('',*,*,#4575,.T.);
#4575 = EDGE_CURVE('',#4576,#4576,#4578,.T.);
#4576 = VERTEX_POINT('',#4577);
#4577 = CARTESIAN_POINT('',(33.57,-12.31,1.11));
#4578 = CIRCLE('',#4579,0.5);
#4579 = AXIS2_PLACEMENT_3D('',#4580,#4581,#4582);
#4580 = CARTESIAN_POINT('',(33.57,-11.81,1.11));
#4581 = DIRECTION('',(-0.,0.,-1.));
#4582 = DIRECTION('',(-0.,-1.,0.));
#4583 = FACE_BOUND('',#4584,.T.);
#4584 = EDGE_LOOP('',(#4585));
#4585 = ORIENTED_EDGE('',*,*,#4586,.T.);
#4586 = EDGE_CURVE('',#4587,#4587,#4589,.T.);
#4587 = VERTEX_POINT('',#4588);
#4588 = CARTESIAN_POINT('',(36.11,-12.31,1.11));
#4589 = CIRCLE('',#4590,0.5);
#4590 = AXIS2_PLACEMENT_3D('',#4591,#4592,#4593);
#4591 = CARTESIAN_POINT('',(36.11,-11.81,1.11));
#4592 = DIRECTION('',(-0.,0.,-1.));
#4593 = DIRECTION('',(-0.,-1.,0.));
#4594 = FACE_BOUND('',#4595,.T.);
#4595 = EDGE_LOOP('',(#4596));
#4596 = ORIENTED_EDGE('',*,*,#4597,.T.);
#4597 = EDGE_CURVE('',#4598,#4598,#4600,.T.);
#4598 = VERTEX_POINT('',#4599);
#4599 = CARTESIAN_POINT('',(38.65,-12.31,1.11));
#4600 = CIRCLE('',#4601,0.5);
#4601 = AXIS2_PLACEMENT_3D('',#4602,#4603,#4604);
#4602 = CARTESIAN_POINT('',(38.65,-11.81,1.11));
#4603 = DIRECTION('',(-0.,0.,-1.));
#4604 = DIRECTION('',(-0.,-1.,0.));
#4605 = FACE_BOUND('',#4606,.T.);
#4606 = EDGE_LOOP('',(#4607));
#4607 = ORIENTED_EDGE('',*,*,#4608,.T.);
#4608 = EDGE_CURVE('',#4609,#4609,#4611,.T.);
#4609 = VERTEX_POINT('',#4610);
#4610 = CARTESIAN_POINT('',(41.19,-12.31,1.11));
#4611 = CIRCLE('',#4612,0.5);
#4612 = AXIS2_PLACEMENT_3D('',#4613,#4614,#4615);
#4613 = CARTESIAN_POINT('',(41.19,-11.81,1.11));
#4614 = DIRECTION('',(-0.,0.,-1.));
#4615 = DIRECTION('',(-0.,-1.,0.));
#4616 = FACE_BOUND('',#4617,.T.);
#4617 = EDGE_LOOP('',(#4618));
#4618 = ORIENTED_EDGE('',*,*,#4619,.T.);
#4619 = EDGE_CURVE('',#4620,#4620,#4622,.T.);
#4620 = VERTEX_POINT('',#4621);
#4621 = CARTESIAN_POINT('',(33.57,-9.77,1.11));
#4622 = CIRCLE('',#4623,0.5);
#4623 = AXIS2_PLACEMENT_3D('',#4624,#4625,#4626);
#4624 = CARTESIAN_POINT('',(33.57,-9.27,1.11));
#4625 = DIRECTION('',(-0.,0.,-1.));
#4626 = DIRECTION('',(-0.,-1.,0.));
#4627 = FACE_BOUND('',#4628,.T.);
#4628 = EDGE_LOOP('',(#4629));
#4629 = ORIENTED_EDGE('',*,*,#4630,.T.);
#4630 = EDGE_CURVE('',#4631,#4631,#4633,.T.);
#4631 = VERTEX_POINT('',#4632);
#4632 = CARTESIAN_POINT('',(36.11,-9.77,1.11));
#4633 = CIRCLE('',#4634,0.5);
#4634 = AXIS2_PLACEMENT_3D('',#4635,#4636,#4637);
#4635 = CARTESIAN_POINT('',(36.11,-9.27,1.11));
#4636 = DIRECTION('',(-0.,0.,-1.));
#4637 = DIRECTION('',(-0.,-1.,0.));
#4638 = FACE_BOUND('',#4639,.T.);
#4639 = EDGE_LOOP('',(#4640));
#4640 = ORIENTED_EDGE('',*,*,#4641,.T.);
#4641 = EDGE_CURVE('',#4642,#4642,#4644,.T.);
#4642 = VERTEX_POINT('',#4643);
#4643 = CARTESIAN_POINT('',(38.65,-9.77,1.11));
#4644 = CIRCLE('',#4645,0.5);
#4645 = AXIS2_PLACEMENT_3D('',#4646,#4647,#4648);
#4646 = CARTESIAN_POINT('',(38.65,-9.27,1.11));
#4647 = DIRECTION('',(-0.,0.,-1.));
#4648 = DIRECTION('',(-0.,-1.,0.));
#4649 = FACE_BOUND('',#4650,.T.);
#4650 = EDGE_LOOP('',(#4651));
#4651 = ORIENTED_EDGE('',*,*,#4652,.T.);
#4652 = EDGE_CURVE('',#4653,#4653,#4655,.T.);
#4653 = VERTEX_POINT('',#4654);
#4654 = CARTESIAN_POINT('',(41.19,-9.77,1.11));
#4655 = CIRCLE('',#4656,0.5);
#4656 = AXIS2_PLACEMENT_3D('',#4657,#4658,#4659);
#4657 = CARTESIAN_POINT('',(41.19,-9.27,1.11));
#4658 = DIRECTION('',(-0.,0.,-1.));
#4659 = DIRECTION('',(-0.,-1.,0.));
#4660 = FACE_BOUND('',#4661,.T.);
#4661 = EDGE_LOOP('',(#4662));
#4662 = ORIENTED_EDGE('',*,*,#4663,.T.);
#4663 = EDGE_CURVE('',#4664,#4664,#4666,.T.);
#4664 = VERTEX_POINT('',#4665);
#4665 = CARTESIAN_POINT('',(24.5,-7.05,1.11));
#4666 = CIRCLE('',#4667,0.55);
#4667 = AXIS2_PLACEMENT_3D('',#4668,#4669,#4670);
#4668 = CARTESIAN_POINT('',(24.5,-6.5,1.11));
#4669 = DIRECTION('',(-0.,0.,-1.));
#4670 = DIRECTION('',(-0.,-1.,0.));
#4671 = FACE_BOUND('',#4672,.T.);
#4672 = EDGE_LOOP('',(#4673));
#4673 = ORIENTED_EDGE('',*,*,#4674,.T.);
#4674 = EDGE_CURVE('',#4675,#4675,#4677,.T.);
#4675 = VERTEX_POINT('',#4676);
#4676 = CARTESIAN_POINT('',(27.5,-2.8,1.11));
#4677 = CIRCLE('',#4678,0.5);
#4678 = AXIS2_PLACEMENT_3D('',#4679,#4680,#4681);
#4679 = CARTESIAN_POINT('',(27.5,-2.3,1.11));
#4680 = DIRECTION('',(-0.,0.,-1.));
#4681 = DIRECTION('',(-0.,-1.,0.));
#4682 = FACE_BOUND('',#4683,.T.);
#4683 = EDGE_LOOP('',(#4684));
#4684 = ORIENTED_EDGE('',*,*,#4685,.T.);
#4685 = EDGE_CURVE('',#4686,#4686,#4688,.T.);
#4686 = VERTEX_POINT('',#4687);
#4687 = CARTESIAN_POINT('',(30.04,-2.8,1.11));
#4688 = CIRCLE('',#4689,0.5);
#4689 = AXIS2_PLACEMENT_3D('',#4690,#4691,#4692);
#4690 = CARTESIAN_POINT('',(30.04,-2.3,1.11));
#4691 = DIRECTION('',(-0.,0.,-1.));
#4692 = DIRECTION('',(-0.,-1.,0.));
#4693 = FACE_BOUND('',#4694,.T.);
#4694 = EDGE_LOOP('',(#4695));
#4695 = ORIENTED_EDGE('',*,*,#4696,.T.);
#4696 = EDGE_CURVE('',#4697,#4697,#4699,.T.);
#4697 = VERTEX_POINT('',#4698);
#4698 = CARTESIAN_POINT('',(32.58,-2.8,1.11));
#4699 = CIRCLE('',#4700,0.5);
#4700 = AXIS2_PLACEMENT_3D('',#4701,#4702,#4703);
#4701 = CARTESIAN_POINT('',(32.58,-2.3,1.11));
#4702 = DIRECTION('',(-0.,0.,-1.));
#4703 = DIRECTION('',(-0.,-1.,0.));
#4704 = FACE_BOUND('',#4705,.T.);
#4705 = EDGE_LOOP('',(#4706));
#4706 = ORIENTED_EDGE('',*,*,#4707,.T.);
#4707 = EDGE_CURVE('',#4708,#4708,#4710,.T.);
#4708 = VERTEX_POINT('',#4709);
#4709 = CARTESIAN_POINT('',(40.,-3.2,1.11));
#4710 = CIRCLE('',#4711,0.5);
#4711 = AXIS2_PLACEMENT_3D('',#4712,#4713,#4714);
#4712 = CARTESIAN_POINT('',(40.,-2.7,1.11));
#4713 = DIRECTION('',(-0.,0.,-1.));
#4714 = DIRECTION('',(-0.,-1.,0.));
#4715 = FACE_BOUND('',#4716,.T.);
#4716 = EDGE_LOOP('',(#4717));
#4717 = ORIENTED_EDGE('',*,*,#4718,.T.);
#4718 = EDGE_CURVE('',#4719,#4719,#4721,.T.);
#4719 = VERTEX_POINT('',#4720);
#4720 = CARTESIAN_POINT('',(53.89,-27.55,1.11));
#4721 = CIRCLE('',#4722,0.5);
#4722 = AXIS2_PLACEMENT_3D('',#4723,#4724,#4725);
#4723 = CARTESIAN_POINT('',(53.89,-27.05,1.11));
#4724 = DIRECTION('',(-0.,0.,-1.));
#4725 = DIRECTION('',(-0.,-1.,0.));
#4726 = FACE_BOUND('',#4727,.T.);
#4727 = EDGE_LOOP('',(#4728));
#4728 = ORIENTED_EDGE('',*,*,#4729,.T.);
#4729 = EDGE_CURVE('',#4730,#4730,#4732,.T.);
#4730 = VERTEX_POINT('',#4731);
#4731 = CARTESIAN_POINT('',(56.43,-27.55,1.11));
#4732 = CIRCLE('',#4733,0.5);
#4733 = AXIS2_PLACEMENT_3D('',#4734,#4735,#4736);
#4734 = CARTESIAN_POINT('',(56.43,-27.05,1.11));
#4735 = DIRECTION('',(-0.,0.,-1.));
#4736 = DIRECTION('',(-0.,-1.,0.));
#4737 = FACE_BOUND('',#4738,.T.);
#4738 = EDGE_LOOP('',(#4739));
#4739 = ORIENTED_EDGE('',*,*,#4740,.T.);
#4740 = EDGE_CURVE('',#4741,#4741,#4743,.T.);
#4741 = VERTEX_POINT('',#4742);
#4742 = CARTESIAN_POINT('',(53.89,-25.01,1.11));
#4743 = CIRCLE('',#4744,0.5);
#4744 = AXIS2_PLACEMENT_3D('',#4745,#4746,#4747);
#4745 = CARTESIAN_POINT('',(53.89,-24.51,1.11));
#4746 = DIRECTION('',(-0.,0.,-1.));
#4747 = DIRECTION('',(-0.,-1.,0.));
#4748 = FACE_BOUND('',#4749,.T.);
#4749 = EDGE_LOOP('',(#4750));
#4750 = ORIENTED_EDGE('',*,*,#4751,.T.);
#4751 = EDGE_CURVE('',#4752,#4752,#4754,.T.);
#4752 = VERTEX_POINT('',#4753);
#4753 = CARTESIAN_POINT('',(56.43,-25.01,1.11));
#4754 = CIRCLE('',#4755,0.5);
#4755 = AXIS2_PLACEMENT_3D('',#4756,#4757,#4758);
#4756 = CARTESIAN_POINT('',(56.43,-24.51,1.11));
#4757 = DIRECTION('',(-0.,0.,-1.));
#4758 = DIRECTION('',(-0.,-1.,0.));
#4759 = FACE_BOUND('',#4760,.T.);
#4760 = EDGE_LOOP('',(#4761));
#4761 = ORIENTED_EDGE('',*,*,#4762,.T.);
#4762 = EDGE_CURVE('',#4763,#4763,#4765,.T.);
#4763 = VERTEX_POINT('',#4764);
#4764 = CARTESIAN_POINT('',(53.89,-22.47,1.11));
#4765 = CIRCLE('',#4766,0.5);
#4766 = AXIS2_PLACEMENT_3D('',#4767,#4768,#4769);
#4767 = CARTESIAN_POINT('',(53.89,-21.97,1.11));
#4768 = DIRECTION('',(-0.,0.,-1.));
#4769 = DIRECTION('',(-0.,-1.,0.));
#4770 = FACE_BOUND('',#4771,.T.);
#4771 = EDGE_LOOP('',(#4772));
#4772 = ORIENTED_EDGE('',*,*,#4773,.T.);
#4773 = EDGE_CURVE('',#4774,#4774,#4776,.T.);
#4774 = VERTEX_POINT('',#4775);
#4775 = CARTESIAN_POINT('',(56.43,-22.47,1.11));
#4776 = CIRCLE('',#4777,0.5);
#4777 = AXIS2_PLACEMENT_3D('',#4778,#4779,#4780);
#4778 = CARTESIAN_POINT('',(56.43,-21.97,1.11));
#4779 = DIRECTION('',(-0.,0.,-1.));
#4780 = DIRECTION('',(-0.,-1.,0.));
#4781 = FACE_BOUND('',#4782,.T.);
#4782 = EDGE_LOOP('',(#4783));
#4783 = ORIENTED_EDGE('',*,*,#4784,.T.);
#4784 = EDGE_CURVE('',#4785,#4785,#4787,.T.);
#4785 = VERTEX_POINT('',#4786);
#4786 = CARTESIAN_POINT('',(53.89,-19.93,1.11));
#4787 = CIRCLE('',#4788,0.5);
#4788 = AXIS2_PLACEMENT_3D('',#4789,#4790,#4791);
#4789 = CARTESIAN_POINT('',(53.89,-19.43,1.11));
#4790 = DIRECTION('',(-0.,0.,-1.));
#4791 = DIRECTION('',(-0.,-1.,0.));
#4792 = FACE_BOUND('',#4793,.T.);
#4793 = EDGE_LOOP('',(#4794));
#4794 = ORIENTED_EDGE('',*,*,#4795,.T.);
#4795 = EDGE_CURVE('',#4796,#4796,#4798,.T.);
#4796 = VERTEX_POINT('',#4797);
#4797 = CARTESIAN_POINT('',(56.43,-19.93,1.11));
#4798 = CIRCLE('',#4799,0.5);
#4799 = AXIS2_PLACEMENT_3D('',#4800,#4801,#4802);
#4800 = CARTESIAN_POINT('',(56.43,-19.43,1.11));
#4801 = DIRECTION('',(-0.,0.,-1.));
#4802 = DIRECTION('',(-0.,-1.,0.));
#4803 = FACE_BOUND('',#4804,.T.);
#4804 = EDGE_LOOP('',(#4805));
#4805 = ORIENTED_EDGE('',*,*,#4806,.T.);
#4806 = EDGE_CURVE('',#4807,#4807,#4809,.T.);
#4807 = VERTEX_POINT('',#4808);
#4808 = CARTESIAN_POINT('',(53.89,-17.39,1.11));
#4809 = CIRCLE('',#4810,0.5);
#4810 = AXIS2_PLACEMENT_3D('',#4811,#4812,#4813);
#4811 = CARTESIAN_POINT('',(53.89,-16.89,1.11));
#4812 = DIRECTION('',(-0.,0.,-1.));
#4813 = DIRECTION('',(-0.,-1.,0.));
#4814 = FACE_BOUND('',#4815,.T.);
#4815 = EDGE_LOOP('',(#4816));
#4816 = ORIENTED_EDGE('',*,*,#4817,.T.);
#4817 = EDGE_CURVE('',#4818,#4818,#4820,.T.);
#4818 = VERTEX_POINT('',#4819);
#4819 = CARTESIAN_POINT('',(56.43,-17.39,1.11));
#4820 = CIRCLE('',#4821,0.5);
#4821 = AXIS2_PLACEMENT_3D('',#4822,#4823,#4824);
#4822 = CARTESIAN_POINT('',(56.43,-16.89,1.11));
#4823 = DIRECTION('',(-0.,0.,-1.));
#4824 = DIRECTION('',(-0.,-1.,0.));
#4825 = FACE_BOUND('',#4826,.T.);
#4826 = EDGE_LOOP('',(#4827));
#4827 = ORIENTED_EDGE('',*,*,#4828,.T.);
#4828 = EDGE_CURVE('',#4829,#4829,#4831,.T.);
#4829 = VERTEX_POINT('',#4830);
#4830 = CARTESIAN_POINT('',(64.,-27.68,1.11));
#4831 = CIRCLE('',#4832,0.4);
#4832 = AXIS2_PLACEMENT_3D('',#4833,#4834,#4835);
#4833 = CARTESIAN_POINT('',(64.,-27.28,1.11));
#4834 = DIRECTION('',(-0.,0.,-1.));
#4835 = DIRECTION('',(-0.,-1.,0.));
#4836 = FACE_BOUND('',#4837,.T.);
#4837 = EDGE_LOOP('',(#4838));
#4838 = ORIENTED_EDGE('',*,*,#4839,.T.);
#4839 = EDGE_CURVE('',#4840,#4840,#4842,.T.);
#4840 = VERTEX_POINT('',#4841);
#4841 = CARTESIAN_POINT('',(64.,-25.14,1.11));
#4842 = CIRCLE('',#4843,0.4);
#4843 = AXIS2_PLACEMENT_3D('',#4844,#4845,#4846);
#4844 = CARTESIAN_POINT('',(64.,-24.74,1.11));
#4845 = DIRECTION('',(-0.,0.,-1.));
#4846 = DIRECTION('',(-0.,-1.,0.));
#4847 = FACE_BOUND('',#4848,.T.);
#4848 = EDGE_LOOP('',(#4849));
#4849 = ORIENTED_EDGE('',*,*,#4850,.T.);
#4850 = EDGE_CURVE('',#4851,#4851,#4853,.T.);
#4851 = VERTEX_POINT('',#4852);
#4852 = CARTESIAN_POINT('',(71.62,-27.68,1.11));
#4853 = CIRCLE('',#4854,0.4);
#4854 = AXIS2_PLACEMENT_3D('',#4855,#4856,#4857);
#4855 = CARTESIAN_POINT('',(71.62,-27.28,1.11));
#4856 = DIRECTION('',(-0.,0.,-1.));
#4857 = DIRECTION('',(-0.,-1.,0.));
#4858 = FACE_BOUND('',#4859,.T.);
#4859 = EDGE_LOOP('',(#4860));
#4860 = ORIENTED_EDGE('',*,*,#4861,.T.);
#4861 = EDGE_CURVE('',#4862,#4862,#4864,.T.);
#4862 = VERTEX_POINT('',#4863);
#4863 = CARTESIAN_POINT('',(71.62,-25.14,1.11));
#4864 = CIRCLE('',#4865,0.4);
#4865 = AXIS2_PLACEMENT_3D('',#4866,#4867,#4868);
#4866 = CARTESIAN_POINT('',(71.62,-24.74,1.11));
#4867 = DIRECTION('',(-0.,0.,-1.));
#4868 = DIRECTION('',(-0.,-1.,0.));
#4869 = FACE_BOUND('',#4870,.T.);
#4870 = EDGE_LOOP('',(#4871));
#4871 = ORIENTED_EDGE('',*,*,#4872,.T.);
#4872 = EDGE_CURVE('',#4873,#4873,#4875,.T.);
#4873 = VERTEX_POINT('',#4874);
#4874 = CARTESIAN_POINT('',(64.,-22.6,1.11));
#4875 = CIRCLE('',#4876,0.4);
#4876 = AXIS2_PLACEMENT_3D('',#4877,#4878,#4879);
#4877 = CARTESIAN_POINT('',(64.,-22.2,1.11));
#4878 = DIRECTION('',(-0.,0.,-1.));
#4879 = DIRECTION('',(-0.,-1.,0.));
#4880 = FACE_BOUND('',#4881,.T.);
#4881 = EDGE_LOOP('',(#4882));
#4882 = ORIENTED_EDGE('',*,*,#4883,.T.);
#4883 = EDGE_CURVE('',#4884,#4884,#4886,.T.);
#4884 = VERTEX_POINT('',#4885);
#4885 = CARTESIAN_POINT('',(71.62,-22.6,1.11));
#4886 = CIRCLE('',#4887,0.4);
#4887 = AXIS2_PLACEMENT_3D('',#4888,#4889,#4890);
#4888 = CARTESIAN_POINT('',(71.62,-22.2,1.11));
#4889 = DIRECTION('',(-0.,0.,-1.));
#4890 = DIRECTION('',(-0.,-1.,0.));
#4891 = FACE_BOUND('',#4892,.T.);
#4892 = EDGE_LOOP('',(#4893));
#4893 = ORIENTED_EDGE('',*,*,#4894,.T.);
#4894 = EDGE_CURVE('',#4895,#4895,#4897,.T.);
#4895 = VERTEX_POINT('',#4896);
#4896 = CARTESIAN_POINT('',(64.,-20.06,1.11));
#4897 = CIRCLE('',#4898,0.4);
#4898 = AXIS2_PLACEMENT_3D('',#4899,#4900,#4901);
#4899 = CARTESIAN_POINT('',(64.,-19.66,1.11));
#4900 = DIRECTION('',(-0.,0.,-1.));
#4901 = DIRECTION('',(-0.,-1.,0.));
#4902 = FACE_BOUND('',#4903,.T.);
#4903 = EDGE_LOOP('',(#4904));
#4904 = ORIENTED_EDGE('',*,*,#4905,.T.);
#4905 = EDGE_CURVE('',#4906,#4906,#4908,.T.);
#4906 = VERTEX_POINT('',#4907);
#4907 = CARTESIAN_POINT('',(71.62,-20.06,1.11));
#4908 = CIRCLE('',#4909,0.4);
#4909 = AXIS2_PLACEMENT_3D('',#4910,#4911,#4912);
#4910 = CARTESIAN_POINT('',(71.62,-19.66,1.11));
#4911 = DIRECTION('',(-0.,0.,-1.));
#4912 = DIRECTION('',(-0.,-1.,0.));
#4913 = FACE_BOUND('',#4914,.T.);
#4914 = EDGE_LOOP('',(#4915));
#4915 = ORIENTED_EDGE('',*,*,#4916,.T.);
#4916 = EDGE_CURVE('',#4917,#4917,#4919,.T.);
#4917 = VERTEX_POINT('',#4918);
#4918 = CARTESIAN_POINT('',(64.,-17.52,1.11));
#4919 = CIRCLE('',#4920,0.4);
#4920 = AXIS2_PLACEMENT_3D('',#4921,#4922,#4923);
#4921 = CARTESIAN_POINT('',(64.,-17.12,1.11));
#4922 = DIRECTION('',(-0.,0.,-1.));
#4923 = DIRECTION('',(-0.,-1.,0.));
#4924 = FACE_BOUND('',#4925,.T.);
#4925 = EDGE_LOOP('',(#4926));
#4926 = ORIENTED_EDGE('',*,*,#4927,.T.);
#4927 = EDGE_CURVE('',#4928,#4928,#4930,.T.);
#4928 = VERTEX_POINT('',#4929);
#4929 = CARTESIAN_POINT('',(71.62,-17.52,1.11));
#4930 = CIRCLE('',#4931,0.4);
#4931 = AXIS2_PLACEMENT_3D('',#4932,#4933,#4934);
#4932 = CARTESIAN_POINT('',(71.62,-17.12,1.11));
#4933 = DIRECTION('',(-0.,0.,-1.));
#4934 = DIRECTION('',(-0.,-1.,0.));
#4935 = FACE_BOUND('',#4936,.T.);
#4936 = EDGE_LOOP('',(#4937));
#4937 = ORIENTED_EDGE('',*,*,#4938,.T.);
#4938 = EDGE_CURVE('',#4939,#4939,#4941,.T.);
#4939 = VERTEX_POINT('',#4940);
#4940 = CARTESIAN_POINT('',(43.73,-12.31,1.11));
#4941 = CIRCLE('',#4942,0.5);
#4942 = AXIS2_PLACEMENT_3D('',#4943,#4944,#4945);
#4943 = CARTESIAN_POINT('',(43.73,-11.81,1.11));
#4944 = DIRECTION('',(-0.,0.,-1.));
#4945 = DIRECTION('',(-0.,-1.,0.));
#4946 = FACE_BOUND('',#4947,.T.);
#4947 = EDGE_LOOP('',(#4948));
#4948 = ORIENTED_EDGE('',*,*,#4949,.T.);
#4949 = EDGE_CURVE('',#4950,#4950,#4952,.T.);
#4950 = VERTEX_POINT('',#4951);
#4951 = CARTESIAN_POINT('',(46.27,-12.31,1.11));
#4952 = CIRCLE('',#4953,0.5);
#4953 = AXIS2_PLACEMENT_3D('',#4954,#4955,#4956);
#4954 = CARTESIAN_POINT('',(46.27,-11.81,1.11));
#4955 = DIRECTION('',(-0.,0.,-1.));
#4956 = DIRECTION('',(-0.,-1.,0.));
#4957 = FACE_BOUND('',#4958,.T.);
#4958 = EDGE_LOOP('',(#4959));
#4959 = ORIENTED_EDGE('',*,*,#4960,.T.);
#4960 = EDGE_CURVE('',#4961,#4961,#4963,.T.);
#4961 = VERTEX_POINT('',#4962);
#4962 = CARTESIAN_POINT('',(48.81,-12.31,1.11));
#4963 = CIRCLE('',#4964,0.5);
#4964 = AXIS2_PLACEMENT_3D('',#4965,#4966,#4967);
#4965 = CARTESIAN_POINT('',(48.81,-11.81,1.11));
#4966 = DIRECTION('',(-0.,0.,-1.));
#4967 = DIRECTION('',(-0.,-1.,0.));
#4968 = FACE_BOUND('',#4969,.T.);
#4969 = EDGE_LOOP('',(#4970));
#4970 = ORIENTED_EDGE('',*,*,#4971,.T.);
#4971 = EDGE_CURVE('',#4972,#4972,#4974,.T.);
#4972 = VERTEX_POINT('',#4973);
#4973 = CARTESIAN_POINT('',(51.35,-12.31,1.11));
#4974 = CIRCLE('',#4975,0.5);
#4975 = AXIS2_PLACEMENT_3D('',#4976,#4977,#4978);
#4976 = CARTESIAN_POINT('',(51.35,-11.81,1.11));
#4977 = DIRECTION('',(-0.,0.,-1.));
#4978 = DIRECTION('',(-0.,-1.,0.));
#4979 = FACE_BOUND('',#4980,.T.);
#4980 = EDGE_LOOP('',(#4981));
#4981 = ORIENTED_EDGE('',*,*,#4982,.T.);
#4982 = EDGE_CURVE('',#4983,#4983,#4985,.T.);
#4983 = VERTEX_POINT('',#4984);
#4984 = CARTESIAN_POINT('',(43.73,-9.77,1.11));
#4985 = CIRCLE('',#4986,0.5);
#4986 = AXIS2_PLACEMENT_3D('',#4987,#4988,#4989);
#4987 = CARTESIAN_POINT('',(43.73,-9.27,1.11));
#4988 = DIRECTION('',(-0.,0.,-1.));
#4989 = DIRECTION('',(-0.,-1.,0.));
#4990 = FACE_BOUND('',#4991,.T.);
#4991 = EDGE_LOOP('',(#4992));
#4992 = ORIENTED_EDGE('',*,*,#4993,.T.);
#4993 = EDGE_CURVE('',#4994,#4994,#4996,.T.);
#4994 = VERTEX_POINT('',#4995);
#4995 = CARTESIAN_POINT('',(46.27,-9.77,1.11));
#4996 = CIRCLE('',#4997,0.5);
#4997 = AXIS2_PLACEMENT_3D('',#4998,#4999,#5000);
#4998 = CARTESIAN_POINT('',(46.27,-9.27,1.11));
#4999 = DIRECTION('',(-0.,0.,-1.));
#5000 = DIRECTION('',(-0.,-1.,0.));
#5001 = FACE_BOUND('',#5002,.T.);
#5002 = EDGE_LOOP('',(#5003));
#5003 = ORIENTED_EDGE('',*,*,#5004,.T.);
#5004 = EDGE_CURVE('',#5005,#5005,#5007,.T.);
#5005 = VERTEX_POINT('',#5006);
#5006 = CARTESIAN_POINT('',(48.81,-9.77,1.11));
#5007 = CIRCLE('',#5008,0.5);
#5008 = AXIS2_PLACEMENT_3D('',#5009,#5010,#5011);
#5009 = CARTESIAN_POINT('',(48.81,-9.27,1.11));
#5010 = DIRECTION('',(-0.,0.,-1.));
#5011 = DIRECTION('',(-0.,-1.,0.));
#5012 = FACE_BOUND('',#5013,.T.);
#5013 = EDGE_LOOP('',(#5014));
#5014 = ORIENTED_EDGE('',*,*,#5015,.T.);
#5015 = EDGE_CURVE('',#5016,#5016,#5018,.T.);
#5016 = VERTEX_POINT('',#5017);
#5017 = CARTESIAN_POINT('',(51.35,-9.77,1.11));
#5018 = CIRCLE('',#5019,0.5);
#5019 = AXIS2_PLACEMENT_3D('',#5020,#5021,#5022);
#5020 = CARTESIAN_POINT('',(51.35,-9.27,1.11));
#5021 = DIRECTION('',(-0.,0.,-1.));
#5022 = DIRECTION('',(-0.,-1.,0.));
#5023 = FACE_BOUND('',#5024,.T.);
#5024 = EDGE_LOOP('',(#5025));
#5025 = ORIENTED_EDGE('',*,*,#5026,.T.);
#5026 = EDGE_CURVE('',#5027,#5027,#5029,.T.);
#5027 = VERTEX_POINT('',#5028);
#5028 = CARTESIAN_POINT('',(53.89,-14.85,1.11));
#5029 = CIRCLE('',#5030,0.5);
#5030 = AXIS2_PLACEMENT_3D('',#5031,#5032,#5033);
#5031 = CARTESIAN_POINT('',(53.89,-14.35,1.11));
#5032 = DIRECTION('',(-0.,0.,-1.));
#5033 = DIRECTION('',(-0.,-1.,0.));
#5034 = FACE_BOUND('',#5035,.T.);
#5035 = EDGE_LOOP('',(#5036));
#5036 = ORIENTED_EDGE('',*,*,#5037,.T.);
#5037 = EDGE_CURVE('',#5038,#5038,#5040,.T.);
#5038 = VERTEX_POINT('',#5039);
#5039 = CARTESIAN_POINT('',(56.43,-14.85,1.11));
#5040 = CIRCLE('',#5041,0.5);
#5041 = AXIS2_PLACEMENT_3D('',#5042,#5043,#5044);
#5042 = CARTESIAN_POINT('',(56.43,-14.35,1.11));
#5043 = DIRECTION('',(-0.,0.,-1.));
#5044 = DIRECTION('',(-0.,-1.,0.));
#5045 = FACE_BOUND('',#5046,.T.);
#5046 = EDGE_LOOP('',(#5047));
#5047 = ORIENTED_EDGE('',*,*,#5048,.T.);
#5048 = EDGE_CURVE('',#5049,#5049,#5051,.T.);
#5049 = VERTEX_POINT('',#5050);
#5050 = CARTESIAN_POINT('',(53.89,-12.31,1.11));
#5051 = CIRCLE('',#5052,0.5);
#5052 = AXIS2_PLACEMENT_3D('',#5053,#5054,#5055);
#5053 = CARTESIAN_POINT('',(53.89,-11.81,1.11));
#5054 = DIRECTION('',(-0.,0.,-1.));
#5055 = DIRECTION('',(-0.,-1.,0.));
#5056 = FACE_BOUND('',#5057,.T.);
#5057 = EDGE_LOOP('',(#5058));
#5058 = ORIENTED_EDGE('',*,*,#5059,.T.);
#5059 = EDGE_CURVE('',#5060,#5060,#5062,.T.);
#5060 = VERTEX_POINT('',#5061);
#5061 = CARTESIAN_POINT('',(56.43,-12.31,1.11));
#5062 = CIRCLE('',#5063,0.5);
#5063 = AXIS2_PLACEMENT_3D('',#5064,#5065,#5066);
#5064 = CARTESIAN_POINT('',(56.43,-11.81,1.11));
#5065 = DIRECTION('',(-0.,0.,-1.));
#5066 = DIRECTION('',(-0.,-1.,0.));
#5067 = FACE_BOUND('',#5068,.T.);
#5068 = EDGE_LOOP('',(#5069));
#5069 = ORIENTED_EDGE('',*,*,#5070,.T.);
#5070 = EDGE_CURVE('',#5071,#5071,#5073,.T.);
#5071 = VERTEX_POINT('',#5072);
#5072 = CARTESIAN_POINT('',(53.89,-9.77,1.11));
#5073 = CIRCLE('',#5074,0.5);
#5074 = AXIS2_PLACEMENT_3D('',#5075,#5076,#5077);
#5075 = CARTESIAN_POINT('',(53.89,-9.27,1.11));
#5076 = DIRECTION('',(-0.,0.,-1.));
#5077 = DIRECTION('',(-0.,-1.,0.));
#5078 = FACE_BOUND('',#5079,.T.);
#5079 = EDGE_LOOP('',(#5080));
#5080 = ORIENTED_EDGE('',*,*,#5081,.T.);
#5081 = EDGE_CURVE('',#5082,#5082,#5084,.T.);
#5082 = VERTEX_POINT('',#5083);
#5083 = CARTESIAN_POINT('',(56.43,-9.77,1.11));
#5084 = CIRCLE('',#5085,0.5);
#5085 = AXIS2_PLACEMENT_3D('',#5086,#5087,#5088);
#5086 = CARTESIAN_POINT('',(56.43,-9.27,1.11));
#5087 = DIRECTION('',(-0.,0.,-1.));
#5088 = DIRECTION('',(-0.,-1.,0.));
#5089 = FACE_BOUND('',#5090,.T.);
#5090 = EDGE_LOOP('',(#5091));
#5091 = ORIENTED_EDGE('',*,*,#5092,.T.);
#5092 = EDGE_CURVE('',#5093,#5093,#5095,.T.);
#5093 = VERTEX_POINT('',#5094);
#5094 = CARTESIAN_POINT('',(42.54,-3.2,1.11));
#5095 = CIRCLE('',#5096,0.5);
#5096 = AXIS2_PLACEMENT_3D('',#5097,#5098,#5099);
#5097 = CARTESIAN_POINT('',(42.54,-2.7,1.11));
#5098 = DIRECTION('',(-0.,0.,-1.));
#5099 = DIRECTION('',(-0.,-1.,0.));
#5100 = FACE_BOUND('',#5101,.T.);
#5101 = EDGE_LOOP('',(#5102));
#5102 = ORIENTED_EDGE('',*,*,#5103,.T.);
#5103 = EDGE_CURVE('',#5104,#5104,#5106,.T.);
#5104 = VERTEX_POINT('',#5105);
#5105 = CARTESIAN_POINT('',(45.08,-3.2,1.11));
#5106 = CIRCLE('',#5107,0.5);
#5107 = AXIS2_PLACEMENT_3D('',#5108,#5109,#5110);
#5108 = CARTESIAN_POINT('',(45.08,-2.7,1.11));
#5109 = DIRECTION('',(-0.,0.,-1.));
#5110 = DIRECTION('',(-0.,-1.,0.));
#5111 = FACE_BOUND('',#5112,.T.);
#5112 = EDGE_LOOP('',(#5113));
#5113 = ORIENTED_EDGE('',*,*,#5114,.T.);
#5114 = EDGE_CURVE('',#5115,#5115,#5117,.T.);
#5115 = VERTEX_POINT('',#5116);
#5116 = CARTESIAN_POINT('',(47.62,-3.2,1.11));
#5117 = CIRCLE('',#5118,0.5);
#5118 = AXIS2_PLACEMENT_3D('',#5119,#5120,#5121);
#5119 = CARTESIAN_POINT('',(47.62,-2.7,1.11));
#5120 = DIRECTION('',(-0.,0.,-1.));
#5121 = DIRECTION('',(-0.,-1.,0.));
#5122 = FACE_BOUND('',#5123,.T.);
#5123 = EDGE_LOOP('',(#5124));
#5124 = ORIENTED_EDGE('',*,*,#5125,.T.);
#5125 = EDGE_CURVE('',#5126,#5126,#5128,.T.);
#5126 = VERTEX_POINT('',#5127);
#5127 = CARTESIAN_POINT('',(60.5,-6.34,1.11));
#5128 = CIRCLE('',#5129,0.5);
#5129 = AXIS2_PLACEMENT_3D('',#5130,#5131,#5132);
#5130 = CARTESIAN_POINT('',(60.5,-5.84,1.11));
#5131 = DIRECTION('',(-0.,0.,-1.));
#5132 = DIRECTION('',(-0.,-1.,0.));
#5133 = FACE_BOUND('',#5134,.T.);
#5134 = EDGE_LOOP('',(#5135));
#5135 = ORIENTED_EDGE('',*,*,#5136,.T.);
#5136 = EDGE_CURVE('',#5137,#5137,#5139,.T.);
#5137 = VERTEX_POINT('',#5138);
#5138 = CARTESIAN_POINT('',(60.5,-3.8,1.11));
#5139 = CIRCLE('',#5140,0.5);
#5140 = AXIS2_PLACEMENT_3D('',#5141,#5142,#5143);
#5141 = CARTESIAN_POINT('',(60.5,-3.3,1.11));
#5142 = DIRECTION('',(-0.,0.,-1.));
#5143 = DIRECTION('',(-0.,-1.,0.));
#5144 = FACE_BOUND('',#5145,.T.);
#5145 = EDGE_LOOP('',(#5146));
#5146 = ORIENTED_EDGE('',*,*,#5147,.T.);
#5147 = EDGE_CURVE('',#5148,#5148,#5150,.T.);
#5148 = VERTEX_POINT('',#5149);
#5149 = CARTESIAN_POINT('',(64.,-14.98,1.11));
#5150 = CIRCLE('',#5151,0.4);
#5151 = AXIS2_PLACEMENT_3D('',#5152,#5153,#5154);
#5152 = CARTESIAN_POINT('',(64.,-14.58,1.11));
#5153 = DIRECTION('',(-0.,0.,-1.));
#5154 = DIRECTION('',(-0.,-1.,0.));
#5155 = FACE_BOUND('',#5156,.T.);
#5156 = EDGE_LOOP('',(#5157));
#5157 = ORIENTED_EDGE('',*,*,#5158,.T.);
#5158 = EDGE_CURVE('',#5159,#5159,#5161,.T.);
#5159 = VERTEX_POINT('',#5160);
#5160 = CARTESIAN_POINT('',(64.,-12.44,1.11));
#5161 = CIRCLE('',#5162,0.4);
#5162 = AXIS2_PLACEMENT_3D('',#5163,#5164,#5165);
#5163 = CARTESIAN_POINT('',(64.,-12.04,1.11));
#5164 = DIRECTION('',(-0.,0.,-1.));
#5165 = DIRECTION('',(-0.,-1.,0.));
#5166 = FACE_BOUND('',#5167,.T.);
#5167 = EDGE_LOOP('',(#5168));
#5168 = ORIENTED_EDGE('',*,*,#5169,.T.);
#5169 = EDGE_CURVE('',#5170,#5170,#5172,.T.);
#5170 = VERTEX_POINT('',#5171);
#5171 = CARTESIAN_POINT('',(71.62,-14.98,1.11));
#5172 = CIRCLE('',#5173,0.4);
#5173 = AXIS2_PLACEMENT_3D('',#5174,#5175,#5176);
#5174 = CARTESIAN_POINT('',(71.62,-14.58,1.11));
#5175 = DIRECTION('',(-0.,0.,-1.));
#5176 = DIRECTION('',(-0.,-1.,0.));
#5177 = FACE_BOUND('',#5178,.T.);
#5178 = EDGE_LOOP('',(#5179));
#5179 = ORIENTED_EDGE('',*,*,#5180,.T.);
#5180 = EDGE_CURVE('',#5181,#5181,#5183,.T.);
#5181 = VERTEX_POINT('',#5182);
#5182 = CARTESIAN_POINT('',(71.62,-12.44,1.11));
#5183 = CIRCLE('',#5184,0.4);
#5184 = AXIS2_PLACEMENT_3D('',#5185,#5186,#5187);
#5185 = CARTESIAN_POINT('',(71.62,-12.04,1.11));
#5186 = DIRECTION('',(-0.,0.,-1.));
#5187 = DIRECTION('',(-0.,-1.,0.));
#5188 = FACE_BOUND('',#5189,.T.);
#5189 = EDGE_LOOP('',(#5190));
#5190 = ORIENTED_EDGE('',*,*,#5191,.T.);
#5191 = EDGE_CURVE('',#5192,#5192,#5194,.T.);
#5192 = VERTEX_POINT('',#5193);
#5193 = CARTESIAN_POINT('',(64.,-9.9,1.11));
#5194 = CIRCLE('',#5195,0.4);
#5195 = AXIS2_PLACEMENT_3D('',#5196,#5197,#5198);
#5196 = CARTESIAN_POINT('',(64.,-9.5,1.11));
#5197 = DIRECTION('',(-0.,0.,-1.));
#5198 = DIRECTION('',(-0.,-1.,0.));
#5199 = FACE_BOUND('',#5200,.T.);
#5200 = EDGE_LOOP('',(#5201));
#5201 = ORIENTED_EDGE('',*,*,#5202,.T.);
#5202 = EDGE_CURVE('',#5203,#5203,#5205,.T.);
#5203 = VERTEX_POINT('',#5204);
#5204 = CARTESIAN_POINT('',(71.62,-9.9,1.11));
#5205 = CIRCLE('',#5206,0.4);
#5206 = AXIS2_PLACEMENT_3D('',#5207,#5208,#5209);
#5207 = CARTESIAN_POINT('',(71.62,-9.5,1.11));
#5208 = DIRECTION('',(-0.,0.,-1.));
#5209 = DIRECTION('',(-0.,-1.,0.));
#5210 = FACE_BOUND('',#5211,.T.);
#5211 = EDGE_LOOP('',(#5212));
#5212 = ORIENTED_EDGE('',*,*,#5213,.T.);
#5213 = EDGE_CURVE('',#5214,#5214,#5216,.T.);
#5214 = VERTEX_POINT('',#5215);
#5215 = CARTESIAN_POINT('',(78.5,-14.4,1.11));
#5216 = CIRCLE('',#5217,0.4);
#5217 = AXIS2_PLACEMENT_3D('',#5218,#5219,#5220);
#5218 = CARTESIAN_POINT('',(78.5,-14.,1.11));
#5219 = DIRECTION('',(-0.,0.,-1.));
#5220 = DIRECTION('',(-0.,-1.,0.));
#5221 = FACE_BOUND('',#5222,.T.);
#5222 = EDGE_LOOP('',(#5223));
#5223 = ORIENTED_EDGE('',*,*,#5224,.T.);
#5224 = EDGE_CURVE('',#5225,#5225,#5227,.T.);
#5225 = VERTEX_POINT('',#5226);
#5226 = CARTESIAN_POINT('',(78.5,-11.9,1.11));
#5227 = CIRCLE('',#5228,0.4);
#5228 = AXIS2_PLACEMENT_3D('',#5229,#5230,#5231);
#5229 = CARTESIAN_POINT('',(78.5,-11.5,1.11));
#5230 = DIRECTION('',(-0.,0.,-1.));
#5231 = DIRECTION('',(-0.,-1.,0.));
#5232 = FACE_BOUND('',#5233,.T.);
#5233 = EDGE_LOOP('',(#5234));
#5234 = ORIENTED_EDGE('',*,*,#5235,.T.);
#5235 = EDGE_CURVE('',#5236,#5236,#5238,.T.);
#5236 = VERTEX_POINT('',#5237);
#5237 = CARTESIAN_POINT('',(63.04,-6.34,1.11));
#5238 = CIRCLE('',#5239,0.5);
#5239 = AXIS2_PLACEMENT_3D('',#5240,#5241,#5242);
#5240 = CARTESIAN_POINT('',(63.04,-5.84,1.11));
#5241 = DIRECTION('',(-0.,0.,-1.));
#5242 = DIRECTION('',(-0.,-1.,0.));
#5243 = FACE_BOUND('',#5244,.T.);
#5244 = EDGE_LOOP('',(#5245));
#5245 = ORIENTED_EDGE('',*,*,#5246,.T.);
#5246 = EDGE_CURVE('',#5247,#5247,#5249,.T.);
#5247 = VERTEX_POINT('',#5248);
#5248 = CARTESIAN_POINT('',(65.58,-6.34,1.11));
#5249 = CIRCLE('',#5250,0.5);
#5250 = AXIS2_PLACEMENT_3D('',#5251,#5252,#5253);
#5251 = CARTESIAN_POINT('',(65.58,-5.84,1.11));
#5252 = DIRECTION('',(-0.,0.,-1.));
#5253 = DIRECTION('',(-0.,-1.,0.));
#5254 = FACE_BOUND('',#5255,.T.);
#5255 = EDGE_LOOP('',(#5256));
#5256 = ORIENTED_EDGE('',*,*,#5257,.T.);
#5257 = EDGE_CURVE('',#5258,#5258,#5260,.T.);
#5258 = VERTEX_POINT('',#5259);
#5259 = CARTESIAN_POINT('',(68.12,-6.34,1.11));
#5260 = CIRCLE('',#5261,0.5);
#5261 = AXIS2_PLACEMENT_3D('',#5262,#5263,#5264);
#5262 = CARTESIAN_POINT('',(68.12,-5.84,1.11));
#5263 = DIRECTION('',(-0.,0.,-1.));
#5264 = DIRECTION('',(-0.,-1.,0.));
#5265 = FACE_BOUND('',#5266,.T.);
#5266 = EDGE_LOOP('',(#5267));
#5267 = ORIENTED_EDGE('',*,*,#5268,.T.);
#5268 = EDGE_CURVE('',#5269,#5269,#5271,.T.);
#5269 = VERTEX_POINT('',#5270);
#5270 = CARTESIAN_POINT('',(70.66,-6.34,1.11));
#5271 = CIRCLE('',#5272,0.5);
#5272 = AXIS2_PLACEMENT_3D('',#5273,#5274,#5275);
#5273 = CARTESIAN_POINT('',(70.66,-5.84,1.11));
#5274 = DIRECTION('',(-0.,0.,-1.));
#5275 = DIRECTION('',(-0.,-1.,0.));
#5276 = FACE_BOUND('',#5277,.T.);
#5277 = EDGE_LOOP('',(#5278));
#5278 = ORIENTED_EDGE('',*,*,#5279,.T.);
#5279 = EDGE_CURVE('',#5280,#5280,#5282,.T.);
#5280 = VERTEX_POINT('',#5281);
#5281 = CARTESIAN_POINT('',(63.04,-3.8,1.11));
#5282 = CIRCLE('',#5283,0.5);
#5283 = AXIS2_PLACEMENT_3D('',#5284,#5285,#5286);
#5284 = CARTESIAN_POINT('',(63.04,-3.3,1.11));
#5285 = DIRECTION('',(-0.,0.,-1.));
#5286 = DIRECTION('',(-0.,-1.,0.));
#5287 = FACE_BOUND('',#5288,.T.);
#5288 = EDGE_LOOP('',(#5289));
#5289 = ORIENTED_EDGE('',*,*,#5290,.T.);
#5290 = EDGE_CURVE('',#5291,#5291,#5293,.T.);
#5291 = VERTEX_POINT('',#5292);
#5292 = CARTESIAN_POINT('',(65.58,-3.8,1.11));
#5293 = CIRCLE('',#5294,0.5);
#5294 = AXIS2_PLACEMENT_3D('',#5295,#5296,#5297);
#5295 = CARTESIAN_POINT('',(65.58,-3.3,1.11));
#5296 = DIRECTION('',(-0.,0.,-1.));
#5297 = DIRECTION('',(-0.,-1.,0.));
#5298 = FACE_BOUND('',#5299,.T.);
#5299 = EDGE_LOOP('',(#5300));
#5300 = ORIENTED_EDGE('',*,*,#5301,.T.);
#5301 = EDGE_CURVE('',#5302,#5302,#5304,.T.);
#5302 = VERTEX_POINT('',#5303);
#5303 = CARTESIAN_POINT('',(68.12,-3.8,1.11));
#5304 = CIRCLE('',#5305,0.5);
#5305 = AXIS2_PLACEMENT_3D('',#5306,#5307,#5308);
#5306 = CARTESIAN_POINT('',(68.12,-3.3,1.11));
#5307 = DIRECTION('',(-0.,0.,-1.));
#5308 = DIRECTION('',(-0.,-1.,0.));
#5309 = FACE_BOUND('',#5310,.T.);
#5310 = EDGE_LOOP('',(#5311));
#5311 = ORIENTED_EDGE('',*,*,#5312,.T.);
#5312 = EDGE_CURVE('',#5313,#5313,#5315,.T.);
#5313 = VERTEX_POINT('',#5314);
#5314 = CARTESIAN_POINT('',(70.66,-3.8,1.11));
#5315 = CIRCLE('',#5316,0.5);
#5316 = AXIS2_PLACEMENT_3D('',#5317,#5318,#5319);
#5317 = CARTESIAN_POINT('',(70.66,-3.3,1.11));
#5318 = DIRECTION('',(-0.,0.,-1.));
#5319 = DIRECTION('',(-0.,-1.,0.));
#5320 = FACE_BOUND('',#5321,.T.);
#5321 = EDGE_LOOP('',(#5322));
#5322 = ORIENTED_EDGE('',*,*,#5323,.T.);
#5323 = EDGE_CURVE('',#5324,#5324,#5326,.T.);
#5324 = VERTEX_POINT('',#5325);
#5325 = CARTESIAN_POINT('',(73.2,-6.34,1.11));
#5326 = CIRCLE('',#5327,0.5);
#5327 = AXIS2_PLACEMENT_3D('',#5328,#5329,#5330);
#5328 = CARTESIAN_POINT('',(73.2,-5.84,1.11));
#5329 = DIRECTION('',(-0.,0.,-1.));
#5330 = DIRECTION('',(-0.,-1.,0.));
#5331 = FACE_BOUND('',#5332,.T.);
#5332 = EDGE_LOOP('',(#5333));
#5333 = ORIENTED_EDGE('',*,*,#5334,.T.);
#5334 = EDGE_CURVE('',#5335,#5335,#5337,.T.);
#5335 = VERTEX_POINT('',#5336);
#5336 = CARTESIAN_POINT('',(75.74,-6.34,1.11));
#5337 = CIRCLE('',#5338,0.5);
#5338 = AXIS2_PLACEMENT_3D('',#5339,#5340,#5341);
#5339 = CARTESIAN_POINT('',(75.74,-5.84,1.11));
#5340 = DIRECTION('',(-0.,0.,-1.));
#5341 = DIRECTION('',(-0.,-1.,0.));
#5342 = FACE_BOUND('',#5343,.T.);
#5343 = EDGE_LOOP('',(#5344));
#5344 = ORIENTED_EDGE('',*,*,#5345,.T.);
#5345 = EDGE_CURVE('',#5346,#5346,#5348,.T.);
#5346 = VERTEX_POINT('',#5347);
#5347 = CARTESIAN_POINT('',(78.28,-6.34,1.11));
#5348 = CIRCLE('',#5349,0.5);
#5349 = AXIS2_PLACEMENT_3D('',#5350,#5351,#5352);
#5350 = CARTESIAN_POINT('',(78.28,-5.84,1.11));
#5351 = DIRECTION('',(-0.,0.,-1.));
#5352 = DIRECTION('',(-0.,-1.,0.));
#5353 = FACE_BOUND('',#5354,.T.);
#5354 = EDGE_LOOP('',(#5355));
#5355 = ORIENTED_EDGE('',*,*,#5356,.T.);
#5356 = EDGE_CURVE('',#5357,#5357,#5359,.T.);
#5357 = VERTEX_POINT('',#5358);
#5358 = CARTESIAN_POINT('',(73.2,-3.8,1.11));
#5359 = CIRCLE('',#5360,0.5);
#5360 = AXIS2_PLACEMENT_3D('',#5361,#5362,#5363);
#5361 = CARTESIAN_POINT('',(73.2,-3.3,1.11));
#5362 = DIRECTION('',(-0.,0.,-1.));
#5363 = DIRECTION('',(-0.,-1.,0.));
#5364 = FACE_BOUND('',#5365,.T.);
#5365 = EDGE_LOOP('',(#5366));
#5366 = ORIENTED_EDGE('',*,*,#5367,.T.);
#5367 = EDGE_CURVE('',#5368,#5368,#5370,.T.);
#5368 = VERTEX_POINT('',#5369);
#5369 = CARTESIAN_POINT('',(75.74,-3.8,1.11));
#5370 = CIRCLE('',#5371,0.5);
#5371 = AXIS2_PLACEMENT_3D('',#5372,#5373,#5374);
#5372 = CARTESIAN_POINT('',(75.74,-3.3,1.11));
#5373 = DIRECTION('',(-0.,0.,-1.));
#5374 = DIRECTION('',(-0.,-1.,0.));
#5375 = FACE_BOUND('',#5376,.T.);
#5376 = EDGE_LOOP('',(#5377));
#5377 = ORIENTED_EDGE('',*,*,#5378,.T.);
#5378 = EDGE_CURVE('',#5379,#5379,#5381,.T.);
#5379 = VERTEX_POINT('',#5380);
#5380 = CARTESIAN_POINT('',(78.28,-3.8,1.11));
#5381 = CIRCLE('',#5382,0.5);
#5382 = AXIS2_PLACEMENT_3D('',#5383,#5384,#5385);
#5383 = CARTESIAN_POINT('',(78.28,-3.3,1.11));
#5384 = DIRECTION('',(-0.,0.,-1.));
#5385 = DIRECTION('',(-0.,-1.,0.));
#5386 = PLANE('',#5387);
#5387 = AXIS2_PLACEMENT_3D('',#5388,#5389,#5390);
#5388 = CARTESIAN_POINT('',(0.,0.,1.11));
#5389 = DIRECTION('',(0.,0.,1.));
#5390 = DIRECTION('',(1.,0.,-0.));
#5391 = ADVANCED_FACE('',(#5392),#5403,.T.);
#5392 = FACE_BOUND('',#5393,.T.);
#5393 = EDGE_LOOP('',(#5394,#5400,#5401,#5402));
#5394 = ORIENTED_EDGE('',*,*,#5395,.T.);
#5395 = EDGE_CURVE('',#144,#2771,#5396,.T.);
#5396 = LINE('',#5397,#5398);
#5397 = CARTESIAN_POINT('',(0.,-0.,0.));
#5398 = VECTOR('',#5399,1.);
#5399 = DIRECTION('',(0.,0.,1.));
#5400 = ORIENTED_EDGE('',*,*,#2770,.T.);
#5401 = ORIENTED_EDGE('',*,*,#79,.F.);
#5402 = ORIENTED_EDGE('',*,*,#143,.F.);
#5403 = PLANE('',#5404);
#5404 = AXIS2_PLACEMENT_3D('',#5405,#5406,#5407);
#5405 = CARTESIAN_POINT('',(0.,0.,0.));
#5406 = DIRECTION('',(0.,1.,0.));
#5407 = DIRECTION('',(1.,0.,0.));
#5408 = ADVANCED_FACE('',(#5409),#5420,.T.);
#5409 = FACE_BOUND('',#5410,.T.);
#5410 = EDGE_LOOP('',(#5411,#5412,#5413,#5419));
#5411 = ORIENTED_EDGE('',*,*,#119,.T.);
#5412 = ORIENTED_EDGE('',*,*,#2802,.T.);
#5413 = ORIENTED_EDGE('',*,*,#5414,.F.);
#5414 = EDGE_CURVE('',#168,#2795,#5415,.T.);
#5415 = LINE('',#5416,#5417);
#5416 = CARTESIAN_POINT('',(5.8,-65.8,0.));
#5417 = VECTOR('',#5418,1.);
#5418 = DIRECTION('',(0.,0.,1.));
#5419 = ORIENTED_EDGE('',*,*,#175,.F.);
#5420 = PLANE('',#5421);
#5421 = AXIS2_PLACEMENT_3D('',#5422,#5423,#5424);
#5422 = CARTESIAN_POINT('',(84.2,-65.8,0.));
#5423 = DIRECTION('',(0.,-1.,0.));
#5424 = DIRECTION('',(-1.,0.,0.));
#5425 = ADVANCED_FACE('',(#5426),#5437,.T.);
#5426 = FACE_BOUND('',#5427,.T.);
#5427 = EDGE_LOOP('',(#5428,#5434,#5435,#5436));
#5428 = ORIENTED_EDGE('',*,*,#5429,.T.);
#5429 = EDGE_CURVE('',#152,#2779,#5430,.T.);
#5430 = LINE('',#5431,#5432);
#5431 = CARTESIAN_POINT('',(0.,-55.1,0.));
#5432 = VECTOR('',#5433,1.);
#5433 = DIRECTION('',(0.,0.,1.));
#5434 = ORIENTED_EDGE('',*,*,#2778,.T.);
#5435 = ORIENTED_EDGE('',*,*,#5395,.F.);
#5436 = ORIENTED_EDGE('',*,*,#151,.F.);
#5437 = PLANE('',#5438);
#5438 = AXIS2_PLACEMENT_3D('',#5439,#5440,#5441);
#5439 = CARTESIAN_POINT('',(0.,-55.1,0.));
#5440 = DIRECTION('',(-1.,0.,0.));
#5441 = DIRECTION('',(0.,1.,0.));
#5442 = ADVANCED_FACE('',(#5443),#5454,.T.);
#5443 = FACE_BOUND('',#5444,.T.);
#5444 = EDGE_LOOP('',(#5445,#5446,#5447,#5453));
#5445 = ORIENTED_EDGE('',*,*,#5414,.T.);
#5446 = ORIENTED_EDGE('',*,*,#2794,.T.);
#5447 = ORIENTED_EDGE('',*,*,#5448,.F.);
#5448 = EDGE_CURVE('',#160,#2787,#5449,.T.);
#5449 = LINE('',#5450,#5451);
#5450 = CARTESIAN_POINT('',(5.8,-55.1,0.));
#5451 = VECTOR('',#5452,1.);
#5452 = DIRECTION('',(0.,0.,1.));
#5453 = ORIENTED_EDGE('',*,*,#167,.F.);
#5454 = PLANE('',#5455);
#5455 = AXIS2_PLACEMENT_3D('',#5456,#5457,#5458);
#5456 = CARTESIAN_POINT('',(5.8,-65.8,0.));
#5457 = DIRECTION('',(-1.,0.,0.));
#5458 = DIRECTION('',(0.,1.,0.));
#5459 = ADVANCED_FACE('',(#5460),#5466,.T.);
#5460 = FACE_BOUND('',#5461,.T.);
#5461 = EDGE_LOOP('',(#5462,#5463,#5464,#5465));
#5462 = ORIENTED_EDGE('',*,*,#5448,.T.);
#5463 = ORIENTED_EDGE('',*,*,#2786,.T.);
#5464 = ORIENTED_EDGE('',*,*,#5429,.F.);
#5465 = ORIENTED_EDGE('',*,*,#159,.F.);
#5466 = PLANE('',#5467);
#5467 = AXIS2_PLACEMENT_3D('',#5468,#5469,#5470);
#5468 = CARTESIAN_POINT('',(5.8,-55.1,0.));
#5469 = DIRECTION('',(0.,-1.,0.));
#5470 = DIRECTION('',(-1.,0.,0.));
#5471 = ADVANCED_FACE('',(#5472),#5483,.F.);
#5472 = FACE_BOUND('',#5473,.T.);
#5473 = EDGE_LOOP('',(#5474,#5475,#5481,#5482));
#5474 = ORIENTED_EDGE('',*,*,#184,.T.);
#5475 = ORIENTED_EDGE('',*,*,#5476,.T.);
#5476 = EDGE_CURVE('',#185,#2812,#5477,.T.);
#5477 = LINE('',#5478,#5479);
#5478 = CARTESIAN_POINT('',(8.17,-53.04,-4.6E-02));
#5479 = VECTOR('',#5480,1.);
#5480 = DIRECTION('',(0.,0.,1.));
#5481 = ORIENTED_EDGE('',*,*,#2811,.F.);
#5482 = ORIENTED_EDGE('',*,*,#5476,.F.);
#5483 = CYLINDRICAL_SURFACE('',#5484,0.5);
#5484 = AXIS2_PLACEMENT_3D('',#5485,#5486,#5487);
#5485 = CARTESIAN_POINT('',(8.17,-52.54,-4.6E-02));
#5486 = DIRECTION('',(-0.,-0.,-1.));
#5487 = DIRECTION('',(-0.,-1.,0.));
#5488 = ADVANCED_FACE('',(#5489),#5500,.F.);
#5489 = FACE_BOUND('',#5490,.T.);
#5490 = EDGE_LOOP('',(#5491,#5492,#5498,#5499));
#5491 = ORIENTED_EDGE('',*,*,#195,.T.);
#5492 = ORIENTED_EDGE('',*,*,#5493,.T.);
#5493 = EDGE_CURVE('',#196,#2823,#5494,.T.);
#5494 = LINE('',#5495,#5496);
#5495 = CARTESIAN_POINT('',(10.71,-53.04,-4.6E-02));
#5496 = VECTOR('',#5497,1.);
#5497 = DIRECTION('',(0.,0.,1.));
#5498 = ORIENTED_EDGE('',*,*,#2822,.F.);
#5499 = ORIENTED_EDGE('',*,*,#5493,.F.);
#5500 = CYLINDRICAL_SURFACE('',#5501,0.5);
#5501 = AXIS2_PLACEMENT_3D('',#5502,#5503,#5504);
#5502 = CARTESIAN_POINT('',(10.71,-52.54,-4.6E-02));
#5503 = DIRECTION('',(-0.,-0.,-1.));
#5504 = DIRECTION('',(-0.,-1.,0.));
#5505 = ADVANCED_FACE('',(#5506),#5517,.F.);
#5506 = FACE_BOUND('',#5507,.T.);
#5507 = EDGE_LOOP('',(#5508,#5509,#5515,#5516));
#5508 = ORIENTED_EDGE('',*,*,#206,.T.);
#5509 = ORIENTED_EDGE('',*,*,#5510,.T.);
#5510 = EDGE_CURVE('',#207,#2834,#5511,.T.);
#5511 = LINE('',#5512,#5513);
#5512 = CARTESIAN_POINT('',(8.17,-50.5,-4.6E-02));
#5513 = VECTOR('',#5514,1.);
#5514 = DIRECTION('',(0.,0.,1.));
#5515 = ORIENTED_EDGE('',*,*,#2833,.F.);
#5516 = ORIENTED_EDGE('',*,*,#5510,.F.);
#5517 = CYLINDRICAL_SURFACE('',#5518,0.5);
#5518 = AXIS2_PLACEMENT_3D('',#5519,#5520,#5521);
#5519 = CARTESIAN_POINT('',(8.17,-50.,-4.6E-02));
#5520 = DIRECTION('',(-0.,-0.,-1.));
#5521 = DIRECTION('',(-0.,-1.,0.));
#5522 = ADVANCED_FACE('',(#5523),#5534,.F.);
#5523 = FACE_BOUND('',#5524,.T.);
#5524 = EDGE_LOOP('',(#5525,#5526,#5532,#5533));
#5525 = ORIENTED_EDGE('',*,*,#217,.T.);
#5526 = ORIENTED_EDGE('',*,*,#5527,.T.);
#5527 = EDGE_CURVE('',#218,#2845,#5528,.T.);
#5528 = LINE('',#5529,#5530);
#5529 = CARTESIAN_POINT('',(10.71,-50.5,-4.6E-02));
#5530 = VECTOR('',#5531,1.);
#5531 = DIRECTION('',(0.,0.,1.));
#5532 = ORIENTED_EDGE('',*,*,#2844,.F.);
#5533 = ORIENTED_EDGE('',*,*,#5527,.F.);
#5534 = CYLINDRICAL_SURFACE('',#5535,0.5);
#5535 = AXIS2_PLACEMENT_3D('',#5536,#5537,#5538);
#5536 = CARTESIAN_POINT('',(10.71,-50.,-4.6E-02));
#5537 = DIRECTION('',(-0.,-0.,-1.));
#5538 = DIRECTION('',(-0.,-1.,0.));
#5539 = ADVANCED_FACE('',(#5540),#5551,.F.);
#5540 = FACE_BOUND('',#5541,.T.);
#5541 = EDGE_LOOP('',(#5542,#5543,#5549,#5550));
#5542 = ORIENTED_EDGE('',*,*,#228,.T.);
#5543 = ORIENTED_EDGE('',*,*,#5544,.T.);
#5544 = EDGE_CURVE('',#229,#2856,#5545,.T.);
#5545 = LINE('',#5546,#5547);
#5546 = CARTESIAN_POINT('',(13.25,-53.04,-4.6E-02));
#5547 = VECTOR('',#5548,1.);
#5548 = DIRECTION('',(0.,0.,1.));
#5549 = ORIENTED_EDGE('',*,*,#2855,.F.);
#5550 = ORIENTED_EDGE('',*,*,#5544,.F.);
#5551 = CYLINDRICAL_SURFACE('',#5552,0.5);
#5552 = AXIS2_PLACEMENT_3D('',#5553,#5554,#5555);
#5553 = CARTESIAN_POINT('',(13.25,-52.54,-4.6E-02));
#5554 = DIRECTION('',(-0.,-0.,-1.));
#5555 = DIRECTION('',(-0.,-1.,0.));
#5556 = ADVANCED_FACE('',(#5557),#5568,.F.);
#5557 = FACE_BOUND('',#5558,.T.);
#5558 = EDGE_LOOP('',(#5559,#5560,#5566,#5567));
#5559 = ORIENTED_EDGE('',*,*,#239,.T.);
#5560 = ORIENTED_EDGE('',*,*,#5561,.T.);
#5561 = EDGE_CURVE('',#240,#2867,#5562,.T.);
#5562 = LINE('',#5563,#5564);
#5563 = CARTESIAN_POINT('',(15.79,-53.04,-4.6E-02));
#5564 = VECTOR('',#5565,1.);
#5565 = DIRECTION('',(0.,0.,1.));
#5566 = ORIENTED_EDGE('',*,*,#2866,.F.);
#5567 = ORIENTED_EDGE('',*,*,#5561,.F.);
#5568 = CYLINDRICAL_SURFACE('',#5569,0.5);
#5569 = AXIS2_PLACEMENT_3D('',#5570,#5571,#5572);
#5570 = CARTESIAN_POINT('',(15.79,-52.54,-4.6E-02));
#5571 = DIRECTION('',(-0.,-0.,-1.));
#5572 = DIRECTION('',(-0.,-1.,0.));
#5573 = ADVANCED_FACE('',(#5574),#5585,.F.);
#5574 = FACE_BOUND('',#5575,.T.);
#5575 = EDGE_LOOP('',(#5576,#5577,#5583,#5584));
#5576 = ORIENTED_EDGE('',*,*,#250,.T.);
#5577 = ORIENTED_EDGE('',*,*,#5578,.T.);
#5578 = EDGE_CURVE('',#251,#2878,#5579,.T.);
#5579 = LINE('',#5580,#5581);
#5580 = CARTESIAN_POINT('',(13.25,-50.5,-4.6E-02));
#5581 = VECTOR('',#5582,1.);
#5582 = DIRECTION('',(0.,0.,1.));
#5583 = ORIENTED_EDGE('',*,*,#2877,.F.);
#5584 = ORIENTED_EDGE('',*,*,#5578,.F.);
#5585 = CYLINDRICAL_SURFACE('',#5586,0.5);
#5586 = AXIS2_PLACEMENT_3D('',#5587,#5588,#5589);
#5587 = CARTESIAN_POINT('',(13.25,-50.,-4.6E-02));
#5588 = DIRECTION('',(-0.,-0.,-1.));
#5589 = DIRECTION('',(-0.,-1.,0.));
#5590 = ADVANCED_FACE('',(#5591),#5602,.F.);
#5591 = FACE_BOUND('',#5592,.T.);
#5592 = EDGE_LOOP('',(#5593,#5594,#5600,#5601));
#5593 = ORIENTED_EDGE('',*,*,#261,.T.);
#5594 = ORIENTED_EDGE('',*,*,#5595,.T.);
#5595 = EDGE_CURVE('',#262,#2889,#5596,.T.);
#5596 = LINE('',#5597,#5598);
#5597 = CARTESIAN_POINT('',(15.79,-50.5,-4.6E-02));
#5598 = VECTOR('',#5599,1.);
#5599 = DIRECTION('',(0.,0.,1.));
#5600 = ORIENTED_EDGE('',*,*,#2888,.F.);
#5601 = ORIENTED_EDGE('',*,*,#5595,.F.);
#5602 = CYLINDRICAL_SURFACE('',#5603,0.5);
#5603 = AXIS2_PLACEMENT_3D('',#5604,#5605,#5606);
#5604 = CARTESIAN_POINT('',(15.79,-50.,-4.6E-02));
#5605 = DIRECTION('',(-0.,-0.,-1.));
#5606 = DIRECTION('',(-0.,-1.,0.));
#5607 = ADVANCED_FACE('',(#5608),#5619,.F.);
#5608 = FACE_BOUND('',#5609,.T.);
#5609 = EDGE_LOOP('',(#5610,#5611,#5617,#5618));
#5610 = ORIENTED_EDGE('',*,*,#272,.T.);
#5611 = ORIENTED_EDGE('',*,*,#5612,.T.);
#5612 = EDGE_CURVE('',#273,#2900,#5613,.T.);
#5613 = LINE('',#5614,#5615);
#5614 = CARTESIAN_POINT('',(18.33,-53.04,-4.6E-02));
#5615 = VECTOR('',#5616,1.);
#5616 = DIRECTION('',(0.,0.,1.));
#5617 = ORIENTED_EDGE('',*,*,#2899,.F.);
#5618 = ORIENTED_EDGE('',*,*,#5612,.F.);
#5619 = CYLINDRICAL_SURFACE('',#5620,0.5);
#5620 = AXIS2_PLACEMENT_3D('',#5621,#5622,#5623);
#5621 = CARTESIAN_POINT('',(18.33,-52.54,-4.6E-02));
#5622 = DIRECTION('',(-0.,-0.,-1.));
#5623 = DIRECTION('',(-0.,-1.,0.));
#5624 = ADVANCED_FACE('',(#5625),#5636,.F.);
#5625 = FACE_BOUND('',#5626,.T.);
#5626 = EDGE_LOOP('',(#5627,#5628,#5634,#5635));
#5627 = ORIENTED_EDGE('',*,*,#283,.T.);
#5628 = ORIENTED_EDGE('',*,*,#5629,.T.);
#5629 = EDGE_CURVE('',#284,#2911,#5630,.T.);
#5630 = LINE('',#5631,#5632);
#5631 = CARTESIAN_POINT('',(20.87,-53.04,-4.6E-02));
#5632 = VECTOR('',#5633,1.);
#5633 = DIRECTION('',(0.,0.,1.));
#5634 = ORIENTED_EDGE('',*,*,#2910,.F.);
#5635 = ORIENTED_EDGE('',*,*,#5629,.F.);
#5636 = CYLINDRICAL_SURFACE('',#5637,0.5);
#5637 = AXIS2_PLACEMENT_3D('',#5638,#5639,#5640);
#5638 = CARTESIAN_POINT('',(20.87,-52.54,-4.6E-02));
#5639 = DIRECTION('',(-0.,-0.,-1.));
#5640 = DIRECTION('',(-0.,-1.,0.));
#5641 = ADVANCED_FACE('',(#5642),#5653,.F.);
#5642 = FACE_BOUND('',#5643,.T.);
#5643 = EDGE_LOOP('',(#5644,#5645,#5651,#5652));
#5644 = ORIENTED_EDGE('',*,*,#294,.T.);
#5645 = ORIENTED_EDGE('',*,*,#5646,.T.);
#5646 = EDGE_CURVE('',#295,#2922,#5647,.T.);
#5647 = LINE('',#5648,#5649);
#5648 = CARTESIAN_POINT('',(18.33,-50.5,-4.6E-02));
#5649 = VECTOR('',#5650,1.);
#5650 = DIRECTION('',(0.,0.,1.));
#5651 = ORIENTED_EDGE('',*,*,#2921,.F.);
#5652 = ORIENTED_EDGE('',*,*,#5646,.F.);
#5653 = CYLINDRICAL_SURFACE('',#5654,0.5);
#5654 = AXIS2_PLACEMENT_3D('',#5655,#5656,#5657);
#5655 = CARTESIAN_POINT('',(18.33,-50.,-4.6E-02));
#5656 = DIRECTION('',(-0.,-0.,-1.));
#5657 = DIRECTION('',(-0.,-1.,0.));
#5658 = ADVANCED_FACE('',(#5659),#5670,.F.);
#5659 = FACE_BOUND('',#5660,.T.);
#5660 = EDGE_LOOP('',(#5661,#5662,#5668,#5669));
#5661 = ORIENTED_EDGE('',*,*,#305,.T.);
#5662 = ORIENTED_EDGE('',*,*,#5663,.T.);
#5663 = EDGE_CURVE('',#306,#2933,#5664,.T.);
#5664 = LINE('',#5665,#5666);
#5665 = CARTESIAN_POINT('',(20.87,-50.5,-4.6E-02));
#5666 = VECTOR('',#5667,1.);
#5667 = DIRECTION('',(0.,0.,1.));
#5668 = ORIENTED_EDGE('',*,*,#2932,.F.);
#5669 = ORIENTED_EDGE('',*,*,#5663,.F.);
#5670 = CYLINDRICAL_SURFACE('',#5671,0.5);
#5671 = AXIS2_PLACEMENT_3D('',#5672,#5673,#5674);
#5672 = CARTESIAN_POINT('',(20.87,-50.,-4.6E-02));
#5673 = DIRECTION('',(-0.,-0.,-1.));
#5674 = DIRECTION('',(-0.,-1.,0.));
#5675 = ADVANCED_FACE('',(#5676),#5687,.F.);
#5676 = FACE_BOUND('',#5677,.T.);
#5677 = EDGE_LOOP('',(#5678,#5679,#5685,#5686));
#5678 = ORIENTED_EDGE('',*,*,#316,.T.);
#5679 = ORIENTED_EDGE('',*,*,#5680,.T.);
#5680 = EDGE_CURVE('',#317,#2944,#5681,.T.);
#5681 = LINE('',#5682,#5683);
#5682 = CARTESIAN_POINT('',(2.,-43.8,-4.6E-02));
#5683 = VECTOR('',#5684,1.);
#5684 = DIRECTION('',(0.,0.,1.));
#5685 = ORIENTED_EDGE('',*,*,#2943,.F.);
#5686 = ORIENTED_EDGE('',*,*,#5680,.F.);
#5687 = CYLINDRICAL_SURFACE('',#5688,0.4);
#5688 = AXIS2_PLACEMENT_3D('',#5689,#5690,#5691);
#5689 = CARTESIAN_POINT('',(2.,-43.4,-4.6E-02));
#5690 = DIRECTION('',(-0.,-0.,-1.));
#5691 = DIRECTION('',(-0.,-1.,0.));
#5692 = ADVANCED_FACE('',(#5693),#5704,.F.);
#5693 = FACE_BOUND('',#5694,.T.);
#5694 = EDGE_LOOP('',(#5695,#5696,#5702,#5703));
#5695 = ORIENTED_EDGE('',*,*,#327,.T.);
#5696 = ORIENTED_EDGE('',*,*,#5697,.T.);
#5697 = EDGE_CURVE('',#328,#2955,#5698,.T.);
#5698 = LINE('',#5699,#5700);
#5699 = CARTESIAN_POINT('',(9.62,-43.8,-4.6E-02));
#5700 = VECTOR('',#5701,1.);
#5701 = DIRECTION('',(0.,0.,1.));
#5702 = ORIENTED_EDGE('',*,*,#2954,.F.);
#5703 = ORIENTED_EDGE('',*,*,#5697,.F.);
#5704 = CYLINDRICAL_SURFACE('',#5705,0.4);
#5705 = AXIS2_PLACEMENT_3D('',#5706,#5707,#5708);
#5706 = CARTESIAN_POINT('',(9.62,-43.4,-4.6E-02));
#5707 = DIRECTION('',(-0.,-0.,-1.));
#5708 = DIRECTION('',(-4.440892098501E-15,-1.,0.));
#5709 = ADVANCED_FACE('',(#5710),#5721,.F.);
#5710 = FACE_BOUND('',#5711,.T.);
#5711 = EDGE_LOOP('',(#5712,#5713,#5719,#5720));
#5712 = ORIENTED_EDGE('',*,*,#338,.T.);
#5713 = ORIENTED_EDGE('',*,*,#5714,.T.);
#5714 = EDGE_CURVE('',#339,#2966,#5715,.T.);
#5715 = LINE('',#5716,#5717);
#5716 = CARTESIAN_POINT('',(13.5,-46.4,-4.6E-02));
#5717 = VECTOR('',#5718,1.);
#5718 = DIRECTION('',(0.,0.,1.));
#5719 = ORIENTED_EDGE('',*,*,#2965,.F.);
#5720 = ORIENTED_EDGE('',*,*,#5714,.F.);
#5721 = CYLINDRICAL_SURFACE('',#5722,0.4);
#5722 = AXIS2_PLACEMENT_3D('',#5723,#5724,#5725);
#5723 = CARTESIAN_POINT('',(13.5,-46.,-4.6E-02));
#5724 = DIRECTION('',(-0.,-0.,-1.));
#5725 = DIRECTION('',(-0.,-1.,0.));
#5726 = ADVANCED_FACE('',(#5727),#5738,.F.);
#5727 = FACE_BOUND('',#5728,.T.);
#5728 = EDGE_LOOP('',(#5729,#5730,#5736,#5737));
#5729 = ORIENTED_EDGE('',*,*,#349,.T.);
#5730 = ORIENTED_EDGE('',*,*,#5731,.T.);
#5731 = EDGE_CURVE('',#350,#2977,#5732,.T.);
#5732 = LINE('',#5733,#5734);
#5733 = CARTESIAN_POINT('',(21.12,-46.4,-4.6E-02));
#5734 = VECTOR('',#5735,1.);
#5735 = DIRECTION('',(0.,0.,1.));
#5736 = ORIENTED_EDGE('',*,*,#2976,.F.);
#5737 = ORIENTED_EDGE('',*,*,#5731,.F.);
#5738 = CYLINDRICAL_SURFACE('',#5739,0.4);
#5739 = AXIS2_PLACEMENT_3D('',#5740,#5741,#5742);
#5740 = CARTESIAN_POINT('',(21.12,-46.,-4.6E-02));
#5741 = DIRECTION('',(-0.,0.,-1.));
#5742 = DIRECTION('',(8.881784197001E-15,-1.,-0.));
#5743 = ADVANCED_FACE('',(#5744),#5755,.F.);
#5744 = FACE_BOUND('',#5745,.T.);
#5745 = EDGE_LOOP('',(#5746,#5747,#5753,#5754));
#5746 = ORIENTED_EDGE('',*,*,#360,.T.);
#5747 = ORIENTED_EDGE('',*,*,#5748,.T.);
#5748 = EDGE_CURVE('',#361,#2988,#5749,.T.);
#5749 = LINE('',#5750,#5751);
#5750 = CARTESIAN_POINT('',(13.5,-42.4,-4.6E-02));
#5751 = VECTOR('',#5752,1.);
#5752 = DIRECTION('',(0.,0.,1.));
#5753 = ORIENTED_EDGE('',*,*,#2987,.F.);
#5754 = ORIENTED_EDGE('',*,*,#5748,.F.);
#5755 = CYLINDRICAL_SURFACE('',#5756,0.4);
#5756 = AXIS2_PLACEMENT_3D('',#5757,#5758,#5759);
#5757 = CARTESIAN_POINT('',(13.5,-42.,-4.6E-02));
#5758 = DIRECTION('',(-0.,-0.,-1.));
#5759 = DIRECTION('',(-0.,-1.,0.));
#5760 = ADVANCED_FACE('',(#5761),#5772,.F.);
#5761 = FACE_BOUND('',#5762,.T.);
#5762 = EDGE_LOOP('',(#5763,#5764,#5770,#5771));
#5763 = ORIENTED_EDGE('',*,*,#371,.T.);
#5764 = ORIENTED_EDGE('',*,*,#5765,.T.);
#5765 = EDGE_CURVE('',#372,#2999,#5766,.T.);
#5766 = LINE('',#5767,#5768);
#5767 = CARTESIAN_POINT('',(16.04,-42.4,-4.6E-02));
#5768 = VECTOR('',#5769,1.);
#5769 = DIRECTION('',(0.,0.,1.));
#5770 = ORIENTED_EDGE('',*,*,#2998,.F.);
#5771 = ORIENTED_EDGE('',*,*,#5765,.F.);
#5772 = CYLINDRICAL_SURFACE('',#5773,0.4);
#5773 = AXIS2_PLACEMENT_3D('',#5774,#5775,#5776);
#5774 = CARTESIAN_POINT('',(16.04,-42.,-4.6E-02));
#5775 = DIRECTION('',(-0.,-0.,-1.));
#5776 = DIRECTION('',(-0.,-1.,0.));
#5777 = ADVANCED_FACE('',(#5778),#5789,.F.);
#5778 = FACE_BOUND('',#5779,.T.);
#5779 = EDGE_LOOP('',(#5780,#5781,#5787,#5788));
#5780 = ORIENTED_EDGE('',*,*,#382,.T.);
#5781 = ORIENTED_EDGE('',*,*,#5782,.T.);
#5782 = EDGE_CURVE('',#383,#3010,#5783,.T.);
#5783 = LINE('',#5784,#5785);
#5784 = CARTESIAN_POINT('',(18.58,-42.4,-4.6E-02));
#5785 = VECTOR('',#5786,1.);
#5786 = DIRECTION('',(0.,0.,1.));
#5787 = ORIENTED_EDGE('',*,*,#3009,.F.);
#5788 = ORIENTED_EDGE('',*,*,#5782,.F.);
#5789 = CYLINDRICAL_SURFACE('',#5790,0.4);
#5790 = AXIS2_PLACEMENT_3D('',#5791,#5792,#5793);
#5791 = CARTESIAN_POINT('',(18.58,-42.,-4.6E-02));
#5792 = DIRECTION('',(-0.,-0.,-1.));
#5793 = DIRECTION('',(-0.,-1.,0.));
#5794 = ADVANCED_FACE('',(#5795),#5806,.F.);
#5795 = FACE_BOUND('',#5796,.T.);
#5796 = EDGE_LOOP('',(#5797,#5798,#5804,#5805));
#5797 = ORIENTED_EDGE('',*,*,#393,.T.);
#5798 = ORIENTED_EDGE('',*,*,#5799,.T.);
#5799 = EDGE_CURVE('',#394,#3021,#5800,.T.);
#5800 = LINE('',#5801,#5802);
#5801 = CARTESIAN_POINT('',(23.41,-53.04,-4.6E-02));
#5802 = VECTOR('',#5803,1.);
#5803 = DIRECTION('',(0.,0.,1.));
#5804 = ORIENTED_EDGE('',*,*,#3020,.F.);
#5805 = ORIENTED_EDGE('',*,*,#5799,.F.);
#5806 = CYLINDRICAL_SURFACE('',#5807,0.5);
#5807 = AXIS2_PLACEMENT_3D('',#5808,#5809,#5810);
#5808 = CARTESIAN_POINT('',(23.41,-52.54,-4.6E-02));
#5809 = DIRECTION('',(-0.,-0.,-1.));
#5810 = DIRECTION('',(-0.,-1.,0.));
#5811 = ADVANCED_FACE('',(#5812),#5823,.F.);
#5812 = FACE_BOUND('',#5813,.T.);
#5813 = EDGE_LOOP('',(#5814,#5815,#5821,#5822));
#5814 = ORIENTED_EDGE('',*,*,#404,.T.);
#5815 = ORIENTED_EDGE('',*,*,#5816,.T.);
#5816 = EDGE_CURVE('',#405,#3032,#5817,.T.);
#5817 = LINE('',#5818,#5819);
#5818 = CARTESIAN_POINT('',(25.95,-53.04,-4.6E-02));
#5819 = VECTOR('',#5820,1.);
#5820 = DIRECTION('',(0.,0.,1.));
#5821 = ORIENTED_EDGE('',*,*,#3031,.F.);
#5822 = ORIENTED_EDGE('',*,*,#5816,.F.);
#5823 = CYLINDRICAL_SURFACE('',#5824,0.5);
#5824 = AXIS2_PLACEMENT_3D('',#5825,#5826,#5827);
#5825 = CARTESIAN_POINT('',(25.95,-52.54,-4.6E-02));
#5826 = DIRECTION('',(-0.,-0.,-1.));
#5827 = DIRECTION('',(-0.,-1.,0.));
#5828 = ADVANCED_FACE('',(#5829),#5840,.F.);
#5829 = FACE_BOUND('',#5830,.T.);
#5830 = EDGE_LOOP('',(#5831,#5832,#5838,#5839));
#5831 = ORIENTED_EDGE('',*,*,#415,.T.);
#5832 = ORIENTED_EDGE('',*,*,#5833,.T.);
#5833 = EDGE_CURVE('',#416,#3043,#5834,.T.);
#5834 = LINE('',#5835,#5836);
#5835 = CARTESIAN_POINT('',(23.41,-50.5,-4.6E-02));
#5836 = VECTOR('',#5837,1.);
#5837 = DIRECTION('',(0.,0.,1.));
#5838 = ORIENTED_EDGE('',*,*,#3042,.F.);
#5839 = ORIENTED_EDGE('',*,*,#5833,.F.);
#5840 = CYLINDRICAL_SURFACE('',#5841,0.5);
#5841 = AXIS2_PLACEMENT_3D('',#5842,#5843,#5844);
#5842 = CARTESIAN_POINT('',(23.41,-50.,-4.6E-02));
#5843 = DIRECTION('',(-0.,-0.,-1.));
#5844 = DIRECTION('',(-0.,-1.,0.));
#5845 = ADVANCED_FACE('',(#5846),#5857,.F.);
#5846 = FACE_BOUND('',#5847,.T.);
#5847 = EDGE_LOOP('',(#5848,#5849,#5855,#5856));
#5848 = ORIENTED_EDGE('',*,*,#426,.T.);
#5849 = ORIENTED_EDGE('',*,*,#5850,.T.);
#5850 = EDGE_CURVE('',#427,#3054,#5851,.T.);
#5851 = LINE('',#5852,#5853);
#5852 = CARTESIAN_POINT('',(25.95,-50.5,-4.6E-02));
#5853 = VECTOR('',#5854,1.);
#5854 = DIRECTION('',(0.,0.,1.));
#5855 = ORIENTED_EDGE('',*,*,#3053,.F.);
#5856 = ORIENTED_EDGE('',*,*,#5850,.F.);
#5857 = CYLINDRICAL_SURFACE('',#5858,0.5);
#5858 = AXIS2_PLACEMENT_3D('',#5859,#5860,#5861);
#5859 = CARTESIAN_POINT('',(25.95,-50.,-4.6E-02));
#5860 = DIRECTION('',(-0.,-0.,-1.));
#5861 = DIRECTION('',(-0.,-1.,0.));
#5862 = ADVANCED_FACE('',(#5863),#5874,.F.);
#5863 = FACE_BOUND('',#5864,.T.);
#5864 = EDGE_LOOP('',(#5865,#5866,#5872,#5873));
#5865 = ORIENTED_EDGE('',*,*,#437,.T.);
#5866 = ORIENTED_EDGE('',*,*,#5867,.T.);
#5867 = EDGE_CURVE('',#438,#3065,#5868,.T.);
#5868 = LINE('',#5869,#5870);
#5869 = CARTESIAN_POINT('',(28.49,-53.04,-4.6E-02));
#5870 = VECTOR('',#5871,1.);
#5871 = DIRECTION('',(0.,0.,1.));
#5872 = ORIENTED_EDGE('',*,*,#3064,.F.);
#5873 = ORIENTED_EDGE('',*,*,#5867,.F.);
#5874 = CYLINDRICAL_SURFACE('',#5875,0.5);
#5875 = AXIS2_PLACEMENT_3D('',#5876,#5877,#5878);
#5876 = CARTESIAN_POINT('',(28.49,-52.54,-4.6E-02));
#5877 = DIRECTION('',(-0.,-0.,-1.));
#5878 = DIRECTION('',(-0.,-1.,0.));
#5879 = ADVANCED_FACE('',(#5880),#5891,.F.);
#5880 = FACE_BOUND('',#5881,.T.);
#5881 = EDGE_LOOP('',(#5882,#5883,#5889,#5890));
#5882 = ORIENTED_EDGE('',*,*,#448,.T.);
#5883 = ORIENTED_EDGE('',*,*,#5884,.T.);
#5884 = EDGE_CURVE('',#449,#3076,#5885,.T.);
#5885 = LINE('',#5886,#5887);
#5886 = CARTESIAN_POINT('',(31.03,-53.04,-4.6E-02));
#5887 = VECTOR('',#5888,1.);
#5888 = DIRECTION('',(0.,0.,1.));
#5889 = ORIENTED_EDGE('',*,*,#3075,.F.);
#5890 = ORIENTED_EDGE('',*,*,#5884,.F.);
#5891 = CYLINDRICAL_SURFACE('',#5892,0.5);
#5892 = AXIS2_PLACEMENT_3D('',#5893,#5894,#5895);
#5893 = CARTESIAN_POINT('',(31.03,-52.54,-4.6E-02));
#5894 = DIRECTION('',(-0.,-0.,-1.));
#5895 = DIRECTION('',(-0.,-1.,0.));
#5896 = ADVANCED_FACE('',(#5897),#5908,.F.);
#5897 = FACE_BOUND('',#5898,.T.);
#5898 = EDGE_LOOP('',(#5899,#5900,#5906,#5907));
#5899 = ORIENTED_EDGE('',*,*,#459,.T.);
#5900 = ORIENTED_EDGE('',*,*,#5901,.T.);
#5901 = EDGE_CURVE('',#460,#3087,#5902,.T.);
#5902 = LINE('',#5903,#5904);
#5903 = CARTESIAN_POINT('',(28.49,-50.5,-4.6E-02));
#5904 = VECTOR('',#5905,1.);
#5905 = DIRECTION('',(0.,0.,1.));
#5906 = ORIENTED_EDGE('',*,*,#3086,.F.);
#5907 = ORIENTED_EDGE('',*,*,#5901,.F.);
#5908 = CYLINDRICAL_SURFACE('',#5909,0.5);
#5909 = AXIS2_PLACEMENT_3D('',#5910,#5911,#5912);
#5910 = CARTESIAN_POINT('',(28.49,-50.,-4.6E-02));
#5911 = DIRECTION('',(-0.,-0.,-1.));
#5912 = DIRECTION('',(-0.,-1.,0.));
#5913 = ADVANCED_FACE('',(#5914),#5925,.F.);
#5914 = FACE_BOUND('',#5915,.T.);
#5915 = EDGE_LOOP('',(#5916,#5917,#5923,#5924));
#5916 = ORIENTED_EDGE('',*,*,#470,.T.);
#5917 = ORIENTED_EDGE('',*,*,#5918,.T.);
#5918 = EDGE_CURVE('',#471,#3098,#5919,.T.);
#5919 = LINE('',#5920,#5921);
#5920 = CARTESIAN_POINT('',(31.03,-50.5,-4.6E-02));
#5921 = VECTOR('',#5922,1.);
#5922 = DIRECTION('',(0.,0.,1.));
#5923 = ORIENTED_EDGE('',*,*,#3097,.F.);
#5924 = ORIENTED_EDGE('',*,*,#5918,.F.);
#5925 = CYLINDRICAL_SURFACE('',#5926,0.5);
#5926 = AXIS2_PLACEMENT_3D('',#5927,#5928,#5929);
#5927 = CARTESIAN_POINT('',(31.03,-50.,-4.6E-02));
#5928 = DIRECTION('',(-0.,-0.,-1.));
#5929 = DIRECTION('',(-0.,-1.,0.));
#5930 = ADVANCED_FACE('',(#5931),#5942,.F.);
#5931 = FACE_BOUND('',#5932,.T.);
#5932 = EDGE_LOOP('',(#5933,#5934,#5940,#5941));
#5933 = ORIENTED_EDGE('',*,*,#481,.T.);
#5934 = ORIENTED_EDGE('',*,*,#5935,.T.);
#5935 = EDGE_CURVE('',#482,#3109,#5936,.T.);
#5936 = LINE('',#5937,#5938);
#5937 = CARTESIAN_POINT('',(33.57,-53.04,-4.6E-02));
#5938 = VECTOR('',#5939,1.);
#5939 = DIRECTION('',(0.,0.,1.));
#5940 = ORIENTED_EDGE('',*,*,#3108,.F.);
#5941 = ORIENTED_EDGE('',*,*,#5935,.F.);
#5942 = CYLINDRICAL_SURFACE('',#5943,0.5);
#5943 = AXIS2_PLACEMENT_3D('',#5944,#5945,#5946);
#5944 = CARTESIAN_POINT('',(33.57,-52.54,-4.6E-02));
#5945 = DIRECTION('',(-0.,-0.,-1.));
#5946 = DIRECTION('',(-0.,-1.,0.));
#5947 = ADVANCED_FACE('',(#5948),#5959,.F.);
#5948 = FACE_BOUND('',#5949,.T.);
#5949 = EDGE_LOOP('',(#5950,#5951,#5957,#5958));
#5950 = ORIENTED_EDGE('',*,*,#492,.T.);
#5951 = ORIENTED_EDGE('',*,*,#5952,.T.);
#5952 = EDGE_CURVE('',#493,#3120,#5953,.T.);
#5953 = LINE('',#5954,#5955);
#5954 = CARTESIAN_POINT('',(36.11,-53.04,-4.6E-02));
#5955 = VECTOR('',#5956,1.);
#5956 = DIRECTION('',(0.,0.,1.));
#5957 = ORIENTED_EDGE('',*,*,#3119,.F.);
#5958 = ORIENTED_EDGE('',*,*,#5952,.F.);
#5959 = CYLINDRICAL_SURFACE('',#5960,0.5);
#5960 = AXIS2_PLACEMENT_3D('',#5961,#5962,#5963);
#5961 = CARTESIAN_POINT('',(36.11,-52.54,-4.6E-02));
#5962 = DIRECTION('',(-0.,-0.,-1.));
#5963 = DIRECTION('',(-0.,-1.,0.));
#5964 = ADVANCED_FACE('',(#5965),#5976,.F.);
#5965 = FACE_BOUND('',#5966,.T.);
#5966 = EDGE_LOOP('',(#5967,#5968,#5974,#5975));
#5967 = ORIENTED_EDGE('',*,*,#503,.T.);
#5968 = ORIENTED_EDGE('',*,*,#5969,.T.);
#5969 = EDGE_CURVE('',#504,#3131,#5970,.T.);
#5970 = LINE('',#5971,#5972);
#5971 = CARTESIAN_POINT('',(33.57,-50.5,-4.6E-02));
#5972 = VECTOR('',#5973,1.);
#5973 = DIRECTION('',(0.,0.,1.));
#5974 = ORIENTED_EDGE('',*,*,#3130,.F.);
#5975 = ORIENTED_EDGE('',*,*,#5969,.F.);
#5976 = CYLINDRICAL_SURFACE('',#5977,0.5);
#5977 = AXIS2_PLACEMENT_3D('',#5978,#5979,#5980);
#5978 = CARTESIAN_POINT('',(33.57,-50.,-4.6E-02));
#5979 = DIRECTION('',(-0.,-0.,-1.));
#5980 = DIRECTION('',(-0.,-1.,0.));
#5981 = ADVANCED_FACE('',(#5982),#5993,.F.);
#5982 = FACE_BOUND('',#5983,.T.);
#5983 = EDGE_LOOP('',(#5984,#5985,#5991,#5992));
#5984 = ORIENTED_EDGE('',*,*,#514,.T.);
#5985 = ORIENTED_EDGE('',*,*,#5986,.T.);
#5986 = EDGE_CURVE('',#515,#3142,#5987,.T.);
#5987 = LINE('',#5988,#5989);
#5988 = CARTESIAN_POINT('',(36.11,-50.5,-4.6E-02));
#5989 = VECTOR('',#5990,1.);
#5990 = DIRECTION('',(0.,0.,1.));
#5991 = ORIENTED_EDGE('',*,*,#3141,.F.);
#5992 = ORIENTED_EDGE('',*,*,#5986,.F.);
#5993 = CYLINDRICAL_SURFACE('',#5994,0.5);
#5994 = AXIS2_PLACEMENT_3D('',#5995,#5996,#5997);
#5995 = CARTESIAN_POINT('',(36.11,-50.,-4.6E-02));
#5996 = DIRECTION('',(-0.,-0.,-1.));
#5997 = DIRECTION('',(-0.,-1.,0.));
#5998 = ADVANCED_FACE('',(#5999),#6010,.F.);
#5999 = FACE_BOUND('',#6000,.T.);
#6000 = EDGE_LOOP('',(#6001,#6002,#6008,#6009));
#6001 = ORIENTED_EDGE('',*,*,#525,.T.);
#6002 = ORIENTED_EDGE('',*,*,#6003,.T.);
#6003 = EDGE_CURVE('',#526,#3153,#6004,.T.);
#6004 = LINE('',#6005,#6006);
#6005 = CARTESIAN_POINT('',(38.65,-53.04,-4.6E-02));
#6006 = VECTOR('',#6007,1.);
#6007 = DIRECTION('',(0.,0.,1.));
#6008 = ORIENTED_EDGE('',*,*,#3152,.F.);
#6009 = ORIENTED_EDGE('',*,*,#6003,.F.);
#6010 = CYLINDRICAL_SURFACE('',#6011,0.5);
#6011 = AXIS2_PLACEMENT_3D('',#6012,#6013,#6014);
#6012 = CARTESIAN_POINT('',(38.65,-52.54,-4.6E-02));
#6013 = DIRECTION('',(-0.,-0.,-1.));
#6014 = DIRECTION('',(-0.,-1.,0.));
#6015 = ADVANCED_FACE('',(#6016),#6027,.F.);
#6016 = FACE_BOUND('',#6017,.T.);
#6017 = EDGE_LOOP('',(#6018,#6019,#6025,#6026));
#6018 = ORIENTED_EDGE('',*,*,#536,.T.);
#6019 = ORIENTED_EDGE('',*,*,#6020,.T.);
#6020 = EDGE_CURVE('',#537,#3164,#6021,.T.);
#6021 = LINE('',#6022,#6023);
#6022 = CARTESIAN_POINT('',(41.19,-53.04,-4.6E-02));
#6023 = VECTOR('',#6024,1.);
#6024 = DIRECTION('',(0.,0.,1.));
#6025 = ORIENTED_EDGE('',*,*,#3163,.F.);
#6026 = ORIENTED_EDGE('',*,*,#6020,.F.);
#6027 = CYLINDRICAL_SURFACE('',#6028,0.5);
#6028 = AXIS2_PLACEMENT_3D('',#6029,#6030,#6031);
#6029 = CARTESIAN_POINT('',(41.19,-52.54,-4.6E-02));
#6030 = DIRECTION('',(-0.,-0.,-1.));
#6031 = DIRECTION('',(-0.,-1.,0.));
#6032 = ADVANCED_FACE('',(#6033),#6044,.F.);
#6033 = FACE_BOUND('',#6034,.T.);
#6034 = EDGE_LOOP('',(#6035,#6036,#6042,#6043));
#6035 = ORIENTED_EDGE('',*,*,#547,.T.);
#6036 = ORIENTED_EDGE('',*,*,#6037,.T.);
#6037 = EDGE_CURVE('',#548,#3175,#6038,.T.);
#6038 = LINE('',#6039,#6040);
#6039 = CARTESIAN_POINT('',(38.65,-50.5,-4.6E-02));
#6040 = VECTOR('',#6041,1.);
#6041 = DIRECTION('',(0.,0.,1.));
#6042 = ORIENTED_EDGE('',*,*,#3174,.F.);
#6043 = ORIENTED_EDGE('',*,*,#6037,.F.);
#6044 = CYLINDRICAL_SURFACE('',#6045,0.5);
#6045 = AXIS2_PLACEMENT_3D('',#6046,#6047,#6048);
#6046 = CARTESIAN_POINT('',(38.65,-50.,-4.6E-02));
#6047 = DIRECTION('',(-0.,-0.,-1.));
#6048 = DIRECTION('',(-0.,-1.,0.));
#6049 = ADVANCED_FACE('',(#6050),#6061,.F.);
#6050 = FACE_BOUND('',#6051,.T.);
#6051 = EDGE_LOOP('',(#6052,#6053,#6059,#6060));
#6052 = ORIENTED_EDGE('',*,*,#558,.T.);
#6053 = ORIENTED_EDGE('',*,*,#6054,.T.);
#6054 = EDGE_CURVE('',#559,#3186,#6055,.T.);
#6055 = LINE('',#6056,#6057);
#6056 = CARTESIAN_POINT('',(41.19,-50.5,-4.6E-02));
#6057 = VECTOR('',#6058,1.);
#6058 = DIRECTION('',(0.,0.,1.));
#6059 = ORIENTED_EDGE('',*,*,#3185,.F.);
#6060 = ORIENTED_EDGE('',*,*,#6054,.F.);
#6061 = CYLINDRICAL_SURFACE('',#6062,0.5);
#6062 = AXIS2_PLACEMENT_3D('',#6063,#6064,#6065);
#6063 = CARTESIAN_POINT('',(41.19,-50.,-4.6E-02));
#6064 = DIRECTION('',(-0.,-0.,-1.));
#6065 = DIRECTION('',(-0.,-1.,0.));
#6066 = ADVANCED_FACE('',(#6067),#6078,.F.);
#6067 = FACE_BOUND('',#6068,.T.);
#6068 = EDGE_LOOP('',(#6069,#6070,#6076,#6077));
#6069 = ORIENTED_EDGE('',*,*,#569,.T.);
#6070 = ORIENTED_EDGE('',*,*,#6071,.T.);
#6071 = EDGE_CURVE('',#570,#3197,#6072,.T.);
#6072 = LINE('',#6073,#6074);
#6073 = CARTESIAN_POINT('',(2.,-40.6,-4.6E-02));
#6074 = VECTOR('',#6075,1.);
#6075 = DIRECTION('',(0.,0.,1.));
#6076 = ORIENTED_EDGE('',*,*,#3196,.F.);
#6077 = ORIENTED_EDGE('',*,*,#6071,.F.);
#6078 = CYLINDRICAL_SURFACE('',#6079,0.4);
#6079 = AXIS2_PLACEMENT_3D('',#6080,#6081,#6082);
#6080 = CARTESIAN_POINT('',(2.,-40.2,-4.6E-02));
#6081 = DIRECTION('',(-0.,-0.,-1.));
#6082 = DIRECTION('',(-0.,-1.,0.));
#6083 = ADVANCED_FACE('',(#6084),#6095,.F.);
#6084 = FACE_BOUND('',#6085,.T.);
#6085 = EDGE_LOOP('',(#6086,#6087,#6093,#6094));
#6086 = ORIENTED_EDGE('',*,*,#580,.T.);
#6087 = ORIENTED_EDGE('',*,*,#6088,.T.);
#6088 = EDGE_CURVE('',#581,#3208,#6089,.T.);
#6089 = LINE('',#6090,#6091);
#6090 = CARTESIAN_POINT('',(9.62,-40.6,-4.6E-02));
#6091 = VECTOR('',#6092,1.);
#6092 = DIRECTION('',(0.,0.,1.));
#6093 = ORIENTED_EDGE('',*,*,#3207,.F.);
#6094 = ORIENTED_EDGE('',*,*,#6088,.F.);
#6095 = CYLINDRICAL_SURFACE('',#6096,0.4);
#6096 = AXIS2_PLACEMENT_3D('',#6097,#6098,#6099);
#6097 = CARTESIAN_POINT('',(9.62,-40.2,-4.6E-02));
#6098 = DIRECTION('',(-0.,-0.,-1.));
#6099 = DIRECTION('',(-4.440892098501E-15,-1.,0.));
#6100 = ADVANCED_FACE('',(#6101),#6112,.F.);
#6101 = FACE_BOUND('',#6102,.T.);
#6102 = EDGE_LOOP('',(#6103,#6104,#6110,#6111));
#6103 = ORIENTED_EDGE('',*,*,#591,.T.);
#6104 = ORIENTED_EDGE('',*,*,#6105,.T.);
#6105 = EDGE_CURVE('',#592,#3219,#6106,.T.);
#6106 = LINE('',#6107,#6108);
#6107 = CARTESIAN_POINT('',(2.,-37.4,-4.6E-02));
#6108 = VECTOR('',#6109,1.);
#6109 = DIRECTION('',(0.,0.,1.));
#6110 = ORIENTED_EDGE('',*,*,#3218,.F.);
#6111 = ORIENTED_EDGE('',*,*,#6105,.F.);
#6112 = CYLINDRICAL_SURFACE('',#6113,0.4);
#6113 = AXIS2_PLACEMENT_3D('',#6114,#6115,#6116);
#6114 = CARTESIAN_POINT('',(2.,-37.,-4.6E-02));
#6115 = DIRECTION('',(-0.,-0.,-1.));
#6116 = DIRECTION('',(-0.,-1.,0.));
#6117 = ADVANCED_FACE('',(#6118),#6129,.F.);
#6118 = FACE_BOUND('',#6119,.T.);
#6119 = EDGE_LOOP('',(#6120,#6121,#6127,#6128));
#6120 = ORIENTED_EDGE('',*,*,#602,.T.);
#6121 = ORIENTED_EDGE('',*,*,#6122,.T.);
#6122 = EDGE_CURVE('',#603,#3230,#6123,.T.);
#6123 = LINE('',#6124,#6125);
#6124 = CARTESIAN_POINT('',(9.62,-37.4,-4.6E-02));
#6125 = VECTOR('',#6126,1.);
#6126 = DIRECTION('',(0.,0.,1.));
#6127 = ORIENTED_EDGE('',*,*,#3229,.F.);
#6128 = ORIENTED_EDGE('',*,*,#6122,.F.);
#6129 = CYLINDRICAL_SURFACE('',#6130,0.4);
#6130 = AXIS2_PLACEMENT_3D('',#6131,#6132,#6133);
#6131 = CARTESIAN_POINT('',(9.62,-37.,-4.6E-02));
#6132 = DIRECTION('',(-0.,-0.,-1.));
#6133 = DIRECTION('',(-4.440892098501E-15,-1.,0.));
#6134 = ADVANCED_FACE('',(#6135),#6146,.F.);
#6135 = FACE_BOUND('',#6136,.T.);
#6136 = EDGE_LOOP('',(#6137,#6138,#6144,#6145));
#6137 = ORIENTED_EDGE('',*,*,#613,.T.);
#6138 = ORIENTED_EDGE('',*,*,#6139,.T.);
#6139 = EDGE_CURVE('',#614,#3241,#6140,.T.);
#6140 = LINE('',#6141,#6142);
#6141 = CARTESIAN_POINT('',(15.,-37.4,-4.6E-02));
#6142 = VECTOR('',#6143,1.);
#6143 = DIRECTION('',(0.,0.,1.));
#6144 = ORIENTED_EDGE('',*,*,#3240,.F.);
#6145 = ORIENTED_EDGE('',*,*,#6139,.F.);
#6146 = CYLINDRICAL_SURFACE('',#6147,0.4);
#6147 = AXIS2_PLACEMENT_3D('',#6148,#6149,#6150);
#6148 = CARTESIAN_POINT('',(15.,-37.,-4.6E-02));
#6149 = DIRECTION('',(-0.,-0.,-1.));
#6150 = DIRECTION('',(-0.,-1.,0.));
#6151 = ADVANCED_FACE('',(#6152),#6163,.F.);
#6152 = FACE_BOUND('',#6153,.T.);
#6153 = EDGE_LOOP('',(#6154,#6155,#6161,#6162));
#6154 = ORIENTED_EDGE('',*,*,#624,.T.);
#6155 = ORIENTED_EDGE('',*,*,#6156,.T.);
#6156 = EDGE_CURVE('',#625,#3252,#6157,.T.);
#6157 = LINE('',#6158,#6159);
#6158 = CARTESIAN_POINT('',(15.,-35.4,-4.6E-02));
#6159 = VECTOR('',#6160,1.);
#6160 = DIRECTION('',(0.,0.,1.));
#6161 = ORIENTED_EDGE('',*,*,#3251,.F.);
#6162 = ORIENTED_EDGE('',*,*,#6156,.F.);
#6163 = CYLINDRICAL_SURFACE('',#6164,0.4);
#6164 = AXIS2_PLACEMENT_3D('',#6165,#6166,#6167);
#6165 = CARTESIAN_POINT('',(15.,-35.,-4.6E-02));
#6166 = DIRECTION('',(-0.,-0.,-1.));
#6167 = DIRECTION('',(-0.,-1.,0.));
#6168 = ADVANCED_FACE('',(#6169),#6180,.F.);
#6169 = FACE_BOUND('',#6170,.T.);
#6170 = EDGE_LOOP('',(#6171,#6172,#6178,#6179));
#6171 = ORIENTED_EDGE('',*,*,#635,.T.);
#6172 = ORIENTED_EDGE('',*,*,#6173,.T.);
#6173 = EDGE_CURVE('',#636,#3263,#6174,.T.);
#6174 = LINE('',#6175,#6176);
#6175 = CARTESIAN_POINT('',(2.,-34.2,-4.6E-02));
#6176 = VECTOR('',#6177,1.);
#6177 = DIRECTION('',(0.,0.,1.));
#6178 = ORIENTED_EDGE('',*,*,#3262,.F.);
#6179 = ORIENTED_EDGE('',*,*,#6173,.F.);
#6180 = CYLINDRICAL_SURFACE('',#6181,0.4);
#6181 = AXIS2_PLACEMENT_3D('',#6182,#6183,#6184);
#6182 = CARTESIAN_POINT('',(2.,-33.8,-4.6E-02));
#6183 = DIRECTION('',(-0.,-0.,-1.));
#6184 = DIRECTION('',(-0.,-1.,0.));
#6185 = ADVANCED_FACE('',(#6186),#6197,.F.);
#6186 = FACE_BOUND('',#6187,.T.);
#6187 = EDGE_LOOP('',(#6188,#6189,#6195,#6196));
#6188 = ORIENTED_EDGE('',*,*,#646,.T.);
#6189 = ORIENTED_EDGE('',*,*,#6190,.T.);
#6190 = EDGE_CURVE('',#647,#3274,#6191,.T.);
#6191 = LINE('',#6192,#6193);
#6192 = CARTESIAN_POINT('',(9.62,-34.2,-4.6E-02));
#6193 = VECTOR('',#6194,1.);
#6194 = DIRECTION('',(0.,0.,1.));
#6195 = ORIENTED_EDGE('',*,*,#3273,.F.);
#6196 = ORIENTED_EDGE('',*,*,#6190,.F.);
#6197 = CYLINDRICAL_SURFACE('',#6198,0.4);
#6198 = AXIS2_PLACEMENT_3D('',#6199,#6200,#6201);
#6199 = CARTESIAN_POINT('',(9.62,-33.8,-4.6E-02));
#6200 = DIRECTION('',(-0.,-0.,-1.));
#6201 = DIRECTION('',(-4.440892098501E-15,-1.,0.));
#6202 = ADVANCED_FACE('',(#6203),#6214,.F.);
#6203 = FACE_BOUND('',#6204,.T.);
#6204 = EDGE_LOOP('',(#6205,#6206,#6212,#6213));
#6205 = ORIENTED_EDGE('',*,*,#657,.T.);
#6206 = ORIENTED_EDGE('',*,*,#6207,.T.);
#6207 = EDGE_CURVE('',#658,#3285,#6208,.T.);
#6208 = LINE('',#6209,#6210);
#6209 = CARTESIAN_POINT('',(2.,-31.,-4.6E-02));
#6210 = VECTOR('',#6211,1.);
#6211 = DIRECTION('',(0.,0.,1.));
#6212 = ORIENTED_EDGE('',*,*,#3284,.F.);
#6213 = ORIENTED_EDGE('',*,*,#6207,.F.);
#6214 = CYLINDRICAL_SURFACE('',#6215,0.4);
#6215 = AXIS2_PLACEMENT_3D('',#6216,#6217,#6218);
#6216 = CARTESIAN_POINT('',(2.,-30.6,-4.6E-02));
#6217 = DIRECTION('',(-0.,-0.,-1.));
#6218 = DIRECTION('',(-0.,-1.,0.));
#6219 = ADVANCED_FACE('',(#6220),#6231,.F.);
#6220 = FACE_BOUND('',#6221,.T.);
#6221 = EDGE_LOOP('',(#6222,#6223,#6229,#6230));
#6222 = ORIENTED_EDGE('',*,*,#668,.T.);
#6223 = ORIENTED_EDGE('',*,*,#6224,.T.);
#6224 = EDGE_CURVE('',#669,#3296,#6225,.T.);
#6225 = LINE('',#6226,#6227);
#6226 = CARTESIAN_POINT('',(9.62,-31.,-4.6E-02));
#6227 = VECTOR('',#6228,1.);
#6228 = DIRECTION('',(0.,0.,1.));
#6229 = ORIENTED_EDGE('',*,*,#3295,.F.);
#6230 = ORIENTED_EDGE('',*,*,#6224,.F.);
#6231 = CYLINDRICAL_SURFACE('',#6232,0.4);
#6232 = AXIS2_PLACEMENT_3D('',#6233,#6234,#6235);
#6233 = CARTESIAN_POINT('',(9.62,-30.6,-4.6E-02));
#6234 = DIRECTION('',(-0.,-0.,-1.));
#6235 = DIRECTION('',(-4.440892098501E-15,-1.,0.));
#6236 = ADVANCED_FACE('',(#6237),#6248,.F.);
#6237 = FACE_BOUND('',#6238,.T.);
#6238 = EDGE_LOOP('',(#6239,#6240,#6246,#6247));
#6239 = ORIENTED_EDGE('',*,*,#679,.T.);
#6240 = ORIENTED_EDGE('',*,*,#6241,.T.);
#6241 = EDGE_CURVE('',#680,#3307,#6242,.T.);
#6242 = LINE('',#6243,#6244);
#6243 = CARTESIAN_POINT('',(14.5,-31.8,-4.6E-02));
#6244 = VECTOR('',#6245,1.);
#6245 = DIRECTION('',(0.,0.,1.));
#6246 = ORIENTED_EDGE('',*,*,#3306,.F.);
#6247 = ORIENTED_EDGE('',*,*,#6241,.F.);
#6248 = CYLINDRICAL_SURFACE('',#6249,0.4);
#6249 = AXIS2_PLACEMENT_3D('',#6250,#6251,#6252);
#6250 = CARTESIAN_POINT('',(14.5,-31.4,-4.6E-02));
#6251 = DIRECTION('',(-0.,-0.,-1.));
#6252 = DIRECTION('',(-0.,-1.,0.));
#6253 = ADVANCED_FACE('',(#6254),#6265,.F.);
#6254 = FACE_BOUND('',#6255,.T.);
#6255 = EDGE_LOOP('',(#6256,#6257,#6263,#6264));
#6256 = ORIENTED_EDGE('',*,*,#690,.T.);
#6257 = ORIENTED_EDGE('',*,*,#6258,.T.);
#6258 = EDGE_CURVE('',#691,#3318,#6259,.T.);
#6259 = LINE('',#6260,#6261);
#6260 = CARTESIAN_POINT('',(14.5,-29.3,-4.6E-02));
#6261 = VECTOR('',#6262,1.);
#6262 = DIRECTION('',(0.,0.,1.));
#6263 = ORIENTED_EDGE('',*,*,#3317,.F.);
#6264 = ORIENTED_EDGE('',*,*,#6258,.F.);
#6265 = CYLINDRICAL_SURFACE('',#6266,0.4);
#6266 = AXIS2_PLACEMENT_3D('',#6267,#6268,#6269);
#6267 = CARTESIAN_POINT('',(14.5,-28.9,-4.6E-02));
#6268 = DIRECTION('',(-0.,-0.,-1.));
#6269 = DIRECTION('',(-0.,-1.,0.));
#6270 = ADVANCED_FACE('',(#6271),#6282,.F.);
#6271 = FACE_BOUND('',#6272,.T.);
#6272 = EDGE_LOOP('',(#6273,#6274,#6280,#6281));
#6273 = ORIENTED_EDGE('',*,*,#701,.T.);
#6274 = ORIENTED_EDGE('',*,*,#6275,.T.);
#6275 = EDGE_CURVE('',#702,#3329,#6276,.T.);
#6276 = LINE('',#6277,#6278);
#6277 = CARTESIAN_POINT('',(24.6,-29.4,-4.6E-02));
#6278 = VECTOR('',#6279,1.);
#6279 = DIRECTION('',(0.,0.,1.));
#6280 = ORIENTED_EDGE('',*,*,#3328,.F.);
#6281 = ORIENTED_EDGE('',*,*,#6275,.F.);
#6282 = CYLINDRICAL_SURFACE('',#6283,0.6);
#6283 = AXIS2_PLACEMENT_3D('',#6284,#6285,#6286);
#6284 = CARTESIAN_POINT('',(24.6,-28.8,-4.6E-02));
#6285 = DIRECTION('',(-0.,-0.,-1.));
#6286 = DIRECTION('',(-0.,-1.,0.));
#6287 = ADVANCED_FACE('',(#6288),#6299,.F.);
#6288 = FACE_BOUND('',#6289,.T.);
#6289 = EDGE_LOOP('',(#6290,#6291,#6297,#6298));
#6290 = ORIENTED_EDGE('',*,*,#712,.T.);
#6291 = ORIENTED_EDGE('',*,*,#6292,.T.);
#6292 = EDGE_CURVE('',#713,#3340,#6293,.T.);
#6293 = LINE('',#6294,#6295);
#6294 = CARTESIAN_POINT('',(29.6,-29.4,-4.6E-02));
#6295 = VECTOR('',#6296,1.);
#6296 = DIRECTION('',(0.,0.,1.));
#6297 = ORIENTED_EDGE('',*,*,#3339,.F.);
#6298 = ORIENTED_EDGE('',*,*,#6292,.F.);
#6299 = CYLINDRICAL_SURFACE('',#6300,0.6);
#6300 = AXIS2_PLACEMENT_3D('',#6301,#6302,#6303);
#6301 = CARTESIAN_POINT('',(29.6,-28.8,-4.6E-02));
#6302 = DIRECTION('',(-0.,-0.,-1.));
#6303 = DIRECTION('',(-0.,-1.,0.));
#6304 = ADVANCED_FACE('',(#6305),#6316,.F.);
#6305 = FACE_BOUND('',#6306,.T.);
#6306 = EDGE_LOOP('',(#6307,#6308,#6314,#6315));
#6307 = ORIENTED_EDGE('',*,*,#723,.T.);
#6308 = ORIENTED_EDGE('',*,*,#6309,.T.);
#6309 = EDGE_CURVE('',#724,#3351,#6310,.T.);
#6310 = LINE('',#6311,#6312);
#6311 = CARTESIAN_POINT('',(33.57,-32.63,-4.6E-02));
#6312 = VECTOR('',#6313,1.);
#6313 = DIRECTION('',(0.,0.,1.));
#6314 = ORIENTED_EDGE('',*,*,#3350,.F.);
#6315 = ORIENTED_EDGE('',*,*,#6309,.F.);
#6316 = CYLINDRICAL_SURFACE('',#6317,0.5);
#6317 = AXIS2_PLACEMENT_3D('',#6318,#6319,#6320);
#6318 = CARTESIAN_POINT('',(33.57,-32.13,-4.6E-02));
#6319 = DIRECTION('',(-0.,-0.,-1.));
#6320 = DIRECTION('',(-0.,-1.,0.));
#6321 = ADVANCED_FACE('',(#6322),#6333,.F.);
#6322 = FACE_BOUND('',#6323,.T.);
#6323 = EDGE_LOOP('',(#6324,#6325,#6331,#6332));
#6324 = ORIENTED_EDGE('',*,*,#734,.T.);
#6325 = ORIENTED_EDGE('',*,*,#6326,.T.);
#6326 = EDGE_CURVE('',#735,#3362,#6327,.T.);
#6327 = LINE('',#6328,#6329);
#6328 = CARTESIAN_POINT('',(36.11,-32.63,-4.6E-02));
#6329 = VECTOR('',#6330,1.);
#6330 = DIRECTION('',(0.,0.,1.));
#6331 = ORIENTED_EDGE('',*,*,#3361,.F.);
#6332 = ORIENTED_EDGE('',*,*,#6326,.F.);
#6333 = CYLINDRICAL_SURFACE('',#6334,0.5);
#6334 = AXIS2_PLACEMENT_3D('',#6335,#6336,#6337);
#6335 = CARTESIAN_POINT('',(36.11,-32.13,-4.6E-02));
#6336 = DIRECTION('',(-0.,-0.,-1.));
#6337 = DIRECTION('',(-0.,-1.,0.));
#6338 = ADVANCED_FACE('',(#6339),#6350,.F.);
#6339 = FACE_BOUND('',#6340,.T.);
#6340 = EDGE_LOOP('',(#6341,#6342,#6348,#6349));
#6341 = ORIENTED_EDGE('',*,*,#745,.T.);
#6342 = ORIENTED_EDGE('',*,*,#6343,.T.);
#6343 = EDGE_CURVE('',#746,#3373,#6344,.T.);
#6344 = LINE('',#6345,#6346);
#6345 = CARTESIAN_POINT('',(38.65,-32.63,-4.6E-02));
#6346 = VECTOR('',#6347,1.);
#6347 = DIRECTION('',(0.,0.,1.));
#6348 = ORIENTED_EDGE('',*,*,#3372,.F.);
#6349 = ORIENTED_EDGE('',*,*,#6343,.F.);
#6350 = CYLINDRICAL_SURFACE('',#6351,0.5);
#6351 = AXIS2_PLACEMENT_3D('',#6352,#6353,#6354);
#6352 = CARTESIAN_POINT('',(38.65,-32.13,-4.6E-02));
#6353 = DIRECTION('',(-0.,-0.,-1.));
#6354 = DIRECTION('',(-0.,-1.,0.));
#6355 = ADVANCED_FACE('',(#6356),#6367,.F.);
#6356 = FACE_BOUND('',#6357,.T.);
#6357 = EDGE_LOOP('',(#6358,#6359,#6365,#6366));
#6358 = ORIENTED_EDGE('',*,*,#756,.T.);
#6359 = ORIENTED_EDGE('',*,*,#6360,.T.);
#6360 = EDGE_CURVE('',#757,#3384,#6361,.T.);
#6361 = LINE('',#6362,#6363);
#6362 = CARTESIAN_POINT('',(41.19,-32.63,-4.6E-02));
#6363 = VECTOR('',#6364,1.);
#6364 = DIRECTION('',(0.,0.,1.));
#6365 = ORIENTED_EDGE('',*,*,#3383,.F.);
#6366 = ORIENTED_EDGE('',*,*,#6360,.F.);
#6367 = CYLINDRICAL_SURFACE('',#6368,0.5);
#6368 = AXIS2_PLACEMENT_3D('',#6369,#6370,#6371);
#6369 = CARTESIAN_POINT('',(41.19,-32.13,-4.6E-02));
#6370 = DIRECTION('',(-0.,-0.,-1.));
#6371 = DIRECTION('',(-0.,-1.,0.));
#6372 = ADVANCED_FACE('',(#6373),#6384,.F.);
#6373 = FACE_BOUND('',#6374,.T.);
#6374 = EDGE_LOOP('',(#6375,#6376,#6382,#6383));
#6375 = ORIENTED_EDGE('',*,*,#767,.T.);
#6376 = ORIENTED_EDGE('',*,*,#6377,.T.);
#6377 = EDGE_CURVE('',#768,#3395,#6378,.T.);
#6378 = LINE('',#6379,#6380);
#6379 = CARTESIAN_POINT('',(33.57,-30.09,-4.6E-02));
#6380 = VECTOR('',#6381,1.);
#6381 = DIRECTION('',(0.,0.,1.));
#6382 = ORIENTED_EDGE('',*,*,#3394,.F.);
#6383 = ORIENTED_EDGE('',*,*,#6377,.F.);
#6384 = CYLINDRICAL_SURFACE('',#6385,0.5);
#6385 = AXIS2_PLACEMENT_3D('',#6386,#6387,#6388);
#6386 = CARTESIAN_POINT('',(33.57,-29.59,-4.6E-02));
#6387 = DIRECTION('',(-0.,-0.,-1.));
#6388 = DIRECTION('',(-0.,-1.,0.));
#6389 = ADVANCED_FACE('',(#6390),#6401,.F.);
#6390 = FACE_BOUND('',#6391,.T.);
#6391 = EDGE_LOOP('',(#6392,#6393,#6399,#6400));
#6392 = ORIENTED_EDGE('',*,*,#778,.T.);
#6393 = ORIENTED_EDGE('',*,*,#6394,.T.);
#6394 = EDGE_CURVE('',#779,#3406,#6395,.T.);
#6395 = LINE('',#6396,#6397);
#6396 = CARTESIAN_POINT('',(36.11,-30.09,-4.6E-02));
#6397 = VECTOR('',#6398,1.);
#6398 = DIRECTION('',(0.,0.,1.));
#6399 = ORIENTED_EDGE('',*,*,#3405,.F.);
#6400 = ORIENTED_EDGE('',*,*,#6394,.F.);
#6401 = CYLINDRICAL_SURFACE('',#6402,0.5);
#6402 = AXIS2_PLACEMENT_3D('',#6403,#6404,#6405);
#6403 = CARTESIAN_POINT('',(36.11,-29.59,-4.6E-02));
#6404 = DIRECTION('',(-0.,-0.,-1.));
#6405 = DIRECTION('',(-0.,-1.,0.));
#6406 = ADVANCED_FACE('',(#6407),#6418,.F.);
#6407 = FACE_BOUND('',#6408,.T.);
#6408 = EDGE_LOOP('',(#6409,#6410,#6416,#6417));
#6409 = ORIENTED_EDGE('',*,*,#789,.T.);
#6410 = ORIENTED_EDGE('',*,*,#6411,.T.);
#6411 = EDGE_CURVE('',#790,#3417,#6412,.T.);
#6412 = LINE('',#6413,#6414);
#6413 = CARTESIAN_POINT('',(38.65,-30.09,-4.6E-02));
#6414 = VECTOR('',#6415,1.);
#6415 = DIRECTION('',(0.,0.,1.));
#6416 = ORIENTED_EDGE('',*,*,#3416,.F.);
#6417 = ORIENTED_EDGE('',*,*,#6411,.F.);
#6418 = CYLINDRICAL_SURFACE('',#6419,0.5);
#6419 = AXIS2_PLACEMENT_3D('',#6420,#6421,#6422);
#6420 = CARTESIAN_POINT('',(38.65,-29.59,-4.6E-02));
#6421 = DIRECTION('',(-0.,-0.,-1.));
#6422 = DIRECTION('',(-0.,-1.,0.));
#6423 = ADVANCED_FACE('',(#6424),#6435,.F.);
#6424 = FACE_BOUND('',#6425,.T.);
#6425 = EDGE_LOOP('',(#6426,#6427,#6433,#6434));
#6426 = ORIENTED_EDGE('',*,*,#800,.T.);
#6427 = ORIENTED_EDGE('',*,*,#6428,.T.);
#6428 = EDGE_CURVE('',#801,#3428,#6429,.T.);
#6429 = LINE('',#6430,#6431);
#6430 = CARTESIAN_POINT('',(41.19,-30.09,-4.6E-02));
#6431 = VECTOR('',#6432,1.);
#6432 = DIRECTION('',(0.,0.,1.));
#6433 = ORIENTED_EDGE('',*,*,#3427,.F.);
#6434 = ORIENTED_EDGE('',*,*,#6428,.F.);
#6435 = CYLINDRICAL_SURFACE('',#6436,0.5);
#6436 = AXIS2_PLACEMENT_3D('',#6437,#6438,#6439);
#6437 = CARTESIAN_POINT('',(41.19,-29.59,-4.6E-02));
#6438 = DIRECTION('',(-0.,-0.,-1.));
#6439 = DIRECTION('',(-0.,-1.,0.));
#6440 = ADVANCED_FACE('',(#6441),#6452,.F.);
#6441 = FACE_BOUND('',#6442,.T.);
#6442 = EDGE_LOOP('',(#6443,#6444,#6450,#6451));
#6443 = ORIENTED_EDGE('',*,*,#811,.T.);
#6444 = ORIENTED_EDGE('',*,*,#6445,.T.);
#6445 = EDGE_CURVE('',#812,#3439,#6446,.T.);
#6446 = LINE('',#6447,#6448);
#6447 = CARTESIAN_POINT('',(43.73,-53.04,-4.6E-02));
#6448 = VECTOR('',#6449,1.);
#6449 = DIRECTION('',(0.,0.,1.));
#6450 = ORIENTED_EDGE('',*,*,#3438,.F.);
#6451 = ORIENTED_EDGE('',*,*,#6445,.F.);
#6452 = CYLINDRICAL_SURFACE('',#6453,0.5);
#6453 = AXIS2_PLACEMENT_3D('',#6454,#6455,#6456);
#6454 = CARTESIAN_POINT('',(43.73,-52.54,-4.6E-02));
#6455 = DIRECTION('',(-0.,-0.,-1.));
#6456 = DIRECTION('',(-0.,-1.,0.));
#6457 = ADVANCED_FACE('',(#6458),#6469,.F.);
#6458 = FACE_BOUND('',#6459,.T.);
#6459 = EDGE_LOOP('',(#6460,#6461,#6467,#6468));
#6460 = ORIENTED_EDGE('',*,*,#822,.T.);
#6461 = ORIENTED_EDGE('',*,*,#6462,.T.);
#6462 = EDGE_CURVE('',#823,#3450,#6463,.T.);
#6463 = LINE('',#6464,#6465);
#6464 = CARTESIAN_POINT('',(46.27,-53.04,-4.6E-02));
#6465 = VECTOR('',#6466,1.);
#6466 = DIRECTION('',(0.,0.,1.));
#6467 = ORIENTED_EDGE('',*,*,#3449,.F.);
#6468 = ORIENTED_EDGE('',*,*,#6462,.F.);
#6469 = CYLINDRICAL_SURFACE('',#6470,0.5);
#6470 = AXIS2_PLACEMENT_3D('',#6471,#6472,#6473);
#6471 = CARTESIAN_POINT('',(46.27,-52.54,-4.6E-02));
#6472 = DIRECTION('',(-0.,-0.,-1.));
#6473 = DIRECTION('',(-0.,-1.,0.));
#6474 = ADVANCED_FACE('',(#6475),#6486,.F.);
#6475 = FACE_BOUND('',#6476,.T.);
#6476 = EDGE_LOOP('',(#6477,#6478,#6484,#6485));
#6477 = ORIENTED_EDGE('',*,*,#833,.T.);
#6478 = ORIENTED_EDGE('',*,*,#6479,.T.);
#6479 = EDGE_CURVE('',#834,#3461,#6480,.T.);
#6480 = LINE('',#6481,#6482);
#6481 = CARTESIAN_POINT('',(43.73,-50.5,-4.6E-02));
#6482 = VECTOR('',#6483,1.);
#6483 = DIRECTION('',(0.,0.,1.));
#6484 = ORIENTED_EDGE('',*,*,#3460,.F.);
#6485 = ORIENTED_EDGE('',*,*,#6479,.F.);
#6486 = CYLINDRICAL_SURFACE('',#6487,0.5);
#6487 = AXIS2_PLACEMENT_3D('',#6488,#6489,#6490);
#6488 = CARTESIAN_POINT('',(43.73,-50.,-4.6E-02));
#6489 = DIRECTION('',(-0.,-0.,-1.));
#6490 = DIRECTION('',(-0.,-1.,0.));
#6491 = ADVANCED_FACE('',(#6492),#6503,.F.);
#6492 = FACE_BOUND('',#6493,.T.);
#6493 = EDGE_LOOP('',(#6494,#6495,#6501,#6502));
#6494 = ORIENTED_EDGE('',*,*,#844,.T.);
#6495 = ORIENTED_EDGE('',*,*,#6496,.T.);
#6496 = EDGE_CURVE('',#845,#3472,#6497,.T.);
#6497 = LINE('',#6498,#6499);
#6498 = CARTESIAN_POINT('',(46.27,-50.5,-4.6E-02));
#6499 = VECTOR('',#6500,1.);
#6500 = DIRECTION('',(0.,0.,1.));
#6501 = ORIENTED_EDGE('',*,*,#3471,.F.);
#6502 = ORIENTED_EDGE('',*,*,#6496,.F.);
#6503 = CYLINDRICAL_SURFACE('',#6504,0.5);
#6504 = AXIS2_PLACEMENT_3D('',#6505,#6506,#6507);
#6505 = CARTESIAN_POINT('',(46.27,-50.,-4.6E-02));
#6506 = DIRECTION('',(-0.,-0.,-1.));
#6507 = DIRECTION('',(-0.,-1.,0.));
#6508 = ADVANCED_FACE('',(#6509),#6520,.F.);
#6509 = FACE_BOUND('',#6510,.T.);
#6510 = EDGE_LOOP('',(#6511,#6512,#6518,#6519));
#6511 = ORIENTED_EDGE('',*,*,#855,.T.);
#6512 = ORIENTED_EDGE('',*,*,#6513,.T.);
#6513 = EDGE_CURVE('',#856,#3483,#6514,.T.);
#6514 = LINE('',#6515,#6516);
#6515 = CARTESIAN_POINT('',(48.81,-53.04,-4.6E-02));
#6516 = VECTOR('',#6517,1.);
#6517 = DIRECTION('',(0.,0.,1.));
#6518 = ORIENTED_EDGE('',*,*,#3482,.F.);
#6519 = ORIENTED_EDGE('',*,*,#6513,.F.);
#6520 = CYLINDRICAL_SURFACE('',#6521,0.5);
#6521 = AXIS2_PLACEMENT_3D('',#6522,#6523,#6524);
#6522 = CARTESIAN_POINT('',(48.81,-52.54,-4.6E-02));
#6523 = DIRECTION('',(-0.,-0.,-1.));
#6524 = DIRECTION('',(-0.,-1.,0.));
#6525 = ADVANCED_FACE('',(#6526),#6537,.F.);
#6526 = FACE_BOUND('',#6527,.T.);
#6527 = EDGE_LOOP('',(#6528,#6529,#6535,#6536));
#6528 = ORIENTED_EDGE('',*,*,#866,.T.);
#6529 = ORIENTED_EDGE('',*,*,#6530,.T.);
#6530 = EDGE_CURVE('',#867,#3494,#6531,.T.);
#6531 = LINE('',#6532,#6533);
#6532 = CARTESIAN_POINT('',(51.35,-53.04,-4.6E-02));
#6533 = VECTOR('',#6534,1.);
#6534 = DIRECTION('',(0.,0.,1.));
#6535 = ORIENTED_EDGE('',*,*,#3493,.F.);
#6536 = ORIENTED_EDGE('',*,*,#6530,.F.);
#6537 = CYLINDRICAL_SURFACE('',#6538,0.5);
#6538 = AXIS2_PLACEMENT_3D('',#6539,#6540,#6541);
#6539 = CARTESIAN_POINT('',(51.35,-52.54,-4.6E-02));
#6540 = DIRECTION('',(-0.,-0.,-1.));
#6541 = DIRECTION('',(-0.,-1.,0.));
#6542 = ADVANCED_FACE('',(#6543),#6554,.F.);
#6543 = FACE_BOUND('',#6544,.T.);
#6544 = EDGE_LOOP('',(#6545,#6546,#6552,#6553));
#6545 = ORIENTED_EDGE('',*,*,#877,.T.);
#6546 = ORIENTED_EDGE('',*,*,#6547,.T.);
#6547 = EDGE_CURVE('',#878,#3505,#6548,.T.);
#6548 = LINE('',#6549,#6550);
#6549 = CARTESIAN_POINT('',(48.81,-50.5,-4.6E-02));
#6550 = VECTOR('',#6551,1.);
#6551 = DIRECTION('',(0.,0.,1.));
#6552 = ORIENTED_EDGE('',*,*,#3504,.F.);
#6553 = ORIENTED_EDGE('',*,*,#6547,.F.);
#6554 = CYLINDRICAL_SURFACE('',#6555,0.5);
#6555 = AXIS2_PLACEMENT_3D('',#6556,#6557,#6558);
#6556 = CARTESIAN_POINT('',(48.81,-50.,-4.6E-02));
#6557 = DIRECTION('',(-0.,-0.,-1.));
#6558 = DIRECTION('',(-0.,-1.,0.));
#6559 = ADVANCED_FACE('',(#6560),#6571,.F.);
#6560 = FACE_BOUND('',#6561,.T.);
#6561 = EDGE_LOOP('',(#6562,#6563,#6569,#6570));
#6562 = ORIENTED_EDGE('',*,*,#888,.T.);
#6563 = ORIENTED_EDGE('',*,*,#6564,.T.);
#6564 = EDGE_CURVE('',#889,#3516,#6565,.T.);
#6565 = LINE('',#6566,#6567);
#6566 = CARTESIAN_POINT('',(51.35,-50.5,-4.6E-02));
#6567 = VECTOR('',#6568,1.);
#6568 = DIRECTION('',(0.,0.,1.));
#6569 = ORIENTED_EDGE('',*,*,#3515,.F.);
#6570 = ORIENTED_EDGE('',*,*,#6564,.F.);
#6571 = CYLINDRICAL_SURFACE('',#6572,0.5);
#6572 = AXIS2_PLACEMENT_3D('',#6573,#6574,#6575);
#6573 = CARTESIAN_POINT('',(51.35,-50.,-4.6E-02));
#6574 = DIRECTION('',(-0.,-0.,-1.));
#6575 = DIRECTION('',(-0.,-1.,0.));
#6576 = ADVANCED_FACE('',(#6577),#6588,.F.);
#6577 = FACE_BOUND('',#6578,.T.);
#6578 = EDGE_LOOP('',(#6579,#6580,#6586,#6587));
#6579 = ORIENTED_EDGE('',*,*,#899,.T.);
#6580 = ORIENTED_EDGE('',*,*,#6581,.T.);
#6581 = EDGE_CURVE('',#900,#3527,#6582,.T.);
#6582 = LINE('',#6583,#6584);
#6583 = CARTESIAN_POINT('',(53.89,-53.04,-4.6E-02));
#6584 = VECTOR('',#6585,1.);
#6585 = DIRECTION('',(0.,0.,1.));
#6586 = ORIENTED_EDGE('',*,*,#3526,.F.);
#6587 = ORIENTED_EDGE('',*,*,#6581,.F.);
#6588 = CYLINDRICAL_SURFACE('',#6589,0.5);
#6589 = AXIS2_PLACEMENT_3D('',#6590,#6591,#6592);
#6590 = CARTESIAN_POINT('',(53.89,-52.54,-4.6E-02));
#6591 = DIRECTION('',(-0.,-0.,-1.));
#6592 = DIRECTION('',(-0.,-1.,0.));
#6593 = ADVANCED_FACE('',(#6594),#6605,.F.);
#6594 = FACE_BOUND('',#6595,.T.);
#6595 = EDGE_LOOP('',(#6596,#6597,#6603,#6604));
#6596 = ORIENTED_EDGE('',*,*,#910,.T.);
#6597 = ORIENTED_EDGE('',*,*,#6598,.T.);
#6598 = EDGE_CURVE('',#911,#3538,#6599,.T.);
#6599 = LINE('',#6600,#6601);
#6600 = CARTESIAN_POINT('',(56.43,-53.04,-4.6E-02));
#6601 = VECTOR('',#6602,1.);
#6602 = DIRECTION('',(0.,0.,1.));
#6603 = ORIENTED_EDGE('',*,*,#3537,.F.);
#6604 = ORIENTED_EDGE('',*,*,#6598,.F.);
#6605 = CYLINDRICAL_SURFACE('',#6606,0.5);
#6606 = AXIS2_PLACEMENT_3D('',#6607,#6608,#6609);
#6607 = CARTESIAN_POINT('',(56.43,-52.54,-4.6E-02));
#6608 = DIRECTION('',(-0.,-0.,-1.));
#6609 = DIRECTION('',(-0.,-1.,0.));
#6610 = ADVANCED_FACE('',(#6611),#6622,.F.);
#6611 = FACE_BOUND('',#6612,.T.);
#6612 = EDGE_LOOP('',(#6613,#6614,#6620,#6621));
#6613 = ORIENTED_EDGE('',*,*,#921,.T.);
#6614 = ORIENTED_EDGE('',*,*,#6615,.T.);
#6615 = EDGE_CURVE('',#922,#3549,#6616,.T.);
#6616 = LINE('',#6617,#6618);
#6617 = CARTESIAN_POINT('',(53.89,-50.5,-4.6E-02));
#6618 = VECTOR('',#6619,1.);
#6619 = DIRECTION('',(0.,0.,1.));
#6620 = ORIENTED_EDGE('',*,*,#3548,.F.);
#6621 = ORIENTED_EDGE('',*,*,#6615,.F.);
#6622 = CYLINDRICAL_SURFACE('',#6623,0.5);
#6623 = AXIS2_PLACEMENT_3D('',#6624,#6625,#6626);
#6624 = CARTESIAN_POINT('',(53.89,-50.,-4.6E-02));
#6625 = DIRECTION('',(-0.,-0.,-1.));
#6626 = DIRECTION('',(-0.,-1.,0.));
#6627 = ADVANCED_FACE('',(#6628),#6639,.F.);
#6628 = FACE_BOUND('',#6629,.T.);
#6629 = EDGE_LOOP('',(#6630,#6631,#6637,#6638));
#6630 = ORIENTED_EDGE('',*,*,#932,.T.);
#6631 = ORIENTED_EDGE('',*,*,#6632,.T.);
#6632 = EDGE_CURVE('',#933,#3560,#6633,.T.);
#6633 = LINE('',#6634,#6635);
#6634 = CARTESIAN_POINT('',(56.43,-50.5,-4.6E-02));
#6635 = VECTOR('',#6636,1.);
#6636 = DIRECTION('',(0.,0.,1.));
#6637 = ORIENTED_EDGE('',*,*,#3559,.F.);
#6638 = ORIENTED_EDGE('',*,*,#6632,.F.);
#6639 = CYLINDRICAL_SURFACE('',#6640,0.5);
#6640 = AXIS2_PLACEMENT_3D('',#6641,#6642,#6643);
#6641 = CARTESIAN_POINT('',(56.43,-50.,-4.6E-02));
#6642 = DIRECTION('',(-0.,-0.,-1.));
#6643 = DIRECTION('',(-0.,-1.,0.));
#6644 = ADVANCED_FACE('',(#6645),#6656,.F.);
#6645 = FACE_BOUND('',#6646,.T.);
#6646 = EDGE_LOOP('',(#6647,#6648,#6654,#6655));
#6647 = ORIENTED_EDGE('',*,*,#943,.T.);
#6648 = ORIENTED_EDGE('',*,*,#6649,.T.);
#6649 = EDGE_CURVE('',#944,#3571,#6650,.T.);
#6650 = LINE('',#6651,#6652);
#6651 = CARTESIAN_POINT('',(58.97,-53.04,-4.6E-02));
#6652 = VECTOR('',#6653,1.);
#6653 = DIRECTION('',(0.,0.,1.));
#6654 = ORIENTED_EDGE('',*,*,#3570,.F.);
#6655 = ORIENTED_EDGE('',*,*,#6649,.F.);
#6656 = CYLINDRICAL_SURFACE('',#6657,0.5);
#6657 = AXIS2_PLACEMENT_3D('',#6658,#6659,#6660);
#6658 = CARTESIAN_POINT('',(58.97,-52.54,-4.6E-02));
#6659 = DIRECTION('',(-0.,-0.,-1.));
#6660 = DIRECTION('',(-0.,-1.,0.));
#6661 = ADVANCED_FACE('',(#6662),#6673,.F.);
#6662 = FACE_BOUND('',#6663,.T.);
#6663 = EDGE_LOOP('',(#6664,#6665,#6671,#6672));
#6664 = ORIENTED_EDGE('',*,*,#954,.T.);
#6665 = ORIENTED_EDGE('',*,*,#6666,.T.);
#6666 = EDGE_CURVE('',#955,#3582,#6667,.T.);
#6667 = LINE('',#6668,#6669);
#6668 = CARTESIAN_POINT('',(61.51,-53.04,-4.6E-02));
#6669 = VECTOR('',#6670,1.);
#6670 = DIRECTION('',(0.,0.,1.));
#6671 = ORIENTED_EDGE('',*,*,#3581,.F.);
#6672 = ORIENTED_EDGE('',*,*,#6666,.F.);
#6673 = CYLINDRICAL_SURFACE('',#6674,0.5);
#6674 = AXIS2_PLACEMENT_3D('',#6675,#6676,#6677);
#6675 = CARTESIAN_POINT('',(61.51,-52.54,-4.6E-02));
#6676 = DIRECTION('',(-0.,-0.,-1.));
#6677 = DIRECTION('',(-0.,-1.,0.));
#6678 = ADVANCED_FACE('',(#6679),#6690,.F.);
#6679 = FACE_BOUND('',#6680,.T.);
#6680 = EDGE_LOOP('',(#6681,#6682,#6688,#6689));
#6681 = ORIENTED_EDGE('',*,*,#965,.T.);
#6682 = ORIENTED_EDGE('',*,*,#6683,.T.);
#6683 = EDGE_CURVE('',#966,#3593,#6684,.T.);
#6684 = LINE('',#6685,#6686);
#6685 = CARTESIAN_POINT('',(58.97,-50.5,-4.6E-02));
#6686 = VECTOR('',#6687,1.);
#6687 = DIRECTION('',(0.,0.,1.));
#6688 = ORIENTED_EDGE('',*,*,#3592,.F.);
#6689 = ORIENTED_EDGE('',*,*,#6683,.F.);
#6690 = CYLINDRICAL_SURFACE('',#6691,0.5);
#6691 = AXIS2_PLACEMENT_3D('',#6692,#6693,#6694);
#6692 = CARTESIAN_POINT('',(58.97,-50.,-4.6E-02));
#6693 = DIRECTION('',(-0.,-0.,-1.));
#6694 = DIRECTION('',(-0.,-1.,0.));
#6695 = ADVANCED_FACE('',(#6696),#6707,.F.);
#6696 = FACE_BOUND('',#6697,.T.);
#6697 = EDGE_LOOP('',(#6698,#6699,#6705,#6706));
#6698 = ORIENTED_EDGE('',*,*,#976,.T.);
#6699 = ORIENTED_EDGE('',*,*,#6700,.T.);
#6700 = EDGE_CURVE('',#977,#3604,#6701,.T.);
#6701 = LINE('',#6702,#6703);
#6702 = CARTESIAN_POINT('',(61.51,-50.5,-4.6E-02));
#6703 = VECTOR('',#6704,1.);
#6704 = DIRECTION('',(0.,0.,1.));
#6705 = ORIENTED_EDGE('',*,*,#3603,.F.);
#6706 = ORIENTED_EDGE('',*,*,#6700,.F.);
#6707 = CYLINDRICAL_SURFACE('',#6708,0.5);
#6708 = AXIS2_PLACEMENT_3D('',#6709,#6710,#6711);
#6709 = CARTESIAN_POINT('',(61.51,-50.,-4.6E-02));
#6710 = DIRECTION('',(-0.,-0.,-1.));
#6711 = DIRECTION('',(-0.,-1.,0.));
#6712 = ADVANCED_FACE('',(#6713),#6724,.F.);
#6713 = FACE_BOUND('',#6714,.T.);
#6714 = EDGE_LOOP('',(#6715,#6716,#6722,#6723));
#6715 = ORIENTED_EDGE('',*,*,#987,.T.);
#6716 = ORIENTED_EDGE('',*,*,#6717,.T.);
#6717 = EDGE_CURVE('',#988,#3615,#6718,.T.);
#6718 = LINE('',#6719,#6720);
#6719 = CARTESIAN_POINT('',(62.,-42.65,-4.6E-02));
#6720 = VECTOR('',#6721,1.);
#6721 = DIRECTION('',(0.,0.,1.));
#6722 = ORIENTED_EDGE('',*,*,#3614,.F.);
#6723 = ORIENTED_EDGE('',*,*,#6717,.F.);
#6724 = CYLINDRICAL_SURFACE('',#6725,0.35);
#6725 = AXIS2_PLACEMENT_3D('',#6726,#6727,#6728);
#6726 = CARTESIAN_POINT('',(62.,-42.3,-4.6E-02));
#6727 = DIRECTION('',(-0.,-0.,-1.));
#6728 = DIRECTION('',(-0.,-1.,0.));
#6729 = ADVANCED_FACE('',(#6730),#6741,.F.);
#6730 = FACE_BOUND('',#6731,.T.);
#6731 = EDGE_LOOP('',(#6732,#6733,#6739,#6740));
#6732 = ORIENTED_EDGE('',*,*,#998,.T.);
#6733 = ORIENTED_EDGE('',*,*,#6734,.T.);
#6734 = EDGE_CURVE('',#999,#3626,#6735,.T.);
#6735 = LINE('',#6736,#6737);
#6736 = CARTESIAN_POINT('',(64.05,-53.04,-4.6E-02));
#6737 = VECTOR('',#6738,1.);
#6738 = DIRECTION('',(0.,0.,1.));
#6739 = ORIENTED_EDGE('',*,*,#3625,.F.);
#6740 = ORIENTED_EDGE('',*,*,#6734,.F.);
#6741 = CYLINDRICAL_SURFACE('',#6742,0.5);
#6742 = AXIS2_PLACEMENT_3D('',#6743,#6744,#6745);
#6743 = CARTESIAN_POINT('',(64.05,-52.54,-4.6E-02));
#6744 = DIRECTION('',(-0.,-0.,-1.));
#6745 = DIRECTION('',(-0.,-1.,0.));
#6746 = ADVANCED_FACE('',(#6747),#6758,.F.);
#6747 = FACE_BOUND('',#6748,.T.);
#6748 = EDGE_LOOP('',(#6749,#6750,#6756,#6757));
#6749 = ORIENTED_EDGE('',*,*,#1009,.T.);
#6750 = ORIENTED_EDGE('',*,*,#6751,.T.);
#6751 = EDGE_CURVE('',#1010,#3637,#6752,.T.);
#6752 = LINE('',#6753,#6754);
#6753 = CARTESIAN_POINT('',(66.59,-53.04,-4.6E-02));
#6754 = VECTOR('',#6755,1.);
#6755 = DIRECTION('',(0.,0.,1.));
#6756 = ORIENTED_EDGE('',*,*,#3636,.F.);
#6757 = ORIENTED_EDGE('',*,*,#6751,.F.);
#6758 = CYLINDRICAL_SURFACE('',#6759,0.5);
#6759 = AXIS2_PLACEMENT_3D('',#6760,#6761,#6762);
#6760 = CARTESIAN_POINT('',(66.59,-52.54,-4.6E-02));
#6761 = DIRECTION('',(-0.,-0.,-1.));
#6762 = DIRECTION('',(-0.,-1.,0.));
#6763 = ADVANCED_FACE('',(#6764),#6775,.F.);
#6764 = FACE_BOUND('',#6765,.T.);
#6765 = EDGE_LOOP('',(#6766,#6767,#6773,#6774));
#6766 = ORIENTED_EDGE('',*,*,#1020,.T.);
#6767 = ORIENTED_EDGE('',*,*,#6768,.T.);
#6768 = EDGE_CURVE('',#1021,#3648,#6769,.T.);
#6769 = LINE('',#6770,#6771);
#6770 = CARTESIAN_POINT('',(64.05,-50.5,-4.6E-02));
#6771 = VECTOR('',#6772,1.);
#6772 = DIRECTION('',(0.,0.,1.));
#6773 = ORIENTED_EDGE('',*,*,#3647,.F.);
#6774 = ORIENTED_EDGE('',*,*,#6768,.F.);
#6775 = CYLINDRICAL_SURFACE('',#6776,0.5);
#6776 = AXIS2_PLACEMENT_3D('',#6777,#6778,#6779);
#6777 = CARTESIAN_POINT('',(64.05,-50.,-4.6E-02));
#6778 = DIRECTION('',(-0.,-0.,-1.));
#6779 = DIRECTION('',(-0.,-1.,0.));
#6780 = ADVANCED_FACE('',(#6781),#6792,.F.);
#6781 = FACE_BOUND('',#6782,.T.);
#6782 = EDGE_LOOP('',(#6783,#6784,#6790,#6791));
#6783 = ORIENTED_EDGE('',*,*,#1031,.T.);
#6784 = ORIENTED_EDGE('',*,*,#6785,.T.);
#6785 = EDGE_CURVE('',#1032,#3659,#6786,.T.);
#6786 = LINE('',#6787,#6788);
#6787 = CARTESIAN_POINT('',(66.59,-50.5,-4.6E-02));
#6788 = VECTOR('',#6789,1.);
#6789 = DIRECTION('',(0.,0.,1.));
#6790 = ORIENTED_EDGE('',*,*,#3658,.F.);
#6791 = ORIENTED_EDGE('',*,*,#6785,.F.);
#6792 = CYLINDRICAL_SURFACE('',#6793,0.5);
#6793 = AXIS2_PLACEMENT_3D('',#6794,#6795,#6796);
#6794 = CARTESIAN_POINT('',(66.59,-50.,-4.6E-02));
#6795 = DIRECTION('',(-0.,-0.,-1.));
#6796 = DIRECTION('',(-0.,-1.,0.));
#6797 = ADVANCED_FACE('',(#6798),#6809,.F.);
#6798 = FACE_BOUND('',#6799,.T.);
#6799 = EDGE_LOOP('',(#6800,#6801,#6807,#6808));
#6800 = ORIENTED_EDGE('',*,*,#1042,.T.);
#6801 = ORIENTED_EDGE('',*,*,#6802,.T.);
#6802 = EDGE_CURVE('',#1043,#3670,#6803,.T.);
#6803 = LINE('',#6804,#6805);
#6804 = CARTESIAN_POINT('',(69.13,-53.04,-4.6E-02));
#6805 = VECTOR('',#6806,1.);
#6806 = DIRECTION('',(0.,0.,1.));
#6807 = ORIENTED_EDGE('',*,*,#3669,.F.);
#6808 = ORIENTED_EDGE('',*,*,#6802,.F.);
#6809 = CYLINDRICAL_SURFACE('',#6810,0.5);
#6810 = AXIS2_PLACEMENT_3D('',#6811,#6812,#6813);
#6811 = CARTESIAN_POINT('',(69.13,-52.54,-4.6E-02));
#6812 = DIRECTION('',(-0.,-0.,-1.));
#6813 = DIRECTION('',(-0.,-1.,0.));
#6814 = ADVANCED_FACE('',(#6815),#6826,.F.);
#6815 = FACE_BOUND('',#6816,.T.);
#6816 = EDGE_LOOP('',(#6817,#6818,#6824,#6825));
#6817 = ORIENTED_EDGE('',*,*,#1053,.T.);
#6818 = ORIENTED_EDGE('',*,*,#6819,.T.);
#6819 = EDGE_CURVE('',#1054,#3681,#6820,.T.);
#6820 = LINE('',#6821,#6822);
#6821 = CARTESIAN_POINT('',(71.67,-53.04,-4.6E-02));
#6822 = VECTOR('',#6823,1.);
#6823 = DIRECTION('',(0.,0.,1.));
#6824 = ORIENTED_EDGE('',*,*,#3680,.F.);
#6825 = ORIENTED_EDGE('',*,*,#6819,.F.);
#6826 = CYLINDRICAL_SURFACE('',#6827,0.5);
#6827 = AXIS2_PLACEMENT_3D('',#6828,#6829,#6830);
#6828 = CARTESIAN_POINT('',(71.67,-52.54,-4.6E-02));
#6829 = DIRECTION('',(-0.,-0.,-1.));
#6830 = DIRECTION('',(-0.,-1.,0.));
#6831 = ADVANCED_FACE('',(#6832),#6843,.F.);
#6832 = FACE_BOUND('',#6833,.T.);
#6833 = EDGE_LOOP('',(#6834,#6835,#6841,#6842));
#6834 = ORIENTED_EDGE('',*,*,#1064,.T.);
#6835 = ORIENTED_EDGE('',*,*,#6836,.T.);
#6836 = EDGE_CURVE('',#1065,#3692,#6837,.T.);
#6837 = LINE('',#6838,#6839);
#6838 = CARTESIAN_POINT('',(69.13,-50.5,-4.6E-02));
#6839 = VECTOR('',#6840,1.);
#6840 = DIRECTION('',(0.,0.,1.));
#6841 = ORIENTED_EDGE('',*,*,#3691,.F.);
#6842 = ORIENTED_EDGE('',*,*,#6836,.F.);
#6843 = CYLINDRICAL_SURFACE('',#6844,0.5);
#6844 = AXIS2_PLACEMENT_3D('',#6845,#6846,#6847);
#6845 = CARTESIAN_POINT('',(69.13,-50.,-4.6E-02));
#6846 = DIRECTION('',(-0.,-0.,-1.));
#6847 = DIRECTION('',(-0.,-1.,0.));
#6848 = ADVANCED_FACE('',(#6849),#6860,.F.);
#6849 = FACE_BOUND('',#6850,.T.);
#6850 = EDGE_LOOP('',(#6851,#6852,#6858,#6859));
#6851 = ORIENTED_EDGE('',*,*,#1075,.T.);
#6852 = ORIENTED_EDGE('',*,*,#6853,.T.);
#6853 = EDGE_CURVE('',#1076,#3703,#6854,.T.);
#6854 = LINE('',#6855,#6856);
#6855 = CARTESIAN_POINT('',(71.67,-50.5,-4.6E-02));
#6856 = VECTOR('',#6857,1.);
#6857 = DIRECTION('',(0.,0.,1.));
#6858 = ORIENTED_EDGE('',*,*,#3702,.F.);
#6859 = ORIENTED_EDGE('',*,*,#6853,.F.);
#6860 = CYLINDRICAL_SURFACE('',#6861,0.5);
#6861 = AXIS2_PLACEMENT_3D('',#6862,#6863,#6864);
#6862 = CARTESIAN_POINT('',(71.67,-50.,-4.6E-02));
#6863 = DIRECTION('',(-0.,-0.,-1.));
#6864 = DIRECTION('',(-0.,-1.,0.));
#6865 = ADVANCED_FACE('',(#6866),#6877,.F.);
#6866 = FACE_BOUND('',#6867,.T.);
#6867 = EDGE_LOOP('',(#6868,#6869,#6875,#6876));
#6868 = ORIENTED_EDGE('',*,*,#1086,.T.);
#6869 = ORIENTED_EDGE('',*,*,#6870,.T.);
#6870 = EDGE_CURVE('',#1087,#3714,#6871,.T.);
#6871 = LINE('',#6872,#6873);
#6872 = CARTESIAN_POINT('',(74.21,-53.04,-4.6E-02));
#6873 = VECTOR('',#6874,1.);
#6874 = DIRECTION('',(0.,0.,1.));
#6875 = ORIENTED_EDGE('',*,*,#3713,.F.);
#6876 = ORIENTED_EDGE('',*,*,#6870,.F.);
#6877 = CYLINDRICAL_SURFACE('',#6878,0.5);
#6878 = AXIS2_PLACEMENT_3D('',#6879,#6880,#6881);
#6879 = CARTESIAN_POINT('',(74.21,-52.54,-4.6E-02));
#6880 = DIRECTION('',(-0.,-0.,-1.));
#6881 = DIRECTION('',(-0.,-1.,0.));
#6882 = ADVANCED_FACE('',(#6883),#6894,.F.);
#6883 = FACE_BOUND('',#6884,.T.);
#6884 = EDGE_LOOP('',(#6885,#6886,#6892,#6893));
#6885 = ORIENTED_EDGE('',*,*,#1097,.T.);
#6886 = ORIENTED_EDGE('',*,*,#6887,.T.);
#6887 = EDGE_CURVE('',#1098,#3725,#6888,.T.);
#6888 = LINE('',#6889,#6890);
#6889 = CARTESIAN_POINT('',(76.75,-53.04,-4.6E-02));
#6890 = VECTOR('',#6891,1.);
#6891 = DIRECTION('',(0.,0.,1.));
#6892 = ORIENTED_EDGE('',*,*,#3724,.F.);
#6893 = ORIENTED_EDGE('',*,*,#6887,.F.);
#6894 = CYLINDRICAL_SURFACE('',#6895,0.5);
#6895 = AXIS2_PLACEMENT_3D('',#6896,#6897,#6898);
#6896 = CARTESIAN_POINT('',(76.75,-52.54,-4.6E-02));
#6897 = DIRECTION('',(-0.,-0.,-1.));
#6898 = DIRECTION('',(-0.,-1.,0.));
#6899 = ADVANCED_FACE('',(#6900),#6911,.F.);
#6900 = FACE_BOUND('',#6901,.T.);
#6901 = EDGE_LOOP('',(#6902,#6903,#6909,#6910));
#6902 = ORIENTED_EDGE('',*,*,#1108,.T.);
#6903 = ORIENTED_EDGE('',*,*,#6904,.T.);
#6904 = EDGE_CURVE('',#1109,#3736,#6905,.T.);
#6905 = LINE('',#6906,#6907);
#6906 = CARTESIAN_POINT('',(74.21,-50.5,-4.6E-02));
#6907 = VECTOR('',#6908,1.);
#6908 = DIRECTION('',(0.,0.,1.));
#6909 = ORIENTED_EDGE('',*,*,#3735,.F.);
#6910 = ORIENTED_EDGE('',*,*,#6904,.F.);
#6911 = CYLINDRICAL_SURFACE('',#6912,0.5);
#6912 = AXIS2_PLACEMENT_3D('',#6913,#6914,#6915);
#6913 = CARTESIAN_POINT('',(74.21,-50.,-4.6E-02));
#6914 = DIRECTION('',(-0.,-0.,-1.));
#6915 = DIRECTION('',(-0.,-1.,0.));
#6916 = ADVANCED_FACE('',(#6917),#6928,.F.);
#6917 = FACE_BOUND('',#6918,.T.);
#6918 = EDGE_LOOP('',(#6919,#6920,#6926,#6927));
#6919 = ORIENTED_EDGE('',*,*,#1119,.T.);
#6920 = ORIENTED_EDGE('',*,*,#6921,.T.);
#6921 = EDGE_CURVE('',#1120,#3747,#6922,.T.);
#6922 = LINE('',#6923,#6924);
#6923 = CARTESIAN_POINT('',(76.75,-50.5,-4.6E-02));
#6924 = VECTOR('',#6925,1.);
#6925 = DIRECTION('',(0.,0.,1.));
#6926 = ORIENTED_EDGE('',*,*,#3746,.F.);
#6927 = ORIENTED_EDGE('',*,*,#6921,.F.);
#6928 = CYLINDRICAL_SURFACE('',#6929,0.5);
#6929 = AXIS2_PLACEMENT_3D('',#6930,#6931,#6932);
#6930 = CARTESIAN_POINT('',(76.75,-50.,-4.6E-02));
#6931 = DIRECTION('',(-0.,-0.,-1.));
#6932 = DIRECTION('',(-0.,-1.,0.));
#6933 = ADVANCED_FACE('',(#6934),#6945,.F.);
#6934 = FACE_BOUND('',#6935,.T.);
#6935 = EDGE_LOOP('',(#6936,#6937,#6943,#6944));
#6936 = ORIENTED_EDGE('',*,*,#1130,.T.);
#6937 = ORIENTED_EDGE('',*,*,#6938,.T.);
#6938 = EDGE_CURVE('',#1131,#3758,#6939,.T.);
#6939 = LINE('',#6940,#6941);
#6940 = CARTESIAN_POINT('',(79.29,-53.04,-4.6E-02));
#6941 = VECTOR('',#6942,1.);
#6942 = DIRECTION('',(0.,0.,1.));
#6943 = ORIENTED_EDGE('',*,*,#3757,.F.);
#6944 = ORIENTED_EDGE('',*,*,#6938,.F.);
#6945 = CYLINDRICAL_SURFACE('',#6946,0.5);
#6946 = AXIS2_PLACEMENT_3D('',#6947,#6948,#6949);
#6947 = CARTESIAN_POINT('',(79.29,-52.54,-4.6E-02));
#6948 = DIRECTION('',(-0.,-0.,-1.));
#6949 = DIRECTION('',(-0.,-1.,0.));
#6950 = ADVANCED_FACE('',(#6951),#6962,.F.);
#6951 = FACE_BOUND('',#6952,.T.);
#6952 = EDGE_LOOP('',(#6953,#6954,#6960,#6961));
#6953 = ORIENTED_EDGE('',*,*,#1141,.T.);
#6954 = ORIENTED_EDGE('',*,*,#6955,.T.);
#6955 = EDGE_CURVE('',#1142,#3769,#6956,.T.);
#6956 = LINE('',#6957,#6958);
#6957 = CARTESIAN_POINT('',(81.83,-53.04,-4.6E-02));
#6958 = VECTOR('',#6959,1.);
#6959 = DIRECTION('',(0.,0.,1.));
#6960 = ORIENTED_EDGE('',*,*,#3768,.F.);
#6961 = ORIENTED_EDGE('',*,*,#6955,.F.);
#6962 = CYLINDRICAL_SURFACE('',#6963,0.5);
#6963 = AXIS2_PLACEMENT_3D('',#6964,#6965,#6966);
#6964 = CARTESIAN_POINT('',(81.83,-52.54,-4.6E-02));
#6965 = DIRECTION('',(-0.,-0.,-1.));
#6966 = DIRECTION('',(-0.,-1.,0.));
#6967 = ADVANCED_FACE('',(#6968),#6979,.F.);
#6968 = FACE_BOUND('',#6969,.T.);
#6969 = EDGE_LOOP('',(#6970,#6971,#6977,#6978));
#6970 = ORIENTED_EDGE('',*,*,#1152,.T.);
#6971 = ORIENTED_EDGE('',*,*,#6972,.T.);
#6972 = EDGE_CURVE('',#1153,#3780,#6973,.T.);
#6973 = LINE('',#6974,#6975);
#6974 = CARTESIAN_POINT('',(79.29,-50.5,-4.6E-02));
#6975 = VECTOR('',#6976,1.);
#6976 = DIRECTION('',(0.,0.,1.));
#6977 = ORIENTED_EDGE('',*,*,#3779,.F.);
#6978 = ORIENTED_EDGE('',*,*,#6972,.F.);
#6979 = CYLINDRICAL_SURFACE('',#6980,0.5);
#6980 = AXIS2_PLACEMENT_3D('',#6981,#6982,#6983);
#6981 = CARTESIAN_POINT('',(79.29,-50.,-4.6E-02));
#6982 = DIRECTION('',(-0.,-0.,-1.));
#6983 = DIRECTION('',(-0.,-1.,0.));
#6984 = ADVANCED_FACE('',(#6985),#6996,.F.);
#6985 = FACE_BOUND('',#6986,.T.);
#6986 = EDGE_LOOP('',(#6987,#6988,#6994,#6995));
#6987 = ORIENTED_EDGE('',*,*,#1163,.T.);
#6988 = ORIENTED_EDGE('',*,*,#6989,.T.);
#6989 = EDGE_CURVE('',#1164,#3791,#6990,.T.);
#6990 = LINE('',#6991,#6992);
#6991 = CARTESIAN_POINT('',(81.83,-50.5,-4.6E-02));
#6992 = VECTOR('',#6993,1.);
#6993 = DIRECTION('',(0.,0.,1.));
#6994 = ORIENTED_EDGE('',*,*,#3790,.F.);
#6995 = ORIENTED_EDGE('',*,*,#6989,.F.);
#6996 = CYLINDRICAL_SURFACE('',#6997,0.5);
#6997 = AXIS2_PLACEMENT_3D('',#6998,#6999,#7000);
#6998 = CARTESIAN_POINT('',(81.83,-50.,-4.6E-02));
#6999 = DIRECTION('',(-0.,-0.,-1.));
#7000 = DIRECTION('',(-0.,-1.,0.));
#7001 = ADVANCED_FACE('',(#7002),#7013,.F.);
#7002 = FACE_BOUND('',#7003,.T.);
#7003 = EDGE_LOOP('',(#7004,#7005,#7011,#7012));
#7004 = ORIENTED_EDGE('',*,*,#1174,.T.);
#7005 = ORIENTED_EDGE('',*,*,#7006,.T.);
#7006 = EDGE_CURVE('',#1175,#3802,#7007,.T.);
#7007 = LINE('',#7008,#7009);
#7008 = CARTESIAN_POINT('',(65.,-42.65,-4.6E-02));
#7009 = VECTOR('',#7010,1.);
#7010 = DIRECTION('',(0.,0.,1.));
#7011 = ORIENTED_EDGE('',*,*,#3801,.F.);
#7012 = ORIENTED_EDGE('',*,*,#7006,.F.);
#7013 = CYLINDRICAL_SURFACE('',#7014,0.35);
#7014 = AXIS2_PLACEMENT_3D('',#7015,#7016,#7017);
#7015 = CARTESIAN_POINT('',(65.,-42.3,-4.6E-02));
#7016 = DIRECTION('',(-0.,-0.,-1.));
#7017 = DIRECTION('',(-0.,-1.,0.));
#7018 = ADVANCED_FACE('',(#7019),#7030,.F.);
#7019 = FACE_BOUND('',#7020,.T.);
#7020 = EDGE_LOOP('',(#7021,#7022,#7028,#7029));
#7021 = ORIENTED_EDGE('',*,*,#1185,.T.);
#7022 = ORIENTED_EDGE('',*,*,#7023,.T.);
#7023 = EDGE_CURVE('',#1186,#3813,#7024,.T.);
#7024 = LINE('',#7025,#7026);
#7025 = CARTESIAN_POINT('',(68.,-42.65,-4.6E-02));
#7026 = VECTOR('',#7027,1.);
#7027 = DIRECTION('',(0.,0.,1.));
#7028 = ORIENTED_EDGE('',*,*,#3812,.F.);
#7029 = ORIENTED_EDGE('',*,*,#7023,.F.);
#7030 = CYLINDRICAL_SURFACE('',#7031,0.35);
#7031 = AXIS2_PLACEMENT_3D('',#7032,#7033,#7034);
#7032 = CARTESIAN_POINT('',(68.,-42.3,-4.6E-02));
#7033 = DIRECTION('',(-0.,-0.,-1.));
#7034 = DIRECTION('',(-0.,-1.,0.));
#7035 = ADVANCED_FACE('',(#7036),#7047,.F.);
#7036 = FACE_BOUND('',#7037,.T.);
#7037 = EDGE_LOOP('',(#7038,#7039,#7045,#7046));
#7038 = ORIENTED_EDGE('',*,*,#1196,.T.);
#7039 = ORIENTED_EDGE('',*,*,#7040,.T.);
#7040 = EDGE_CURVE('',#1197,#3824,#7041,.T.);
#7041 = LINE('',#7042,#7043);
#7042 = CARTESIAN_POINT('',(71.,-42.65,-4.6E-02));
#7043 = VECTOR('',#7044,1.);
#7044 = DIRECTION('',(0.,0.,1.));
#7045 = ORIENTED_EDGE('',*,*,#3823,.F.);
#7046 = ORIENTED_EDGE('',*,*,#7040,.F.);
#7047 = CYLINDRICAL_SURFACE('',#7048,0.35);
#7048 = AXIS2_PLACEMENT_3D('',#7049,#7050,#7051);
#7049 = CARTESIAN_POINT('',(71.,-42.3,-4.6E-02));
#7050 = DIRECTION('',(-0.,-0.,-1.));
#7051 = DIRECTION('',(-0.,-1.,0.));
#7052 = ADVANCED_FACE('',(#7053),#7064,.F.);
#7053 = FACE_BOUND('',#7054,.T.);
#7054 = EDGE_LOOP('',(#7055,#7056,#7062,#7063));
#7055 = ORIENTED_EDGE('',*,*,#1207,.T.);
#7056 = ORIENTED_EDGE('',*,*,#7057,.T.);
#7057 = EDGE_CURVE('',#1208,#3835,#7058,.T.);
#7058 = LINE('',#7059,#7060);
#7059 = CARTESIAN_POINT('',(74.,-42.65,-4.6E-02));
#7060 = VECTOR('',#7061,1.);
#7061 = DIRECTION('',(0.,0.,1.));
#7062 = ORIENTED_EDGE('',*,*,#3834,.F.);
#7063 = ORIENTED_EDGE('',*,*,#7057,.F.);
#7064 = CYLINDRICAL_SURFACE('',#7065,0.35);
#7065 = AXIS2_PLACEMENT_3D('',#7066,#7067,#7068);
#7066 = CARTESIAN_POINT('',(74.,-42.3,-4.6E-02));
#7067 = DIRECTION('',(-0.,-0.,-1.));
#7068 = DIRECTION('',(-0.,-1.,0.));
#7069 = ADVANCED_FACE('',(#7070),#7081,.F.);
#7070 = FACE_BOUND('',#7071,.T.);
#7071 = EDGE_LOOP('',(#7072,#7073,#7079,#7080));
#7072 = ORIENTED_EDGE('',*,*,#1218,.T.);
#7073 = ORIENTED_EDGE('',*,*,#7074,.T.);
#7074 = EDGE_CURVE('',#1219,#3846,#7075,.T.);
#7075 = LINE('',#7076,#7077);
#7076 = CARTESIAN_POINT('',(60.5,-37.75,-4.6E-02));
#7077 = VECTOR('',#7078,1.);
#7078 = DIRECTION('',(0.,0.,1.));
#7079 = ORIENTED_EDGE('',*,*,#3845,.F.);
#7080 = ORIENTED_EDGE('',*,*,#7074,.F.);
#7081 = CYLINDRICAL_SURFACE('',#7082,0.55);
#7082 = AXIS2_PLACEMENT_3D('',#7083,#7084,#7085);
#7083 = CARTESIAN_POINT('',(60.5,-37.2,-4.6E-02));
#7084 = DIRECTION('',(-0.,-0.,-1.));
#7085 = DIRECTION('',(-0.,-1.,0.));
#7086 = ADVANCED_FACE('',(#7087),#7098,.F.);
#7087 = FACE_BOUND('',#7088,.T.);
#7088 = EDGE_LOOP('',(#7089,#7090,#7096,#7097));
#7089 = ORIENTED_EDGE('',*,*,#1229,.T.);
#7090 = ORIENTED_EDGE('',*,*,#7091,.T.);
#7091 = EDGE_CURVE('',#1230,#3857,#7092,.T.);
#7092 = LINE('',#7093,#7094);
#7093 = CARTESIAN_POINT('',(43.73,-32.63,-4.6E-02));
#7094 = VECTOR('',#7095,1.);
#7095 = DIRECTION('',(0.,0.,1.));
#7096 = ORIENTED_EDGE('',*,*,#3856,.F.);
#7097 = ORIENTED_EDGE('',*,*,#7091,.F.);
#7098 = CYLINDRICAL_SURFACE('',#7099,0.5);
#7099 = AXIS2_PLACEMENT_3D('',#7100,#7101,#7102);
#7100 = CARTESIAN_POINT('',(43.73,-32.13,-4.6E-02));
#7101 = DIRECTION('',(-0.,-0.,-1.));
#7102 = DIRECTION('',(-0.,-1.,0.));
#7103 = ADVANCED_FACE('',(#7104),#7115,.F.);
#7104 = FACE_BOUND('',#7105,.T.);
#7105 = EDGE_LOOP('',(#7106,#7107,#7113,#7114));
#7106 = ORIENTED_EDGE('',*,*,#1240,.T.);
#7107 = ORIENTED_EDGE('',*,*,#7108,.T.);
#7108 = EDGE_CURVE('',#1241,#3868,#7109,.T.);
#7109 = LINE('',#7110,#7111);
#7110 = CARTESIAN_POINT('',(46.27,-32.63,-4.6E-02));
#7111 = VECTOR('',#7112,1.);
#7112 = DIRECTION('',(0.,0.,1.));
#7113 = ORIENTED_EDGE('',*,*,#3867,.F.);
#7114 = ORIENTED_EDGE('',*,*,#7108,.F.);
#7115 = CYLINDRICAL_SURFACE('',#7116,0.5);
#7116 = AXIS2_PLACEMENT_3D('',#7117,#7118,#7119);
#7117 = CARTESIAN_POINT('',(46.27,-32.13,-4.6E-02));
#7118 = DIRECTION('',(-0.,-0.,-1.));
#7119 = DIRECTION('',(-0.,-1.,0.));
#7120 = ADVANCED_FACE('',(#7121),#7132,.F.);
#7121 = FACE_BOUND('',#7122,.T.);
#7122 = EDGE_LOOP('',(#7123,#7124,#7130,#7131));
#7123 = ORIENTED_EDGE('',*,*,#1251,.T.);
#7124 = ORIENTED_EDGE('',*,*,#7125,.T.);
#7125 = EDGE_CURVE('',#1252,#3879,#7126,.T.);
#7126 = LINE('',#7127,#7128);
#7127 = CARTESIAN_POINT('',(48.81,-32.63,-4.6E-02));
#7128 = VECTOR('',#7129,1.);
#7129 = DIRECTION('',(0.,0.,1.));
#7130 = ORIENTED_EDGE('',*,*,#3878,.F.);
#7131 = ORIENTED_EDGE('',*,*,#7125,.F.);
#7132 = CYLINDRICAL_SURFACE('',#7133,0.5);
#7133 = AXIS2_PLACEMENT_3D('',#7134,#7135,#7136);
#7134 = CARTESIAN_POINT('',(48.81,-32.13,-4.6E-02));
#7135 = DIRECTION('',(-0.,-0.,-1.));
#7136 = DIRECTION('',(-0.,-1.,0.));
#7137 = ADVANCED_FACE('',(#7138),#7149,.F.);
#7138 = FACE_BOUND('',#7139,.T.);
#7139 = EDGE_LOOP('',(#7140,#7141,#7147,#7148));
#7140 = ORIENTED_EDGE('',*,*,#1262,.T.);
#7141 = ORIENTED_EDGE('',*,*,#7142,.T.);
#7142 = EDGE_CURVE('',#1263,#3890,#7143,.T.);
#7143 = LINE('',#7144,#7145);
#7144 = CARTESIAN_POINT('',(51.35,-32.63,-4.6E-02));
#7145 = VECTOR('',#7146,1.);
#7146 = DIRECTION('',(0.,0.,1.));
#7147 = ORIENTED_EDGE('',*,*,#3889,.F.);
#7148 = ORIENTED_EDGE('',*,*,#7142,.F.);
#7149 = CYLINDRICAL_SURFACE('',#7150,0.5);
#7150 = AXIS2_PLACEMENT_3D('',#7151,#7152,#7153);
#7151 = CARTESIAN_POINT('',(51.35,-32.13,-4.6E-02));
#7152 = DIRECTION('',(-0.,-0.,-1.));
#7153 = DIRECTION('',(-0.,-1.,0.));
#7154 = ADVANCED_FACE('',(#7155),#7166,.F.);
#7155 = FACE_BOUND('',#7156,.T.);
#7156 = EDGE_LOOP('',(#7157,#7158,#7164,#7165));
#7157 = ORIENTED_EDGE('',*,*,#1273,.T.);
#7158 = ORIENTED_EDGE('',*,*,#7159,.T.);
#7159 = EDGE_CURVE('',#1274,#3901,#7160,.T.);
#7160 = LINE('',#7161,#7162);
#7161 = CARTESIAN_POINT('',(43.73,-30.09,-4.6E-02));
#7162 = VECTOR('',#7163,1.);
#7163 = DIRECTION('',(0.,0.,1.));
#7164 = ORIENTED_EDGE('',*,*,#3900,.F.);
#7165 = ORIENTED_EDGE('',*,*,#7159,.F.);
#7166 = CYLINDRICAL_SURFACE('',#7167,0.5);
#7167 = AXIS2_PLACEMENT_3D('',#7168,#7169,#7170);
#7168 = CARTESIAN_POINT('',(43.73,-29.59,-4.6E-02));
#7169 = DIRECTION('',(-0.,-0.,-1.));
#7170 = DIRECTION('',(-0.,-1.,0.));
#7171 = ADVANCED_FACE('',(#7172),#7183,.F.);
#7172 = FACE_BOUND('',#7173,.T.);
#7173 = EDGE_LOOP('',(#7174,#7175,#7181,#7182));
#7174 = ORIENTED_EDGE('',*,*,#1284,.T.);
#7175 = ORIENTED_EDGE('',*,*,#7176,.T.);
#7176 = EDGE_CURVE('',#1285,#3912,#7177,.T.);
#7177 = LINE('',#7178,#7179);
#7178 = CARTESIAN_POINT('',(46.27,-30.09,-4.6E-02));
#7179 = VECTOR('',#7180,1.);
#7180 = DIRECTION('',(0.,0.,1.));
#7181 = ORIENTED_EDGE('',*,*,#3911,.F.);
#7182 = ORIENTED_EDGE('',*,*,#7176,.F.);
#7183 = CYLINDRICAL_SURFACE('',#7184,0.5);
#7184 = AXIS2_PLACEMENT_3D('',#7185,#7186,#7187);
#7185 = CARTESIAN_POINT('',(46.27,-29.59,-4.6E-02));
#7186 = DIRECTION('',(-0.,-0.,-1.));
#7187 = DIRECTION('',(-0.,-1.,0.));
#7188 = ADVANCED_FACE('',(#7189),#7200,.F.);
#7189 = FACE_BOUND('',#7190,.T.);
#7190 = EDGE_LOOP('',(#7191,#7192,#7198,#7199));
#7191 = ORIENTED_EDGE('',*,*,#1295,.T.);
#7192 = ORIENTED_EDGE('',*,*,#7193,.T.);
#7193 = EDGE_CURVE('',#1296,#3923,#7194,.T.);
#7194 = LINE('',#7195,#7196);
#7195 = CARTESIAN_POINT('',(48.81,-30.09,-4.6E-02));
#7196 = VECTOR('',#7197,1.);
#7197 = DIRECTION('',(0.,0.,1.));
#7198 = ORIENTED_EDGE('',*,*,#3922,.F.);
#7199 = ORIENTED_EDGE('',*,*,#7193,.F.);
#7200 = CYLINDRICAL_SURFACE('',#7201,0.5);
#7201 = AXIS2_PLACEMENT_3D('',#7202,#7203,#7204);
#7202 = CARTESIAN_POINT('',(48.81,-29.59,-4.6E-02));
#7203 = DIRECTION('',(-0.,-0.,-1.));
#7204 = DIRECTION('',(-0.,-1.,0.));
#7205 = ADVANCED_FACE('',(#7206),#7217,.F.);
#7206 = FACE_BOUND('',#7207,.T.);
#7207 = EDGE_LOOP('',(#7208,#7209,#7215,#7216));
#7208 = ORIENTED_EDGE('',*,*,#1306,.T.);
#7209 = ORIENTED_EDGE('',*,*,#7210,.T.);
#7210 = EDGE_CURVE('',#1307,#3934,#7211,.T.);
#7211 = LINE('',#7212,#7213);
#7212 = CARTESIAN_POINT('',(51.35,-30.09,-4.6E-02));
#7213 = VECTOR('',#7214,1.);
#7214 = DIRECTION('',(0.,0.,1.));
#7215 = ORIENTED_EDGE('',*,*,#3933,.F.);
#7216 = ORIENTED_EDGE('',*,*,#7210,.F.);
#7217 = CYLINDRICAL_SURFACE('',#7218,0.5);
#7218 = AXIS2_PLACEMENT_3D('',#7219,#7220,#7221);
#7219 = CARTESIAN_POINT('',(51.35,-29.59,-4.6E-02));
#7220 = DIRECTION('',(-0.,-0.,-1.));
#7221 = DIRECTION('',(-0.,-1.,0.));
#7222 = ADVANCED_FACE('',(#7223),#7234,.F.);
#7223 = FACE_BOUND('',#7224,.T.);
#7224 = EDGE_LOOP('',(#7225,#7226,#7232,#7233));
#7225 = ORIENTED_EDGE('',*,*,#1317,.T.);
#7226 = ORIENTED_EDGE('',*,*,#7227,.T.);
#7227 = EDGE_CURVE('',#1318,#3945,#7228,.T.);
#7228 = LINE('',#7229,#7230);
#7229 = CARTESIAN_POINT('',(53.89,-32.63,-4.6E-02));
#7230 = VECTOR('',#7231,1.);
#7231 = DIRECTION('',(0.,0.,1.));
#7232 = ORIENTED_EDGE('',*,*,#3944,.F.);
#7233 = ORIENTED_EDGE('',*,*,#7227,.F.);
#7234 = CYLINDRICAL_SURFACE('',#7235,0.5);
#7235 = AXIS2_PLACEMENT_3D('',#7236,#7237,#7238);
#7236 = CARTESIAN_POINT('',(53.89,-32.13,-4.6E-02));
#7237 = DIRECTION('',(-0.,-0.,-1.));
#7238 = DIRECTION('',(-0.,-1.,0.));
#7239 = ADVANCED_FACE('',(#7240),#7251,.F.);
#7240 = FACE_BOUND('',#7241,.T.);
#7241 = EDGE_LOOP('',(#7242,#7243,#7249,#7250));
#7242 = ORIENTED_EDGE('',*,*,#1328,.T.);
#7243 = ORIENTED_EDGE('',*,*,#7244,.T.);
#7244 = EDGE_CURVE('',#1329,#3956,#7245,.T.);
#7245 = LINE('',#7246,#7247);
#7246 = CARTESIAN_POINT('',(56.43,-32.63,-4.6E-02));
#7247 = VECTOR('',#7248,1.);
#7248 = DIRECTION('',(0.,0.,1.));
#7249 = ORIENTED_EDGE('',*,*,#3955,.F.);
#7250 = ORIENTED_EDGE('',*,*,#7244,.F.);
#7251 = CYLINDRICAL_SURFACE('',#7252,0.5);
#7252 = AXIS2_PLACEMENT_3D('',#7253,#7254,#7255);
#7253 = CARTESIAN_POINT('',(56.43,-32.13,-4.6E-02));
#7254 = DIRECTION('',(-0.,-0.,-1.));
#7255 = DIRECTION('',(-0.,-1.,0.));
#7256 = ADVANCED_FACE('',(#7257),#7268,.F.);
#7257 = FACE_BOUND('',#7258,.T.);
#7258 = EDGE_LOOP('',(#7259,#7260,#7266,#7267));
#7259 = ORIENTED_EDGE('',*,*,#1339,.T.);
#7260 = ORIENTED_EDGE('',*,*,#7261,.T.);
#7261 = EDGE_CURVE('',#1340,#3967,#7262,.T.);
#7262 = LINE('',#7263,#7264);
#7263 = CARTESIAN_POINT('',(53.89,-30.09,-4.6E-02));
#7264 = VECTOR('',#7265,1.);
#7265 = DIRECTION('',(0.,0.,1.));
#7266 = ORIENTED_EDGE('',*,*,#3966,.F.);
#7267 = ORIENTED_EDGE('',*,*,#7261,.F.);
#7268 = CYLINDRICAL_SURFACE('',#7269,0.5);
#7269 = AXIS2_PLACEMENT_3D('',#7270,#7271,#7272);
#7270 = CARTESIAN_POINT('',(53.89,-29.59,-4.6E-02));
#7271 = DIRECTION('',(-0.,-0.,-1.));
#7272 = DIRECTION('',(-0.,-1.,0.));
#7273 = ADVANCED_FACE('',(#7274),#7285,.F.);
#7274 = FACE_BOUND('',#7275,.T.);
#7275 = EDGE_LOOP('',(#7276,#7277,#7283,#7284));
#7276 = ORIENTED_EDGE('',*,*,#1350,.T.);
#7277 = ORIENTED_EDGE('',*,*,#7278,.T.);
#7278 = EDGE_CURVE('',#1351,#3978,#7279,.T.);
#7279 = LINE('',#7280,#7281);
#7280 = CARTESIAN_POINT('',(56.43,-30.09,-4.6E-02));
#7281 = VECTOR('',#7282,1.);
#7282 = DIRECTION('',(0.,0.,1.));
#7283 = ORIENTED_EDGE('',*,*,#3977,.F.);
#7284 = ORIENTED_EDGE('',*,*,#7278,.F.);
#7285 = CYLINDRICAL_SURFACE('',#7286,0.5);
#7286 = AXIS2_PLACEMENT_3D('',#7287,#7288,#7289);
#7287 = CARTESIAN_POINT('',(56.43,-29.59,-4.6E-02));
#7288 = DIRECTION('',(-0.,-0.,-1.));
#7289 = DIRECTION('',(-0.,-1.,0.));
#7290 = ADVANCED_FACE('',(#7291),#7302,.F.);
#7291 = FACE_BOUND('',#7292,.T.);
#7292 = EDGE_LOOP('',(#7293,#7294,#7300,#7301));
#7293 = ORIENTED_EDGE('',*,*,#1361,.T.);
#7294 = ORIENTED_EDGE('',*,*,#7295,.T.);
#7295 = EDGE_CURVE('',#1362,#3989,#7296,.T.);
#7296 = LINE('',#7297,#7298);
#7297 = CARTESIAN_POINT('',(68.12,-37.75,-4.6E-02));
#7298 = VECTOR('',#7299,1.);
#7299 = DIRECTION('',(0.,0.,1.));
#7300 = ORIENTED_EDGE('',*,*,#3988,.F.);
#7301 = ORIENTED_EDGE('',*,*,#7295,.F.);
#7302 = CYLINDRICAL_SURFACE('',#7303,0.55);
#7303 = AXIS2_PLACEMENT_3D('',#7304,#7305,#7306);
#7304 = CARTESIAN_POINT('',(68.12,-37.2,-4.6E-02));
#7305 = DIRECTION('',(-0.,-0.,-1.));
#7306 = DIRECTION('',(-0.,-1.,0.));
#7307 = ADVANCED_FACE('',(#7308),#7319,.F.);
#7308 = FACE_BOUND('',#7309,.T.);
#7309 = EDGE_LOOP('',(#7310,#7311,#7317,#7318));
#7310 = ORIENTED_EDGE('',*,*,#1372,.T.);
#7311 = ORIENTED_EDGE('',*,*,#7312,.T.);
#7312 = EDGE_CURVE('',#1373,#4000,#7313,.T.);
#7313 = LINE('',#7314,#7315);
#7314 = CARTESIAN_POINT('',(76.,-38.6,-4.6E-02));
#7315 = VECTOR('',#7316,1.);
#7316 = DIRECTION('',(0.,0.,1.));
#7317 = ORIENTED_EDGE('',*,*,#3999,.F.);
#7318 = ORIENTED_EDGE('',*,*,#7312,.F.);
#7319 = CYLINDRICAL_SURFACE('',#7320,0.4);
#7320 = AXIS2_PLACEMENT_3D('',#7321,#7322,#7323);
#7321 = CARTESIAN_POINT('',(76.,-38.2,-4.6E-02));
#7322 = DIRECTION('',(-0.,-0.,-1.));
#7323 = DIRECTION('',(-0.,-1.,0.));
#7324 = ADVANCED_FACE('',(#7325),#7336,.F.);
#7325 = FACE_BOUND('',#7326,.T.);
#7326 = EDGE_LOOP('',(#7327,#7328,#7334,#7335));
#7327 = ORIENTED_EDGE('',*,*,#1383,.T.);
#7328 = ORIENTED_EDGE('',*,*,#7329,.T.);
#7329 = EDGE_CURVE('',#1384,#4011,#7330,.T.);
#7330 = LINE('',#7331,#7332);
#7331 = CARTESIAN_POINT('',(76.,-36.6,-4.6E-02));
#7332 = VECTOR('',#7333,1.);
#7333 = DIRECTION('',(0.,0.,1.));
#7334 = ORIENTED_EDGE('',*,*,#4010,.F.);
#7335 = ORIENTED_EDGE('',*,*,#7329,.F.);
#7336 = CYLINDRICAL_SURFACE('',#7337,0.4);
#7337 = AXIS2_PLACEMENT_3D('',#7338,#7339,#7340);
#7338 = CARTESIAN_POINT('',(76.,-36.2,-4.6E-02));
#7339 = DIRECTION('',(-0.,-0.,-1.));
#7340 = DIRECTION('',(-0.,-1.,0.));
#7341 = ADVANCED_FACE('',(#7342),#7353,.F.);
#7342 = FACE_BOUND('',#7343,.T.);
#7343 = EDGE_LOOP('',(#7344,#7345,#7351,#7352));
#7344 = ORIENTED_EDGE('',*,*,#1394,.T.);
#7345 = ORIENTED_EDGE('',*,*,#7346,.T.);
#7346 = EDGE_CURVE('',#1395,#4022,#7347,.T.);
#7347 = LINE('',#7348,#7349);
#7348 = CARTESIAN_POINT('',(64.,-32.76,-4.6E-02));
#7349 = VECTOR('',#7350,1.);
#7350 = DIRECTION('',(0.,0.,1.));
#7351 = ORIENTED_EDGE('',*,*,#4021,.F.);
#7352 = ORIENTED_EDGE('',*,*,#7346,.F.);
#7353 = CYLINDRICAL_SURFACE('',#7354,0.4);
#7354 = AXIS2_PLACEMENT_3D('',#7355,#7356,#7357);
#7355 = CARTESIAN_POINT('',(64.,-32.36,-4.6E-02));
#7356 = DIRECTION('',(-0.,-0.,-1.));
#7357 = DIRECTION('',(-0.,-1.,0.));
#7358 = ADVANCED_FACE('',(#7359),#7370,.F.);
#7359 = FACE_BOUND('',#7360,.T.);
#7360 = EDGE_LOOP('',(#7361,#7362,#7368,#7369));
#7361 = ORIENTED_EDGE('',*,*,#1405,.T.);
#7362 = ORIENTED_EDGE('',*,*,#7363,.T.);
#7363 = EDGE_CURVE('',#1406,#4033,#7364,.T.);
#7364 = LINE('',#7365,#7366);
#7365 = CARTESIAN_POINT('',(71.62,-32.76,-4.6E-02));
#7366 = VECTOR('',#7367,1.);
#7367 = DIRECTION('',(0.,0.,1.));
#7368 = ORIENTED_EDGE('',*,*,#4032,.F.);
#7369 = ORIENTED_EDGE('',*,*,#7363,.F.);
#7370 = CYLINDRICAL_SURFACE('',#7371,0.4);
#7371 = AXIS2_PLACEMENT_3D('',#7372,#7373,#7374);
#7372 = CARTESIAN_POINT('',(71.62,-32.36,-4.6E-02));
#7373 = DIRECTION('',(-0.,-0.,-1.));
#7374 = DIRECTION('',(-0.,-1.,0.));
#7375 = ADVANCED_FACE('',(#7376),#7387,.F.);
#7376 = FACE_BOUND('',#7377,.T.);
#7377 = EDGE_LOOP('',(#7378,#7379,#7385,#7386));
#7378 = ORIENTED_EDGE('',*,*,#1416,.T.);
#7379 = ORIENTED_EDGE('',*,*,#7380,.T.);
#7380 = EDGE_CURVE('',#1417,#4044,#7381,.T.);
#7381 = LINE('',#7382,#7383);
#7382 = CARTESIAN_POINT('',(64.,-30.22,-4.6E-02));
#7383 = VECTOR('',#7384,1.);
#7384 = DIRECTION('',(0.,0.,1.));
#7385 = ORIENTED_EDGE('',*,*,#4043,.F.);
#7386 = ORIENTED_EDGE('',*,*,#7380,.F.);
#7387 = CYLINDRICAL_SURFACE('',#7388,0.4);
#7388 = AXIS2_PLACEMENT_3D('',#7389,#7390,#7391);
#7389 = CARTESIAN_POINT('',(64.,-29.82,-4.6E-02));
#7390 = DIRECTION('',(-0.,-0.,-1.));
#7391 = DIRECTION('',(-0.,-1.,0.));
#7392 = ADVANCED_FACE('',(#7393),#7404,.F.);
#7393 = FACE_BOUND('',#7394,.T.);
#7394 = EDGE_LOOP('',(#7395,#7396,#7402,#7403));
#7395 = ORIENTED_EDGE('',*,*,#1427,.T.);
#7396 = ORIENTED_EDGE('',*,*,#7397,.T.);
#7397 = EDGE_CURVE('',#1428,#4055,#7398,.T.);
#7398 = LINE('',#7399,#7400);
#7399 = CARTESIAN_POINT('',(71.62,-30.22,-4.6E-02));
#7400 = VECTOR('',#7401,1.);
#7401 = DIRECTION('',(0.,0.,1.));
#7402 = ORIENTED_EDGE('',*,*,#4054,.F.);
#7403 = ORIENTED_EDGE('',*,*,#7397,.F.);
#7404 = CYLINDRICAL_SURFACE('',#7405,0.4);
#7405 = AXIS2_PLACEMENT_3D('',#7406,#7407,#7408);
#7406 = CARTESIAN_POINT('',(71.62,-29.82,-4.6E-02));
#7407 = DIRECTION('',(-0.,-0.,-1.));
#7408 = DIRECTION('',(-0.,-1.,0.));
#7409 = ADVANCED_FACE('',(#7410),#7421,.F.);
#7410 = FACE_BOUND('',#7411,.T.);
#7411 = EDGE_LOOP('',(#7412,#7413,#7419,#7420));
#7412 = ORIENTED_EDGE('',*,*,#1438,.T.);
#7413 = ORIENTED_EDGE('',*,*,#7414,.T.);
#7414 = EDGE_CURVE('',#1439,#4066,#7415,.T.);
#7415 = LINE('',#7416,#7417);
#7416 = CARTESIAN_POINT('',(2.,-27.8,-4.6E-02));
#7417 = VECTOR('',#7418,1.);
#7418 = DIRECTION('',(0.,0.,1.));
#7419 = ORIENTED_EDGE('',*,*,#4065,.F.);
#7420 = ORIENTED_EDGE('',*,*,#7414,.F.);
#7421 = CYLINDRICAL_SURFACE('',#7422,0.4);
#7422 = AXIS2_PLACEMENT_3D('',#7423,#7424,#7425);
#7423 = CARTESIAN_POINT('',(2.,-27.4,-4.6E-02));
#7424 = DIRECTION('',(-0.,-0.,-1.));
#7425 = DIRECTION('',(-0.,-1.,0.));
#7426 = ADVANCED_FACE('',(#7427),#7438,.F.);
#7427 = FACE_BOUND('',#7428,.T.);
#7428 = EDGE_LOOP('',(#7429,#7430,#7436,#7437));
#7429 = ORIENTED_EDGE('',*,*,#1449,.T.);
#7430 = ORIENTED_EDGE('',*,*,#7431,.T.);
#7431 = EDGE_CURVE('',#1450,#4077,#7432,.T.);
#7432 = LINE('',#7433,#7434);
#7433 = CARTESIAN_POINT('',(9.62,-27.8,-4.6E-02));
#7434 = VECTOR('',#7435,1.);
#7435 = DIRECTION('',(0.,0.,1.));
#7436 = ORIENTED_EDGE('',*,*,#4076,.F.);
#7437 = ORIENTED_EDGE('',*,*,#7431,.F.);
#7438 = CYLINDRICAL_SURFACE('',#7439,0.4);
#7439 = AXIS2_PLACEMENT_3D('',#7440,#7441,#7442);
#7440 = CARTESIAN_POINT('',(9.62,-27.4,-4.6E-02));
#7441 = DIRECTION('',(-0.,-0.,-1.));
#7442 = DIRECTION('',(-4.440892098501E-15,-1.,0.));
#7443 = ADVANCED_FACE('',(#7444),#7455,.F.);
#7444 = FACE_BOUND('',#7445,.T.);
#7445 = EDGE_LOOP('',(#7446,#7447,#7453,#7454));
#7446 = ORIENTED_EDGE('',*,*,#1460,.T.);
#7447 = ORIENTED_EDGE('',*,*,#7448,.T.);
#7448 = EDGE_CURVE('',#1461,#4088,#7449,.T.);
#7449 = LINE('',#7450,#7451);
#7450 = CARTESIAN_POINT('',(2.,-24.6,-4.6E-02));
#7451 = VECTOR('',#7452,1.);
#7452 = DIRECTION('',(0.,0.,1.));
#7453 = ORIENTED_EDGE('',*,*,#4087,.F.);
#7454 = ORIENTED_EDGE('',*,*,#7448,.F.);
#7455 = CYLINDRICAL_SURFACE('',#7456,0.4);
#7456 = AXIS2_PLACEMENT_3D('',#7457,#7458,#7459);
#7457 = CARTESIAN_POINT('',(2.,-24.2,-4.6E-02));
#7458 = DIRECTION('',(-0.,-0.,-1.));
#7459 = DIRECTION('',(-0.,-1.,0.));
#7460 = ADVANCED_FACE('',(#7461),#7472,.F.);
#7461 = FACE_BOUND('',#7462,.T.);
#7462 = EDGE_LOOP('',(#7463,#7464,#7470,#7471));
#7463 = ORIENTED_EDGE('',*,*,#1471,.T.);
#7464 = ORIENTED_EDGE('',*,*,#7465,.T.);
#7465 = EDGE_CURVE('',#1472,#4099,#7466,.T.);
#7466 = LINE('',#7467,#7468);
#7467 = CARTESIAN_POINT('',(9.62,-24.6,-4.6E-02));
#7468 = VECTOR('',#7469,1.);
#7469 = DIRECTION('',(0.,0.,1.));
#7470 = ORIENTED_EDGE('',*,*,#4098,.F.);
#7471 = ORIENTED_EDGE('',*,*,#7465,.F.);
#7472 = CYLINDRICAL_SURFACE('',#7473,0.4);
#7473 = AXIS2_PLACEMENT_3D('',#7474,#7475,#7476);
#7474 = CARTESIAN_POINT('',(9.62,-24.2,-4.6E-02));
#7475 = DIRECTION('',(-0.,-0.,-1.));
#7476 = DIRECTION('',(-4.440892098501E-15,-1.,0.));
#7477 = ADVANCED_FACE('',(#7478),#7489,.F.);
#7478 = FACE_BOUND('',#7479,.T.);
#7479 = EDGE_LOOP('',(#7480,#7481,#7487,#7488));
#7480 = ORIENTED_EDGE('',*,*,#1482,.T.);
#7481 = ORIENTED_EDGE('',*,*,#7482,.T.);
#7482 = EDGE_CURVE('',#1483,#4110,#7483,.T.);
#7483 = LINE('',#7484,#7485);
#7484 = CARTESIAN_POINT('',(13.5,-26.1,-4.6E-02));
#7485 = VECTOR('',#7486,1.);
#7486 = DIRECTION('',(0.,0.,1.));
#7487 = ORIENTED_EDGE('',*,*,#4109,.F.);
#7488 = ORIENTED_EDGE('',*,*,#7482,.F.);
#7489 = CYLINDRICAL_SURFACE('',#7490,0.4);
#7490 = AXIS2_PLACEMENT_3D('',#7491,#7492,#7493);
#7491 = CARTESIAN_POINT('',(13.5,-25.7,-4.6E-02));
#7492 = DIRECTION('',(-0.,-0.,-1.));
#7493 = DIRECTION('',(-0.,-1.,0.));
#7494 = ADVANCED_FACE('',(#7495),#7506,.F.);
#7495 = FACE_BOUND('',#7496,.T.);
#7496 = EDGE_LOOP('',(#7497,#7498,#7504,#7505));
#7497 = ORIENTED_EDGE('',*,*,#1493,.T.);
#7498 = ORIENTED_EDGE('',*,*,#7499,.T.);
#7499 = EDGE_CURVE('',#1494,#4121,#7500,.T.);
#7500 = LINE('',#7501,#7502);
#7501 = CARTESIAN_POINT('',(21.12,-26.1,-4.6E-02));
#7502 = VECTOR('',#7503,1.);
#7503 = DIRECTION('',(0.,0.,1.));
#7504 = ORIENTED_EDGE('',*,*,#4120,.F.);
#7505 = ORIENTED_EDGE('',*,*,#7499,.F.);
#7506 = CYLINDRICAL_SURFACE('',#7507,0.4);
#7507 = AXIS2_PLACEMENT_3D('',#7508,#7509,#7510);
#7508 = CARTESIAN_POINT('',(21.12,-25.7,-4.6E-02));
#7509 = DIRECTION('',(-0.,0.,-1.));
#7510 = DIRECTION('',(8.881784197001E-15,-1.,-0.));
#7511 = ADVANCED_FACE('',(#7512),#7523,.F.);
#7512 = FACE_BOUND('',#7513,.T.);
#7513 = EDGE_LOOP('',(#7514,#7515,#7521,#7522));
#7514 = ORIENTED_EDGE('',*,*,#1504,.T.);
#7515 = ORIENTED_EDGE('',*,*,#7516,.T.);
#7516 = EDGE_CURVE('',#1505,#4132,#7517,.T.);
#7517 = LINE('',#7518,#7519);
#7518 = CARTESIAN_POINT('',(13.5,-22.9,-4.6E-02));
#7519 = VECTOR('',#7520,1.);
#7520 = DIRECTION('',(0.,0.,1.));
#7521 = ORIENTED_EDGE('',*,*,#4131,.F.);
#7522 = ORIENTED_EDGE('',*,*,#7516,.F.);
#7523 = CYLINDRICAL_SURFACE('',#7524,0.4);
#7524 = AXIS2_PLACEMENT_3D('',#7525,#7526,#7527);
#7525 = CARTESIAN_POINT('',(13.5,-22.5,-4.6E-02));
#7526 = DIRECTION('',(-0.,-0.,-1.));
#7527 = DIRECTION('',(-0.,-1.,0.));
#7528 = ADVANCED_FACE('',(#7529),#7540,.F.);
#7529 = FACE_BOUND('',#7530,.T.);
#7530 = EDGE_LOOP('',(#7531,#7532,#7538,#7539));
#7531 = ORIENTED_EDGE('',*,*,#1515,.T.);
#7532 = ORIENTED_EDGE('',*,*,#7533,.T.);
#7533 = EDGE_CURVE('',#1516,#4143,#7534,.T.);
#7534 = LINE('',#7535,#7536);
#7535 = CARTESIAN_POINT('',(21.12,-22.9,-4.6E-02));
#7536 = VECTOR('',#7537,1.);
#7537 = DIRECTION('',(0.,0.,1.));
#7538 = ORIENTED_EDGE('',*,*,#4142,.F.);
#7539 = ORIENTED_EDGE('',*,*,#7533,.F.);
#7540 = CYLINDRICAL_SURFACE('',#7541,0.4);
#7541 = AXIS2_PLACEMENT_3D('',#7542,#7543,#7544);
#7542 = CARTESIAN_POINT('',(21.12,-22.5,-4.6E-02));
#7543 = DIRECTION('',(-0.,0.,-1.));
#7544 = DIRECTION('',(8.881784197001E-15,-1.,-0.));
#7545 = ADVANCED_FACE('',(#7546),#7557,.F.);
#7546 = FACE_BOUND('',#7547,.T.);
#7547 = EDGE_LOOP('',(#7548,#7549,#7555,#7556));
#7548 = ORIENTED_EDGE('',*,*,#1526,.T.);
#7549 = ORIENTED_EDGE('',*,*,#7550,.T.);
#7550 = EDGE_CURVE('',#1527,#4154,#7551,.T.);
#7551 = LINE('',#7552,#7553);
#7552 = CARTESIAN_POINT('',(2.,-21.4,-4.6E-02));
#7553 = VECTOR('',#7554,1.);
#7554 = DIRECTION('',(0.,0.,1.));
#7555 = ORIENTED_EDGE('',*,*,#4153,.F.);
#7556 = ORIENTED_EDGE('',*,*,#7550,.F.);
#7557 = CYLINDRICAL_SURFACE('',#7558,0.4);
#7558 = AXIS2_PLACEMENT_3D('',#7559,#7560,#7561);
#7559 = CARTESIAN_POINT('',(2.,-21.,-4.6E-02));
#7560 = DIRECTION('',(-0.,-0.,-1.));
#7561 = DIRECTION('',(-0.,-1.,0.));
#7562 = ADVANCED_FACE('',(#7563),#7574,.F.);
#7563 = FACE_BOUND('',#7564,.T.);
#7564 = EDGE_LOOP('',(#7565,#7566,#7572,#7573));
#7565 = ORIENTED_EDGE('',*,*,#1537,.T.);
#7566 = ORIENTED_EDGE('',*,*,#7567,.T.);
#7567 = EDGE_CURVE('',#1538,#4165,#7568,.T.);
#7568 = LINE('',#7569,#7570);
#7569 = CARTESIAN_POINT('',(9.62,-21.4,-4.6E-02));
#7570 = VECTOR('',#7571,1.);
#7571 = DIRECTION('',(0.,0.,1.));
#7572 = ORIENTED_EDGE('',*,*,#4164,.F.);
#7573 = ORIENTED_EDGE('',*,*,#7567,.F.);
#7574 = CYLINDRICAL_SURFACE('',#7575,0.4);
#7575 = AXIS2_PLACEMENT_3D('',#7576,#7577,#7578);
#7576 = CARTESIAN_POINT('',(9.62,-21.,-4.6E-02));
#7577 = DIRECTION('',(-0.,-0.,-1.));
#7578 = DIRECTION('',(-4.440892098501E-15,-1.,0.));
#7579 = ADVANCED_FACE('',(#7580),#7596,.F.);
#7580 = FACE_BOUND('',#7581,.T.);
#7581 = EDGE_LOOP('',(#7582,#7583,#7589,#7590));
#7582 = ORIENTED_EDGE('',*,*,#1548,.T.);
#7583 = ORIENTED_EDGE('',*,*,#7584,.T.);
#7584 = EDGE_CURVE('',#1551,#4178,#7585,.T.);
#7585 = LINE('',#7586,#7587);
#7586 = CARTESIAN_POINT('',(6.4,-17.1,-4.6E-02));
#7587 = VECTOR('',#7588,1.);
#7588 = DIRECTION('',(0.,0.,1.));
#7589 = ORIENTED_EDGE('',*,*,#4175,.F.);
#7590 = ORIENTED_EDGE('',*,*,#7591,.F.);
#7591 = EDGE_CURVE('',#1549,#4176,#7592,.T.);
#7592 = LINE('',#7593,#7594);
#7593 = CARTESIAN_POINT('',(6.4,-16.6,-4.6E-02));
#7594 = VECTOR('',#7595,1.);
#7595 = DIRECTION('',(0.,0.,1.));
#7596 = CYLINDRICAL_SURFACE('',#7597,0.25);
#7597 = AXIS2_PLACEMENT_3D('',#7598,#7599,#7600);
#7598 = CARTESIAN_POINT('',(6.4,-16.85,-4.6E-02));
#7599 = DIRECTION('',(-0.,-0.,-1.));
#7600 = DIRECTION('',(-0.,-1.,0.));
#7601 = ADVANCED_FACE('',(#7602),#7613,.T.);
#7602 = FACE_BOUND('',#7603,.T.);
#7603 = EDGE_LOOP('',(#7604,#7605,#7606,#7607));
#7604 = ORIENTED_EDGE('',*,*,#1576,.T.);
#7605 = ORIENTED_EDGE('',*,*,#7591,.T.);
#7606 = ORIENTED_EDGE('',*,*,#4203,.F.);
#7607 = ORIENTED_EDGE('',*,*,#7608,.F.);
#7608 = EDGE_CURVE('',#1568,#4195,#7609,.T.);
#7609 = LINE('',#7610,#7611);
#7610 = CARTESIAN_POINT('',(5.4,-16.6,-4.6E-02));
#7611 = VECTOR('',#7612,1.);
#7612 = DIRECTION('',(0.,0.,1.));
#7613 = PLANE('',#7614);
#7614 = AXIS2_PLACEMENT_3D('',#7615,#7616,#7617);
#7615 = CARTESIAN_POINT('',(6.4,-16.6,-4.6E-02));
#7616 = DIRECTION('',(0.,-1.,0.));
#7617 = DIRECTION('',(-1.,0.,0.));
#7618 = ADVANCED_FACE('',(#7619),#7630,.F.);
#7619 = FACE_BOUND('',#7620,.T.);
#7620 = EDGE_LOOP('',(#7621,#7622,#7623,#7624));
#7621 = ORIENTED_EDGE('',*,*,#1567,.T.);
#7622 = ORIENTED_EDGE('',*,*,#7608,.T.);
#7623 = ORIENTED_EDGE('',*,*,#4194,.F.);
#7624 = ORIENTED_EDGE('',*,*,#7625,.F.);
#7625 = EDGE_CURVE('',#1560,#4187,#7626,.T.);
#7626 = LINE('',#7627,#7628);
#7627 = CARTESIAN_POINT('',(5.4,-17.1,-4.6E-02));
#7628 = VECTOR('',#7629,1.);
#7629 = DIRECTION('',(0.,0.,1.));
#7630 = CYLINDRICAL_SURFACE('',#7631,0.25);
#7631 = AXIS2_PLACEMENT_3D('',#7632,#7633,#7634);
#7632 = CARTESIAN_POINT('',(5.4,-16.85,-4.6E-02));
#7633 = DIRECTION('',(-0.,0.,-1.));
#7634 = DIRECTION('',(0.,1.,0.));
#7635 = ADVANCED_FACE('',(#7636),#7642,.T.);
#7636 = FACE_BOUND('',#7637,.T.);
#7637 = EDGE_LOOP('',(#7638,#7639,#7640,#7641));
#7638 = ORIENTED_EDGE('',*,*,#1559,.T.);
#7639 = ORIENTED_EDGE('',*,*,#7625,.T.);
#7640 = ORIENTED_EDGE('',*,*,#4186,.F.);
#7641 = ORIENTED_EDGE('',*,*,#7584,.F.);
#7642 = PLANE('',#7643);
#7643 = AXIS2_PLACEMENT_3D('',#7644,#7645,#7646);
#7644 = CARTESIAN_POINT('',(5.4,-17.1,-4.6E-02));
#7645 = DIRECTION('',(0.,1.,0.));
#7646 = DIRECTION('',(1.,0.,0.));
#7647 = ADVANCED_FACE('',(#7648),#7659,.F.);
#7648 = FACE_BOUND('',#7649,.T.);
#7649 = EDGE_LOOP('',(#7650,#7651,#7657,#7658));
#7650 = ORIENTED_EDGE('',*,*,#1584,.T.);
#7651 = ORIENTED_EDGE('',*,*,#7652,.T.);
#7652 = EDGE_CURVE('',#1585,#4212,#7653,.T.);
#7653 = LINE('',#7654,#7655);
#7654 = CARTESIAN_POINT('',(18.,-19.55,-4.6E-02));
#7655 = VECTOR('',#7656,1.);
#7656 = DIRECTION('',(0.,0.,1.));
#7657 = ORIENTED_EDGE('',*,*,#4211,.F.);
#7658 = ORIENTED_EDGE('',*,*,#7652,.F.);
#7659 = CYLINDRICAL_SURFACE('',#7660,0.55);
#7660 = AXIS2_PLACEMENT_3D('',#7661,#7662,#7663);
#7661 = CARTESIAN_POINT('',(18.,-19.,-4.6E-02));
#7662 = DIRECTION('',(-0.,-0.,-1.));
#7663 = DIRECTION('',(-0.,-1.,0.));
#7664 = ADVANCED_FACE('',(#7665),#7681,.F.);
#7665 = FACE_BOUND('',#7666,.T.);
#7666 = EDGE_LOOP('',(#7667,#7668,#7674,#7675));
#7667 = ORIENTED_EDGE('',*,*,#1595,.T.);
#7668 = ORIENTED_EDGE('',*,*,#7669,.T.);
#7669 = EDGE_CURVE('',#1598,#4225,#7670,.T.);
#7670 = LINE('',#7671,#7672);
#7671 = CARTESIAN_POINT('',(12.9,-16.7,-4.6E-02));
#7672 = VECTOR('',#7673,1.);
#7673 = DIRECTION('',(0.,0.,1.));
#7674 = ORIENTED_EDGE('',*,*,#4222,.F.);
#7675 = ORIENTED_EDGE('',*,*,#7676,.F.);
#7676 = EDGE_CURVE('',#1596,#4223,#7677,.T.);
#7677 = LINE('',#7678,#7679);
#7678 = CARTESIAN_POINT('',(13.7,-16.7,-4.6E-02));
#7679 = VECTOR('',#7680,1.);
#7680 = DIRECTION('',(0.,0.,1.));
#7681 = CYLINDRICAL_SURFACE('',#7682,0.4);
#7682 = AXIS2_PLACEMENT_3D('',#7683,#7684,#7685);
#7683 = CARTESIAN_POINT('',(13.3,-16.7,-4.6E-02));
#7684 = DIRECTION('',(-0.,-0.,-1.));
#7685 = DIRECTION('',(-1.,0.,-0.));
#7686 = ADVANCED_FACE('',(#7687),#7698,.T.);
#7687 = FACE_BOUND('',#7688,.T.);
#7688 = EDGE_LOOP('',(#7689,#7690,#7691,#7692));
#7689 = ORIENTED_EDGE('',*,*,#1623,.T.);
#7690 = ORIENTED_EDGE('',*,*,#7676,.T.);
#7691 = ORIENTED_EDGE('',*,*,#4250,.F.);
#7692 = ORIENTED_EDGE('',*,*,#7693,.F.);
#7693 = EDGE_CURVE('',#1615,#4242,#7694,.T.);
#7694 = LINE('',#7695,#7696);
#7695 = CARTESIAN_POINT('',(13.7,-16.,-4.6E-02));
#7696 = VECTOR('',#7697,1.);
#7697 = DIRECTION('',(0.,0.,1.));
#7698 = PLANE('',#7699);
#7699 = AXIS2_PLACEMENT_3D('',#7700,#7701,#7702);
#7700 = CARTESIAN_POINT('',(13.7,-16.7,-4.6E-02));
#7701 = DIRECTION('',(-1.,0.,0.));
#7702 = DIRECTION('',(0.,1.,0.));
#7703 = ADVANCED_FACE('',(#7704),#7715,.F.);
#7704 = FACE_BOUND('',#7705,.T.);
#7705 = EDGE_LOOP('',(#7706,#7707,#7708,#7709));
#7706 = ORIENTED_EDGE('',*,*,#1614,.T.);
#7707 = ORIENTED_EDGE('',*,*,#7693,.T.);
#7708 = ORIENTED_EDGE('',*,*,#4241,.F.);
#7709 = ORIENTED_EDGE('',*,*,#7710,.F.);
#7710 = EDGE_CURVE('',#1607,#4234,#7711,.T.);
#7711 = LINE('',#7712,#7713);
#7712 = CARTESIAN_POINT('',(12.9,-16.,-4.6E-02));
#7713 = VECTOR('',#7714,1.);
#7714 = DIRECTION('',(0.,0.,1.));
#7715 = CYLINDRICAL_SURFACE('',#7716,0.4);
#7716 = AXIS2_PLACEMENT_3D('',#7717,#7718,#7719);
#7717 = CARTESIAN_POINT('',(13.3,-16.,-4.6E-02));
#7718 = DIRECTION('',(-0.,-0.,-1.));
#7719 = DIRECTION('',(1.,0.,-0.));
#7720 = ADVANCED_FACE('',(#7721),#7727,.T.);
#7721 = FACE_BOUND('',#7722,.T.);
#7722 = EDGE_LOOP('',(#7723,#7724,#7725,#7726));
#7723 = ORIENTED_EDGE('',*,*,#1606,.T.);
#7724 = ORIENTED_EDGE('',*,*,#7710,.T.);
#7725 = ORIENTED_EDGE('',*,*,#4233,.F.);
#7726 = ORIENTED_EDGE('',*,*,#7669,.F.);
#7727 = PLANE('',#7728);
#7728 = AXIS2_PLACEMENT_3D('',#7729,#7730,#7731);
#7729 = CARTESIAN_POINT('',(12.9,-16.,-4.6E-02));
#7730 = DIRECTION('',(1.,0.,-0.));
#7731 = DIRECTION('',(0.,-1.,0.));
#7732 = ADVANCED_FACE('',(#7733),#7744,.F.);
#7733 = FACE_BOUND('',#7734,.T.);
#7734 = EDGE_LOOP('',(#7735,#7736,#7742,#7743));
#7735 = ORIENTED_EDGE('',*,*,#1631,.T.);
#7736 = ORIENTED_EDGE('',*,*,#7737,.T.);
#7737 = EDGE_CURVE('',#1632,#4259,#7738,.T.);
#7738 = LINE('',#7739,#7740);
#7739 = CARTESIAN_POINT('',(27.1,-24.4,-4.6E-02));
#7740 = VECTOR('',#7741,1.);
#7741 = DIRECTION('',(0.,0.,1.));
#7742 = ORIENTED_EDGE('',*,*,#4258,.F.);
#7743 = ORIENTED_EDGE('',*,*,#7737,.F.);
#7744 = CYLINDRICAL_SURFACE('',#7745,0.6);
#7745 = AXIS2_PLACEMENT_3D('',#7746,#7747,#7748);
#7746 = CARTESIAN_POINT('',(27.1,-23.8,-4.6E-02));
#7747 = DIRECTION('',(-0.,-0.,-1.));
#7748 = DIRECTION('',(-0.,-1.,0.));
#7749 = ADVANCED_FACE('',(#7750),#7761,.F.);
#7750 = FACE_BOUND('',#7751,.T.);
#7751 = EDGE_LOOP('',(#7752,#7753,#7759,#7760));
#7752 = ORIENTED_EDGE('',*,*,#1642,.T.);
#7753 = ORIENTED_EDGE('',*,*,#7754,.T.);
#7754 = EDGE_CURVE('',#1643,#4270,#7755,.T.);
#7755 = LINE('',#7756,#7757);
#7756 = CARTESIAN_POINT('',(33.57,-27.55,-4.6E-02));
#7757 = VECTOR('',#7758,1.);
#7758 = DIRECTION('',(0.,0.,1.));
#7759 = ORIENTED_EDGE('',*,*,#4269,.F.);
#7760 = ORIENTED_EDGE('',*,*,#7754,.F.);
#7761 = CYLINDRICAL_SURFACE('',#7762,0.5);
#7762 = AXIS2_PLACEMENT_3D('',#7763,#7764,#7765);
#7763 = CARTESIAN_POINT('',(33.57,-27.05,-4.6E-02));
#7764 = DIRECTION('',(-0.,-0.,-1.));
#7765 = DIRECTION('',(-0.,-1.,0.));
#7766 = ADVANCED_FACE('',(#7767),#7778,.F.);
#7767 = FACE_BOUND('',#7768,.T.);
#7768 = EDGE_LOOP('',(#7769,#7770,#7776,#7777));
#7769 = ORIENTED_EDGE('',*,*,#1653,.T.);
#7770 = ORIENTED_EDGE('',*,*,#7771,.T.);
#7771 = EDGE_CURVE('',#1654,#4281,#7772,.T.);
#7772 = LINE('',#7773,#7774);
#7773 = CARTESIAN_POINT('',(36.11,-27.55,-4.6E-02));
#7774 = VECTOR('',#7775,1.);
#7775 = DIRECTION('',(0.,0.,1.));
#7776 = ORIENTED_EDGE('',*,*,#4280,.F.);
#7777 = ORIENTED_EDGE('',*,*,#7771,.F.);
#7778 = CYLINDRICAL_SURFACE('',#7779,0.5);
#7779 = AXIS2_PLACEMENT_3D('',#7780,#7781,#7782);
#7780 = CARTESIAN_POINT('',(36.11,-27.05,-4.6E-02));
#7781 = DIRECTION('',(-0.,-0.,-1.));
#7782 = DIRECTION('',(-0.,-1.,0.));
#7783 = ADVANCED_FACE('',(#7784),#7795,.F.);
#7784 = FACE_BOUND('',#7785,.T.);
#7785 = EDGE_LOOP('',(#7786,#7787,#7793,#7794));
#7786 = ORIENTED_EDGE('',*,*,#1664,.T.);
#7787 = ORIENTED_EDGE('',*,*,#7788,.T.);
#7788 = EDGE_CURVE('',#1665,#4292,#7789,.T.);
#7789 = LINE('',#7790,#7791);
#7790 = CARTESIAN_POINT('',(33.57,-25.01,-4.6E-02));
#7791 = VECTOR('',#7792,1.);
#7792 = DIRECTION('',(0.,0.,1.));
#7793 = ORIENTED_EDGE('',*,*,#4291,.F.);
#7794 = ORIENTED_EDGE('',*,*,#7788,.F.);
#7795 = CYLINDRICAL_SURFACE('',#7796,0.5);
#7796 = AXIS2_PLACEMENT_3D('',#7797,#7798,#7799);
#7797 = CARTESIAN_POINT('',(33.57,-24.51,-4.6E-02));
#7798 = DIRECTION('',(-0.,-0.,-1.));
#7799 = DIRECTION('',(-0.,-1.,0.));
#7800 = ADVANCED_FACE('',(#7801),#7812,.F.);
#7801 = FACE_BOUND('',#7802,.T.);
#7802 = EDGE_LOOP('',(#7803,#7804,#7810,#7811));
#7803 = ORIENTED_EDGE('',*,*,#1675,.T.);
#7804 = ORIENTED_EDGE('',*,*,#7805,.T.);
#7805 = EDGE_CURVE('',#1676,#4303,#7806,.T.);
#7806 = LINE('',#7807,#7808);
#7807 = CARTESIAN_POINT('',(36.11,-25.01,-4.6E-02));
#7808 = VECTOR('',#7809,1.);
#7809 = DIRECTION('',(0.,0.,1.));
#7810 = ORIENTED_EDGE('',*,*,#4302,.F.);
#7811 = ORIENTED_EDGE('',*,*,#7805,.F.);
#7812 = CYLINDRICAL_SURFACE('',#7813,0.5);
#7813 = AXIS2_PLACEMENT_3D('',#7814,#7815,#7816);
#7814 = CARTESIAN_POINT('',(36.11,-24.51,-4.6E-02));
#7815 = DIRECTION('',(-0.,-0.,-1.));
#7816 = DIRECTION('',(-0.,-1.,0.));
#7817 = ADVANCED_FACE('',(#7818),#7829,.F.);
#7818 = FACE_BOUND('',#7819,.T.);
#7819 = EDGE_LOOP('',(#7820,#7821,#7827,#7828));
#7820 = ORIENTED_EDGE('',*,*,#1686,.T.);
#7821 = ORIENTED_EDGE('',*,*,#7822,.T.);
#7822 = EDGE_CURVE('',#1687,#4314,#7823,.T.);
#7823 = LINE('',#7824,#7825);
#7824 = CARTESIAN_POINT('',(33.57,-22.47,-4.6E-02));
#7825 = VECTOR('',#7826,1.);
#7826 = DIRECTION('',(0.,0.,1.));
#7827 = ORIENTED_EDGE('',*,*,#4313,.F.);
#7828 = ORIENTED_EDGE('',*,*,#7822,.F.);
#7829 = CYLINDRICAL_SURFACE('',#7830,0.5);
#7830 = AXIS2_PLACEMENT_3D('',#7831,#7832,#7833);
#7831 = CARTESIAN_POINT('',(33.57,-21.97,-4.6E-02));
#7832 = DIRECTION('',(-0.,-0.,-1.));
#7833 = DIRECTION('',(-0.,-1.,0.));
#7834 = ADVANCED_FACE('',(#7835),#7846,.F.);
#7835 = FACE_BOUND('',#7836,.T.);
#7836 = EDGE_LOOP('',(#7837,#7838,#7844,#7845));
#7837 = ORIENTED_EDGE('',*,*,#1697,.T.);
#7838 = ORIENTED_EDGE('',*,*,#7839,.T.);
#7839 = EDGE_CURVE('',#1698,#4325,#7840,.T.);
#7840 = LINE('',#7841,#7842);
#7841 = CARTESIAN_POINT('',(36.11,-22.47,-4.6E-02));
#7842 = VECTOR('',#7843,1.);
#7843 = DIRECTION('',(0.,0.,1.));
#7844 = ORIENTED_EDGE('',*,*,#4324,.F.);
#7845 = ORIENTED_EDGE('',*,*,#7839,.F.);
#7846 = CYLINDRICAL_SURFACE('',#7847,0.5);
#7847 = AXIS2_PLACEMENT_3D('',#7848,#7849,#7850);
#7848 = CARTESIAN_POINT('',(36.11,-21.97,-4.6E-02));
#7849 = DIRECTION('',(-0.,-0.,-1.));
#7850 = DIRECTION('',(-0.,-1.,0.));
#7851 = ADVANCED_FACE('',(#7852),#7863,.F.);
#7852 = FACE_BOUND('',#7853,.T.);
#7853 = EDGE_LOOP('',(#7854,#7855,#7861,#7862));
#7854 = ORIENTED_EDGE('',*,*,#1708,.T.);
#7855 = ORIENTED_EDGE('',*,*,#7856,.T.);
#7856 = EDGE_CURVE('',#1709,#4336,#7857,.T.);
#7857 = LINE('',#7858,#7859);
#7858 = CARTESIAN_POINT('',(24.5,-19.55,-4.6E-02));
#7859 = VECTOR('',#7860,1.);
#7860 = DIRECTION('',(0.,0.,1.));
#7861 = ORIENTED_EDGE('',*,*,#4335,.F.);
#7862 = ORIENTED_EDGE('',*,*,#7856,.F.);
#7863 = CYLINDRICAL_SURFACE('',#7864,0.55);
#7864 = AXIS2_PLACEMENT_3D('',#7865,#7866,#7867);
#7865 = CARTESIAN_POINT('',(24.5,-19.,-4.6E-02));
#7866 = DIRECTION('',(-0.,-0.,-1.));
#7867 = DIRECTION('',(-0.,-1.,0.));
#7868 = ADVANCED_FACE('',(#7869),#7880,.F.);
#7869 = FACE_BOUND('',#7870,.T.);
#7870 = EDGE_LOOP('',(#7871,#7872,#7878,#7879));
#7871 = ORIENTED_EDGE('',*,*,#1719,.T.);
#7872 = ORIENTED_EDGE('',*,*,#7873,.T.);
#7873 = EDGE_CURVE('',#1720,#4347,#7874,.T.);
#7874 = LINE('',#7875,#7876);
#7875 = CARTESIAN_POINT('',(33.57,-19.93,-4.6E-02));
#7876 = VECTOR('',#7877,1.);
#7877 = DIRECTION('',(0.,0.,1.));
#7878 = ORIENTED_EDGE('',*,*,#4346,.F.);
#7879 = ORIENTED_EDGE('',*,*,#7873,.F.);
#7880 = CYLINDRICAL_SURFACE('',#7881,0.5);
#7881 = AXIS2_PLACEMENT_3D('',#7882,#7883,#7884);
#7882 = CARTESIAN_POINT('',(33.57,-19.43,-4.6E-02));
#7883 = DIRECTION('',(-0.,-0.,-1.));
#7884 = DIRECTION('',(-0.,-1.,0.));
#7885 = ADVANCED_FACE('',(#7886),#7897,.F.);
#7886 = FACE_BOUND('',#7887,.T.);
#7887 = EDGE_LOOP('',(#7888,#7889,#7895,#7896));
#7888 = ORIENTED_EDGE('',*,*,#1730,.T.);
#7889 = ORIENTED_EDGE('',*,*,#7890,.T.);
#7890 = EDGE_CURVE('',#1731,#4358,#7891,.T.);
#7891 = LINE('',#7892,#7893);
#7892 = CARTESIAN_POINT('',(36.11,-19.93,-4.6E-02));
#7893 = VECTOR('',#7894,1.);
#7894 = DIRECTION('',(0.,0.,1.));
#7895 = ORIENTED_EDGE('',*,*,#4357,.F.);
#7896 = ORIENTED_EDGE('',*,*,#7890,.F.);
#7897 = CYLINDRICAL_SURFACE('',#7898,0.5);
#7898 = AXIS2_PLACEMENT_3D('',#7899,#7900,#7901);
#7899 = CARTESIAN_POINT('',(36.11,-19.43,-4.6E-02));
#7900 = DIRECTION('',(-0.,-0.,-1.));
#7901 = DIRECTION('',(-0.,-1.,0.));
#7902 = ADVANCED_FACE('',(#7903),#7914,.F.);
#7903 = FACE_BOUND('',#7904,.T.);
#7904 = EDGE_LOOP('',(#7905,#7906,#7912,#7913));
#7905 = ORIENTED_EDGE('',*,*,#1741,.T.);
#7906 = ORIENTED_EDGE('',*,*,#7907,.T.);
#7907 = EDGE_CURVE('',#1742,#4369,#7908,.T.);
#7908 = LINE('',#7909,#7910);
#7909 = CARTESIAN_POINT('',(33.57,-17.39,-4.6E-02));
#7910 = VECTOR('',#7911,1.);
#7911 = DIRECTION('',(0.,0.,1.));
#7912 = ORIENTED_EDGE('',*,*,#4368,.F.);
#7913 = ORIENTED_EDGE('',*,*,#7907,.F.);
#7914 = CYLINDRICAL_SURFACE('',#7915,0.5);
#7915 = AXIS2_PLACEMENT_3D('',#7916,#7917,#7918);
#7916 = CARTESIAN_POINT('',(33.57,-16.89,-4.6E-02));
#7917 = DIRECTION('',(-0.,-0.,-1.));
#7918 = DIRECTION('',(-0.,-1.,0.));
#7919 = ADVANCED_FACE('',(#7920),#7931,.F.);
#7920 = FACE_BOUND('',#7921,.T.);
#7921 = EDGE_LOOP('',(#7922,#7923,#7929,#7930));
#7922 = ORIENTED_EDGE('',*,*,#1752,.T.);
#7923 = ORIENTED_EDGE('',*,*,#7924,.T.);
#7924 = EDGE_CURVE('',#1753,#4380,#7925,.T.);
#7925 = LINE('',#7926,#7927);
#7926 = CARTESIAN_POINT('',(36.11,-17.39,-4.6E-02));
#7927 = VECTOR('',#7928,1.);
#7928 = DIRECTION('',(0.,0.,1.));
#7929 = ORIENTED_EDGE('',*,*,#4379,.F.);
#7930 = ORIENTED_EDGE('',*,*,#7924,.F.);
#7931 = CYLINDRICAL_SURFACE('',#7932,0.5);
#7932 = AXIS2_PLACEMENT_3D('',#7933,#7934,#7935);
#7933 = CARTESIAN_POINT('',(36.11,-16.89,-4.6E-02));
#7934 = DIRECTION('',(-0.,-0.,-1.));
#7935 = DIRECTION('',(-0.,-1.,0.));
#7936 = ADVANCED_FACE('',(#7937),#7953,.F.);
#7937 = FACE_BOUND('',#7938,.T.);
#7938 = EDGE_LOOP('',(#7939,#7940,#7946,#7947));
#7939 = ORIENTED_EDGE('',*,*,#1763,.T.);
#7940 = ORIENTED_EDGE('',*,*,#7941,.T.);
#7941 = EDGE_CURVE('',#1766,#4393,#7942,.T.);
#7942 = LINE('',#7943,#7944);
#7943 = CARTESIAN_POINT('',(1.5,-12.7,-4.6E-02));
#7944 = VECTOR('',#7945,1.);
#7945 = DIRECTION('',(0.,0.,1.));
#7946 = ORIENTED_EDGE('',*,*,#4390,.F.);
#7947 = ORIENTED_EDGE('',*,*,#7948,.F.);
#7948 = EDGE_CURVE('',#1764,#4391,#7949,.T.);
#7949 = LINE('',#7950,#7951);
#7950 = CARTESIAN_POINT('',(2.3,-12.7,-4.6E-02));
#7951 = VECTOR('',#7952,1.);
#7952 = DIRECTION('',(0.,0.,1.));
#7953 = CYLINDRICAL_SURFACE('',#7954,0.4);
#7954 = AXIS2_PLACEMENT_3D('',#7955,#7956,#7957);
#7955 = CARTESIAN_POINT('',(1.9,-12.7,-4.6E-02));
#7956 = DIRECTION('',(-0.,-0.,-1.));
#7957 = DIRECTION('',(-1.,0.,-0.));
#7958 = ADVANCED_FACE('',(#7959),#7970,.T.);
#7959 = FACE_BOUND('',#7960,.T.);
#7960 = EDGE_LOOP('',(#7961,#7962,#7963,#7964));
#7961 = ORIENTED_EDGE('',*,*,#1791,.T.);
#7962 = ORIENTED_EDGE('',*,*,#7948,.T.);
#7963 = ORIENTED_EDGE('',*,*,#4418,.F.);
#7964 = ORIENTED_EDGE('',*,*,#7965,.F.);
#7965 = EDGE_CURVE('',#1783,#4410,#7966,.T.);
#7966 = LINE('',#7967,#7968);
#7967 = CARTESIAN_POINT('',(2.3,-12.,-4.6E-02));
#7968 = VECTOR('',#7969,1.);
#7969 = DIRECTION('',(0.,0.,1.));
#7970 = PLANE('',#7971);
#7971 = AXIS2_PLACEMENT_3D('',#7972,#7973,#7974);
#7972 = CARTESIAN_POINT('',(2.3,-12.7,-4.6E-02));
#7973 = DIRECTION('',(-1.,0.,0.));
#7974 = DIRECTION('',(0.,1.,0.));
#7975 = ADVANCED_FACE('',(#7976),#7987,.F.);
#7976 = FACE_BOUND('',#7977,.T.);
#7977 = EDGE_LOOP('',(#7978,#7979,#7980,#7981));
#7978 = ORIENTED_EDGE('',*,*,#1782,.T.);
#7979 = ORIENTED_EDGE('',*,*,#7965,.T.);
#7980 = ORIENTED_EDGE('',*,*,#4409,.F.);
#7981 = ORIENTED_EDGE('',*,*,#7982,.F.);
#7982 = EDGE_CURVE('',#1775,#4402,#7983,.T.);
#7983 = LINE('',#7984,#7985);
#7984 = CARTESIAN_POINT('',(1.5,-12.,-4.6E-02));
#7985 = VECTOR('',#7986,1.);
#7986 = DIRECTION('',(0.,0.,1.));
#7987 = CYLINDRICAL_SURFACE('',#7988,0.4);
#7988 = AXIS2_PLACEMENT_3D('',#7989,#7990,#7991);
#7989 = CARTESIAN_POINT('',(1.9,-12.,-4.6E-02));
#7990 = DIRECTION('',(-0.,-0.,-1.));
#7991 = DIRECTION('',(1.,0.,-0.));
#7992 = ADVANCED_FACE('',(#7993),#7999,.T.);
#7993 = FACE_BOUND('',#7994,.T.);
#7994 = EDGE_LOOP('',(#7995,#7996,#7997,#7998));
#7995 = ORIENTED_EDGE('',*,*,#1774,.T.);
#7996 = ORIENTED_EDGE('',*,*,#7982,.T.);
#7997 = ORIENTED_EDGE('',*,*,#4401,.F.);
#7998 = ORIENTED_EDGE('',*,*,#7941,.F.);
#7999 = PLANE('',#8000);
#8000 = AXIS2_PLACEMENT_3D('',#8001,#8002,#8003);
#8001 = CARTESIAN_POINT('',(1.5,-12.,-4.6E-02));
#8002 = DIRECTION('',(1.,0.,-0.));
#8003 = DIRECTION('',(0.,-1.,0.));
#8004 = ADVANCED_FACE('',(#8005),#8021,.F.);
#8005 = FACE_BOUND('',#8006,.T.);
#8006 = EDGE_LOOP('',(#8007,#8008,#8014,#8015));
#8007 = ORIENTED_EDGE('',*,*,#1799,.T.);
#8008 = ORIENTED_EDGE('',*,*,#8009,.T.);
#8009 = EDGE_CURVE('',#1802,#4429,#8010,.T.);
#8010 = LINE('',#8011,#8012);
#8011 = CARTESIAN_POINT('',(9.25,-10.25,-4.6E-02));
#8012 = VECTOR('',#8013,1.);
#8013 = DIRECTION('',(0.,0.,1.));
#8014 = ORIENTED_EDGE('',*,*,#4426,.F.);
#8015 = ORIENTED_EDGE('',*,*,#8016,.F.);
#8016 = EDGE_CURVE('',#1800,#4427,#8017,.T.);
#8017 = LINE('',#8018,#8019);
#8018 = CARTESIAN_POINT('',(9.25,-9.45,-4.6E-02));
#8019 = VECTOR('',#8020,1.);
#8020 = DIRECTION('',(0.,0.,1.));
#8021 = CYLINDRICAL_SURFACE('',#8022,0.4);
#8022 = AXIS2_PLACEMENT_3D('',#8023,#8024,#8025);
#8023 = CARTESIAN_POINT('',(9.25,-9.85,-4.6E-02));
#8024 = DIRECTION('',(-0.,0.,-1.));
#8025 = DIRECTION('',(4.440892098501E-15,-1.,-0.));
#8026 = ADVANCED_FACE('',(#8027),#8038,.T.);
#8027 = FACE_BOUND('',#8028,.T.);
#8028 = EDGE_LOOP('',(#8029,#8030,#8031,#8032));
#8029 = ORIENTED_EDGE('',*,*,#1827,.T.);
#8030 = ORIENTED_EDGE('',*,*,#8016,.T.);
#8031 = ORIENTED_EDGE('',*,*,#4454,.F.);
#8032 = ORIENTED_EDGE('',*,*,#8033,.F.);
#8033 = EDGE_CURVE('',#1819,#4446,#8034,.T.);
#8034 = LINE('',#8035,#8036);
#8035 = CARTESIAN_POINT('',(8.55,-9.45,-4.6E-02));
#8036 = VECTOR('',#8037,1.);
#8037 = DIRECTION('',(0.,0.,1.));
#8038 = PLANE('',#8039);
#8039 = AXIS2_PLACEMENT_3D('',#8040,#8041,#8042);
#8040 = CARTESIAN_POINT('',(9.25,-9.45,-4.6E-02));
#8041 = DIRECTION('',(0.,-1.,0.));
#8042 = DIRECTION('',(-1.,0.,0.));
#8043 = ADVANCED_FACE('',(#8044),#8055,.F.);
#8044 = FACE_BOUND('',#8045,.T.);
#8045 = EDGE_LOOP('',(#8046,#8047,#8048,#8049));
#8046 = ORIENTED_EDGE('',*,*,#1818,.T.);
#8047 = ORIENTED_EDGE('',*,*,#8033,.T.);
#8048 = ORIENTED_EDGE('',*,*,#4445,.F.);
#8049 = ORIENTED_EDGE('',*,*,#8050,.F.);
#8050 = EDGE_CURVE('',#1811,#4438,#8051,.T.);
#8051 = LINE('',#8052,#8053);
#8052 = CARTESIAN_POINT('',(8.55,-10.25,-4.6E-02));
#8053 = VECTOR('',#8054,1.);
#8054 = DIRECTION('',(0.,0.,1.));
#8055 = CYLINDRICAL_SURFACE('',#8056,0.4);
#8056 = AXIS2_PLACEMENT_3D('',#8057,#8058,#8059);
#8057 = CARTESIAN_POINT('',(8.55,-9.85,-4.6E-02));
#8058 = DIRECTION('',(-0.,-0.,-1.));
#8059 = DIRECTION('',(-4.440892098501E-15,1.,0.));
#8060 = ADVANCED_FACE('',(#8061),#8067,.T.);
#8061 = FACE_BOUND('',#8062,.T.);
#8062 = EDGE_LOOP('',(#8063,#8064,#8065,#8066));
#8063 = ORIENTED_EDGE('',*,*,#1810,.T.);
#8064 = ORIENTED_EDGE('',*,*,#8050,.T.);
#8065 = ORIENTED_EDGE('',*,*,#4437,.F.);
#8066 = ORIENTED_EDGE('',*,*,#8009,.F.);
#8067 = PLANE('',#8068);
#8068 = AXIS2_PLACEMENT_3D('',#8069,#8070,#8071);
#8069 = CARTESIAN_POINT('',(8.55,-10.25,-4.6E-02));
#8070 = DIRECTION('',(0.,1.,0.));
#8071 = DIRECTION('',(1.,0.,0.));
#8072 = ADVANCED_FACE('',(#8073),#8084,.F.);
#8073 = FACE_BOUND('',#8074,.T.);
#8074 = EDGE_LOOP('',(#8075,#8076,#8082,#8083));
#8075 = ORIENTED_EDGE('',*,*,#1835,.T.);
#8076 = ORIENTED_EDGE('',*,*,#8077,.T.);
#8077 = EDGE_CURVE('',#1836,#4463,#8078,.T.);
#8078 = LINE('',#8079,#8080);
#8079 = CARTESIAN_POINT('',(18.,-15.05,-4.6E-02));
#8080 = VECTOR('',#8081,1.);
#8081 = DIRECTION('',(0.,0.,1.));
#8082 = ORIENTED_EDGE('',*,*,#4462,.F.);
#8083 = ORIENTED_EDGE('',*,*,#8077,.F.);
#8084 = CYLINDRICAL_SURFACE('',#8085,0.55);
#8085 = AXIS2_PLACEMENT_3D('',#8086,#8087,#8088);
#8086 = CARTESIAN_POINT('',(18.,-14.5,-4.6E-02));
#8087 = DIRECTION('',(-0.,-0.,-1.));
#8088 = DIRECTION('',(-0.,-1.,0.));
#8089 = ADVANCED_FACE('',(#8090),#8101,.F.);
#8090 = FACE_BOUND('',#8091,.T.);
#8091 = EDGE_LOOP('',(#8092,#8093,#8099,#8100));
#8092 = ORIENTED_EDGE('',*,*,#1846,.T.);
#8093 = ORIENTED_EDGE('',*,*,#8094,.T.);
#8094 = EDGE_CURVE('',#1847,#4474,#8095,.T.);
#8095 = LINE('',#8096,#8097);
#8096 = CARTESIAN_POINT('',(18.,-11.55,-4.6E-02));
#8097 = VECTOR('',#8098,1.);
#8098 = DIRECTION('',(0.,0.,1.));
#8099 = ORIENTED_EDGE('',*,*,#4473,.F.);
#8100 = ORIENTED_EDGE('',*,*,#8094,.F.);
#8101 = CYLINDRICAL_SURFACE('',#8102,0.55);
#8102 = AXIS2_PLACEMENT_3D('',#8103,#8104,#8105);
#8103 = CARTESIAN_POINT('',(18.,-11.,-4.6E-02));
#8104 = DIRECTION('',(-0.,-0.,-1.));
#8105 = DIRECTION('',(-0.,-1.,0.));
#8106 = ADVANCED_FACE('',(#8107),#8123,.F.);
#8107 = FACE_BOUND('',#8108,.T.);
#8108 = EDGE_LOOP('',(#8109,#8110,#8116,#8117));
#8109 = ORIENTED_EDGE('',*,*,#1857,.T.);
#8110 = ORIENTED_EDGE('',*,*,#8111,.T.);
#8111 = EDGE_CURVE('',#1860,#4487,#8112,.T.);
#8112 = LINE('',#8113,#8114);
#8113 = CARTESIAN_POINT('',(10.4,-7.4,-4.6E-02));
#8114 = VECTOR('',#8115,1.);
#8115 = DIRECTION('',(0.,0.,1.));
#8116 = ORIENTED_EDGE('',*,*,#4484,.F.);
#8117 = ORIENTED_EDGE('',*,*,#8118,.F.);
#8118 = EDGE_CURVE('',#1858,#4485,#8119,.T.);
#8119 = LINE('',#8120,#8121);
#8120 = CARTESIAN_POINT('',(10.4,-6.9,-4.6E-02));
#8121 = VECTOR('',#8122,1.);
#8122 = DIRECTION('',(0.,0.,1.));
#8123 = CYLINDRICAL_SURFACE('',#8124,0.25);
#8124 = AXIS2_PLACEMENT_3D('',#8125,#8126,#8127);
#8125 = CARTESIAN_POINT('',(10.4,-7.15,-4.6E-02));
#8126 = DIRECTION('',(-0.,-0.,-1.));
#8127 = DIRECTION('',(-0.,-1.,0.));
#8128 = ADVANCED_FACE('',(#8129),#8140,.T.);
#8129 = FACE_BOUND('',#8130,.T.);
#8130 = EDGE_LOOP('',(#8131,#8132,#8133,#8134));
#8131 = ORIENTED_EDGE('',*,*,#1885,.T.);
#8132 = ORIENTED_EDGE('',*,*,#8118,.T.);
#8133 = ORIENTED_EDGE('',*,*,#4512,.F.);
#8134 = ORIENTED_EDGE('',*,*,#8135,.F.);
#8135 = EDGE_CURVE('',#1877,#4504,#8136,.T.);
#8136 = LINE('',#8137,#8138);
#8137 = CARTESIAN_POINT('',(9.4,-6.9,-4.6E-02));
#8138 = VECTOR('',#8139,1.);
#8139 = DIRECTION('',(0.,0.,1.));
#8140 = PLANE('',#8141);
#8141 = AXIS2_PLACEMENT_3D('',#8142,#8143,#8144);
#8142 = CARTESIAN_POINT('',(10.4,-6.9,-4.6E-02));
#8143 = DIRECTION('',(0.,-1.,0.));
#8144 = DIRECTION('',(-1.,0.,0.));
#8145 = ADVANCED_FACE('',(#8146),#8157,.F.);
#8146 = FACE_BOUND('',#8147,.T.);
#8147 = EDGE_LOOP('',(#8148,#8149,#8150,#8151));
#8148 = ORIENTED_EDGE('',*,*,#1876,.T.);
#8149 = ORIENTED_EDGE('',*,*,#8135,.T.);
#8150 = ORIENTED_EDGE('',*,*,#4503,.F.);
#8151 = ORIENTED_EDGE('',*,*,#8152,.F.);
#8152 = EDGE_CURVE('',#1869,#4496,#8153,.T.);
#8153 = LINE('',#8154,#8155);
#8154 = CARTESIAN_POINT('',(9.4,-7.4,-4.6E-02));
#8155 = VECTOR('',#8156,1.);
#8156 = DIRECTION('',(0.,0.,1.));
#8157 = CYLINDRICAL_SURFACE('',#8158,0.25);
#8158 = AXIS2_PLACEMENT_3D('',#8159,#8160,#8161);
#8159 = CARTESIAN_POINT('',(9.4,-7.15,-4.6E-02));
#8160 = DIRECTION('',(-0.,0.,-1.));
#8161 = DIRECTION('',(0.,1.,0.));
#8162 = ADVANCED_FACE('',(#8163),#8169,.T.);
#8163 = FACE_BOUND('',#8164,.T.);
#8164 = EDGE_LOOP('',(#8165,#8166,#8167,#8168));
#8165 = ORIENTED_EDGE('',*,*,#1868,.T.);
#8166 = ORIENTED_EDGE('',*,*,#8152,.T.);
#8167 = ORIENTED_EDGE('',*,*,#4495,.F.);
#8168 = ORIENTED_EDGE('',*,*,#8111,.F.);
#8169 = PLANE('',#8170);
#8170 = AXIS2_PLACEMENT_3D('',#8171,#8172,#8173);
#8171 = CARTESIAN_POINT('',(9.4,-7.4,-4.6E-02));
#8172 = DIRECTION('',(0.,1.,0.));
#8173 = DIRECTION('',(1.,0.,0.));
#8174 = ADVANCED_FACE('',(#8175),#8186,.F.);
#8175 = FACE_BOUND('',#8176,.T.);
#8176 = EDGE_LOOP('',(#8177,#8178,#8184,#8185));
#8177 = ORIENTED_EDGE('',*,*,#1893,.T.);
#8178 = ORIENTED_EDGE('',*,*,#8179,.T.);
#8179 = EDGE_CURVE('',#1894,#4521,#8180,.T.);
#8180 = LINE('',#8181,#8182);
#8181 = CARTESIAN_POINT('',(18.,-7.05,-4.6E-02));
#8182 = VECTOR('',#8183,1.);
#8183 = DIRECTION('',(0.,0.,1.));
#8184 = ORIENTED_EDGE('',*,*,#4520,.F.);
#8185 = ORIENTED_EDGE('',*,*,#8179,.F.);
#8186 = CYLINDRICAL_SURFACE('',#8187,0.55);
#8187 = AXIS2_PLACEMENT_3D('',#8188,#8189,#8190);
#8188 = CARTESIAN_POINT('',(18.,-6.5,-4.6E-02));
#8189 = DIRECTION('',(-0.,-0.,-1.));
#8190 = DIRECTION('',(-0.,-1.,0.));
#8191 = ADVANCED_FACE('',(#8192),#8203,.F.);
#8192 = FACE_BOUND('',#8193,.T.);
#8193 = EDGE_LOOP('',(#8194,#8195,#8201,#8202));
#8194 = ORIENTED_EDGE('',*,*,#1904,.T.);
#8195 = ORIENTED_EDGE('',*,*,#8196,.T.);
#8196 = EDGE_CURVE('',#1905,#4532,#8197,.T.);
#8197 = LINE('',#8198,#8199);
#8198 = CARTESIAN_POINT('',(24.5,-15.05,-4.6E-02));
#8199 = VECTOR('',#8200,1.);
#8200 = DIRECTION('',(0.,0.,1.));
#8201 = ORIENTED_EDGE('',*,*,#4531,.F.);
#8202 = ORIENTED_EDGE('',*,*,#8196,.F.);
#8203 = CYLINDRICAL_SURFACE('',#8204,0.55);
#8204 = AXIS2_PLACEMENT_3D('',#8205,#8206,#8207);
#8205 = CARTESIAN_POINT('',(24.5,-14.5,-4.6E-02));
#8206 = DIRECTION('',(-0.,-0.,-1.));
#8207 = DIRECTION('',(-0.,-1.,0.));
#8208 = ADVANCED_FACE('',(#8209),#8220,.F.);
#8209 = FACE_BOUND('',#8210,.T.);
#8210 = EDGE_LOOP('',(#8211,#8212,#8218,#8219));
#8211 = ORIENTED_EDGE('',*,*,#1915,.T.);
#8212 = ORIENTED_EDGE('',*,*,#8213,.T.);
#8213 = EDGE_CURVE('',#1916,#4543,#8214,.T.);
#8214 = LINE('',#8215,#8216);
#8215 = CARTESIAN_POINT('',(24.5,-11.55,-4.6E-02));
#8216 = VECTOR('',#8217,1.);
#8217 = DIRECTION('',(0.,0.,1.));
#8218 = ORIENTED_EDGE('',*,*,#4542,.F.);
#8219 = ORIENTED_EDGE('',*,*,#8213,.F.);
#8220 = CYLINDRICAL_SURFACE('',#8221,0.55);
#8221 = AXIS2_PLACEMENT_3D('',#8222,#8223,#8224);
#8222 = CARTESIAN_POINT('',(24.5,-11.,-4.6E-02));
#8223 = DIRECTION('',(-0.,-0.,-1.));
#8224 = DIRECTION('',(-0.,-1.,0.));
#8225 = ADVANCED_FACE('',(#8226),#8237,.F.);
#8226 = FACE_BOUND('',#8227,.T.);
#8227 = EDGE_LOOP('',(#8228,#8229,#8235,#8236));
#8228 = ORIENTED_EDGE('',*,*,#1926,.T.);
#8229 = ORIENTED_EDGE('',*,*,#8230,.T.);
#8230 = EDGE_CURVE('',#1927,#4554,#8231,.T.);
#8231 = LINE('',#8232,#8233);
#8232 = CARTESIAN_POINT('',(33.57,-14.85,-4.6E-02));
#8233 = VECTOR('',#8234,1.);
#8234 = DIRECTION('',(0.,0.,1.));
#8235 = ORIENTED_EDGE('',*,*,#4553,.F.);
#8236 = ORIENTED_EDGE('',*,*,#8230,.F.);
#8237 = CYLINDRICAL_SURFACE('',#8238,0.5);
#8238 = AXIS2_PLACEMENT_3D('',#8239,#8240,#8241);
#8239 = CARTESIAN_POINT('',(33.57,-14.35,-4.6E-02));
#8240 = DIRECTION('',(-0.,-0.,-1.));
#8241 = DIRECTION('',(-0.,-1.,0.));
#8242 = ADVANCED_FACE('',(#8243),#8254,.F.);
#8243 = FACE_BOUND('',#8244,.T.);
#8244 = EDGE_LOOP('',(#8245,#8246,#8252,#8253));
#8245 = ORIENTED_EDGE('',*,*,#1937,.T.);
#8246 = ORIENTED_EDGE('',*,*,#8247,.T.);
#8247 = EDGE_CURVE('',#1938,#4565,#8248,.T.);
#8248 = LINE('',#8249,#8250);
#8249 = CARTESIAN_POINT('',(36.11,-14.85,-4.6E-02));
#8250 = VECTOR('',#8251,1.);
#8251 = DIRECTION('',(0.,0.,1.));
#8252 = ORIENTED_EDGE('',*,*,#4564,.F.);
#8253 = ORIENTED_EDGE('',*,*,#8247,.F.);
#8254 = CYLINDRICAL_SURFACE('',#8255,0.5);
#8255 = AXIS2_PLACEMENT_3D('',#8256,#8257,#8258);
#8256 = CARTESIAN_POINT('',(36.11,-14.35,-4.6E-02));
#8257 = DIRECTION('',(-0.,-0.,-1.));
#8258 = DIRECTION('',(-0.,-1.,0.));
#8259 = ADVANCED_FACE('',(#8260),#8271,.F.);
#8260 = FACE_BOUND('',#8261,.T.);
#8261 = EDGE_LOOP('',(#8262,#8263,#8269,#8270));
#8262 = ORIENTED_EDGE('',*,*,#1948,.T.);
#8263 = ORIENTED_EDGE('',*,*,#8264,.T.);
#8264 = EDGE_CURVE('',#1949,#4576,#8265,.T.);
#8265 = LINE('',#8266,#8267);
#8266 = CARTESIAN_POINT('',(33.57,-12.31,-4.6E-02));
#8267 = VECTOR('',#8268,1.);
#8268 = DIRECTION('',(0.,0.,1.));
#8269 = ORIENTED_EDGE('',*,*,#4575,.F.);
#8270 = ORIENTED_EDGE('',*,*,#8264,.F.);
#8271 = CYLINDRICAL_SURFACE('',#8272,0.5);
#8272 = AXIS2_PLACEMENT_3D('',#8273,#8274,#8275);
#8273 = CARTESIAN_POINT('',(33.57,-11.81,-4.6E-02));
#8274 = DIRECTION('',(-0.,-0.,-1.));
#8275 = DIRECTION('',(-0.,-1.,0.));
#8276 = ADVANCED_FACE('',(#8277),#8288,.F.);
#8277 = FACE_BOUND('',#8278,.T.);
#8278 = EDGE_LOOP('',(#8279,#8280,#8286,#8287));
#8279 = ORIENTED_EDGE('',*,*,#1959,.T.);
#8280 = ORIENTED_EDGE('',*,*,#8281,.T.);
#8281 = EDGE_CURVE('',#1960,#4587,#8282,.T.);
#8282 = LINE('',#8283,#8284);
#8283 = CARTESIAN_POINT('',(36.11,-12.31,-4.6E-02));
#8284 = VECTOR('',#8285,1.);
#8285 = DIRECTION('',(0.,0.,1.));
#8286 = ORIENTED_EDGE('',*,*,#4586,.F.);
#8287 = ORIENTED_EDGE('',*,*,#8281,.F.);
#8288 = CYLINDRICAL_SURFACE('',#8289,0.5);
#8289 = AXIS2_PLACEMENT_3D('',#8290,#8291,#8292);
#8290 = CARTESIAN_POINT('',(36.11,-11.81,-4.6E-02));
#8291 = DIRECTION('',(-0.,-0.,-1.));
#8292 = DIRECTION('',(-0.,-1.,0.));
#8293 = ADVANCED_FACE('',(#8294),#8305,.F.);
#8294 = FACE_BOUND('',#8295,.T.);
#8295 = EDGE_LOOP('',(#8296,#8297,#8303,#8304));
#8296 = ORIENTED_EDGE('',*,*,#1970,.T.);
#8297 = ORIENTED_EDGE('',*,*,#8298,.T.);
#8298 = EDGE_CURVE('',#1971,#4598,#8299,.T.);
#8299 = LINE('',#8300,#8301);
#8300 = CARTESIAN_POINT('',(38.65,-12.31,-4.6E-02));
#8301 = VECTOR('',#8302,1.);
#8302 = DIRECTION('',(0.,0.,1.));
#8303 = ORIENTED_EDGE('',*,*,#4597,.F.);
#8304 = ORIENTED_EDGE('',*,*,#8298,.F.);
#8305 = CYLINDRICAL_SURFACE('',#8306,0.5);
#8306 = AXIS2_PLACEMENT_3D('',#8307,#8308,#8309);
#8307 = CARTESIAN_POINT('',(38.65,-11.81,-4.6E-02));
#8308 = DIRECTION('',(-0.,-0.,-1.));
#8309 = DIRECTION('',(-0.,-1.,0.));
#8310 = ADVANCED_FACE('',(#8311),#8322,.F.);
#8311 = FACE_BOUND('',#8312,.T.);
#8312 = EDGE_LOOP('',(#8313,#8314,#8320,#8321));
#8313 = ORIENTED_EDGE('',*,*,#1981,.T.);
#8314 = ORIENTED_EDGE('',*,*,#8315,.T.);
#8315 = EDGE_CURVE('',#1982,#4609,#8316,.T.);
#8316 = LINE('',#8317,#8318);
#8317 = CARTESIAN_POINT('',(41.19,-12.31,-4.6E-02));
#8318 = VECTOR('',#8319,1.);
#8319 = DIRECTION('',(0.,0.,1.));
#8320 = ORIENTED_EDGE('',*,*,#4608,.F.);
#8321 = ORIENTED_EDGE('',*,*,#8315,.F.);
#8322 = CYLINDRICAL_SURFACE('',#8323,0.5);
#8323 = AXIS2_PLACEMENT_3D('',#8324,#8325,#8326);
#8324 = CARTESIAN_POINT('',(41.19,-11.81,-4.6E-02));
#8325 = DIRECTION('',(-0.,-0.,-1.));
#8326 = DIRECTION('',(-0.,-1.,0.));
#8327 = ADVANCED_FACE('',(#8328),#8339,.F.);
#8328 = FACE_BOUND('',#8329,.T.);
#8329 = EDGE_LOOP('',(#8330,#8331,#8337,#8338));
#8330 = ORIENTED_EDGE('',*,*,#1992,.T.);
#8331 = ORIENTED_EDGE('',*,*,#8332,.T.);
#8332 = EDGE_CURVE('',#1993,#4620,#8333,.T.);
#8333 = LINE('',#8334,#8335);
#8334 = CARTESIAN_POINT('',(33.57,-9.77,-4.6E-02));
#8335 = VECTOR('',#8336,1.);
#8336 = DIRECTION('',(0.,0.,1.));
#8337 = ORIENTED_EDGE('',*,*,#4619,.F.);
#8338 = ORIENTED_EDGE('',*,*,#8332,.F.);
#8339 = CYLINDRICAL_SURFACE('',#8340,0.5);
#8340 = AXIS2_PLACEMENT_3D('',#8341,#8342,#8343);
#8341 = CARTESIAN_POINT('',(33.57,-9.27,-4.6E-02));
#8342 = DIRECTION('',(-0.,-0.,-1.));
#8343 = DIRECTION('',(-0.,-1.,0.));
#8344 = ADVANCED_FACE('',(#8345),#8356,.F.);
#8345 = FACE_BOUND('',#8346,.T.);
#8346 = EDGE_LOOP('',(#8347,#8348,#8354,#8355));
#8347 = ORIENTED_EDGE('',*,*,#2003,.T.);
#8348 = ORIENTED_EDGE('',*,*,#8349,.T.);
#8349 = EDGE_CURVE('',#2004,#4631,#8350,.T.);
#8350 = LINE('',#8351,#8352);
#8351 = CARTESIAN_POINT('',(36.11,-9.77,-4.6E-02));
#8352 = VECTOR('',#8353,1.);
#8353 = DIRECTION('',(0.,0.,1.));
#8354 = ORIENTED_EDGE('',*,*,#4630,.F.);
#8355 = ORIENTED_EDGE('',*,*,#8349,.F.);
#8356 = CYLINDRICAL_SURFACE('',#8357,0.5);
#8357 = AXIS2_PLACEMENT_3D('',#8358,#8359,#8360);
#8358 = CARTESIAN_POINT('',(36.11,-9.27,-4.6E-02));
#8359 = DIRECTION('',(-0.,-0.,-1.));
#8360 = DIRECTION('',(-0.,-1.,0.));
#8361 = ADVANCED_FACE('',(#8362),#8373,.F.);
#8362 = FACE_BOUND('',#8363,.T.);
#8363 = EDGE_LOOP('',(#8364,#8365,#8371,#8372));
#8364 = ORIENTED_EDGE('',*,*,#2014,.T.);
#8365 = ORIENTED_EDGE('',*,*,#8366,.T.);
#8366 = EDGE_CURVE('',#2015,#4642,#8367,.T.);
#8367 = LINE('',#8368,#8369);
#8368 = CARTESIAN_POINT('',(38.65,-9.77,-4.6E-02));
#8369 = VECTOR('',#8370,1.);
#8370 = DIRECTION('',(0.,0.,1.));
#8371 = ORIENTED_EDGE('',*,*,#4641,.F.);
#8372 = ORIENTED_EDGE('',*,*,#8366,.F.);
#8373 = CYLINDRICAL_SURFACE('',#8374,0.5);
#8374 = AXIS2_PLACEMENT_3D('',#8375,#8376,#8377);
#8375 = CARTESIAN_POINT('',(38.65,-9.27,-4.6E-02));
#8376 = DIRECTION('',(-0.,-0.,-1.));
#8377 = DIRECTION('',(-0.,-1.,0.));
#8378 = ADVANCED_FACE('',(#8379),#8390,.F.);
#8379 = FACE_BOUND('',#8380,.T.);
#8380 = EDGE_LOOP('',(#8381,#8382,#8388,#8389));
#8381 = ORIENTED_EDGE('',*,*,#2025,.T.);
#8382 = ORIENTED_EDGE('',*,*,#8383,.T.);
#8383 = EDGE_CURVE('',#2026,#4653,#8384,.T.);
#8384 = LINE('',#8385,#8386);
#8385 = CARTESIAN_POINT('',(41.19,-9.77,-4.6E-02));
#8386 = VECTOR('',#8387,1.);
#8387 = DIRECTION('',(0.,0.,1.));
#8388 = ORIENTED_EDGE('',*,*,#4652,.F.);
#8389 = ORIENTED_EDGE('',*,*,#8383,.F.);
#8390 = CYLINDRICAL_SURFACE('',#8391,0.5);
#8391 = AXIS2_PLACEMENT_3D('',#8392,#8393,#8394);
#8392 = CARTESIAN_POINT('',(41.19,-9.27,-4.6E-02));
#8393 = DIRECTION('',(-0.,-0.,-1.));
#8394 = DIRECTION('',(-0.,-1.,0.));
#8395 = ADVANCED_FACE('',(#8396),#8407,.F.);
#8396 = FACE_BOUND('',#8397,.T.);
#8397 = EDGE_LOOP('',(#8398,#8399,#8405,#8406));
#8398 = ORIENTED_EDGE('',*,*,#2036,.T.);
#8399 = ORIENTED_EDGE('',*,*,#8400,.T.);
#8400 = EDGE_CURVE('',#2037,#4664,#8401,.T.);
#8401 = LINE('',#8402,#8403);
#8402 = CARTESIAN_POINT('',(24.5,-7.05,-4.6E-02));
#8403 = VECTOR('',#8404,1.);
#8404 = DIRECTION('',(0.,0.,1.));
#8405 = ORIENTED_EDGE('',*,*,#4663,.F.);
#8406 = ORIENTED_EDGE('',*,*,#8400,.F.);
#8407 = CYLINDRICAL_SURFACE('',#8408,0.55);
#8408 = AXIS2_PLACEMENT_3D('',#8409,#8410,#8411);
#8409 = CARTESIAN_POINT('',(24.5,-6.5,-4.6E-02));
#8410 = DIRECTION('',(-0.,-0.,-1.));
#8411 = DIRECTION('',(-0.,-1.,0.));
#8412 = ADVANCED_FACE('',(#8413),#8424,.F.);
#8413 = FACE_BOUND('',#8414,.T.);
#8414 = EDGE_LOOP('',(#8415,#8416,#8422,#8423));
#8415 = ORIENTED_EDGE('',*,*,#2047,.T.);
#8416 = ORIENTED_EDGE('',*,*,#8417,.T.);
#8417 = EDGE_CURVE('',#2048,#4675,#8418,.T.);
#8418 = LINE('',#8419,#8420);
#8419 = CARTESIAN_POINT('',(27.5,-2.8,-4.6E-02));
#8420 = VECTOR('',#8421,1.);
#8421 = DIRECTION('',(0.,0.,1.));
#8422 = ORIENTED_EDGE('',*,*,#4674,.F.);
#8423 = ORIENTED_EDGE('',*,*,#8417,.F.);
#8424 = CYLINDRICAL_SURFACE('',#8425,0.5);
#8425 = AXIS2_PLACEMENT_3D('',#8426,#8427,#8428);
#8426 = CARTESIAN_POINT('',(27.5,-2.3,-4.6E-02));
#8427 = DIRECTION('',(-0.,-0.,-1.));
#8428 = DIRECTION('',(-0.,-1.,0.));
#8429 = ADVANCED_FACE('',(#8430),#8441,.F.);
#8430 = FACE_BOUND('',#8431,.T.);
#8431 = EDGE_LOOP('',(#8432,#8433,#8439,#8440));
#8432 = ORIENTED_EDGE('',*,*,#2058,.T.);
#8433 = ORIENTED_EDGE('',*,*,#8434,.T.);
#8434 = EDGE_CURVE('',#2059,#4686,#8435,.T.);
#8435 = LINE('',#8436,#8437);
#8436 = CARTESIAN_POINT('',(30.04,-2.8,-4.6E-02));
#8437 = VECTOR('',#8438,1.);
#8438 = DIRECTION('',(0.,0.,1.));
#8439 = ORIENTED_EDGE('',*,*,#4685,.F.);
#8440 = ORIENTED_EDGE('',*,*,#8434,.F.);
#8441 = CYLINDRICAL_SURFACE('',#8442,0.5);
#8442 = AXIS2_PLACEMENT_3D('',#8443,#8444,#8445);
#8443 = CARTESIAN_POINT('',(30.04,-2.3,-4.6E-02));
#8444 = DIRECTION('',(-0.,-0.,-1.));
#8445 = DIRECTION('',(-0.,-1.,0.));
#8446 = ADVANCED_FACE('',(#8447),#8458,.F.);
#8447 = FACE_BOUND('',#8448,.T.);
#8448 = EDGE_LOOP('',(#8449,#8450,#8456,#8457));
#8449 = ORIENTED_EDGE('',*,*,#2069,.T.);
#8450 = ORIENTED_EDGE('',*,*,#8451,.T.);
#8451 = EDGE_CURVE('',#2070,#4697,#8452,.T.);
#8452 = LINE('',#8453,#8454);
#8453 = CARTESIAN_POINT('',(32.58,-2.8,-4.6E-02));
#8454 = VECTOR('',#8455,1.);
#8455 = DIRECTION('',(0.,0.,1.));
#8456 = ORIENTED_EDGE('',*,*,#4696,.F.);
#8457 = ORIENTED_EDGE('',*,*,#8451,.F.);
#8458 = CYLINDRICAL_SURFACE('',#8459,0.5);
#8459 = AXIS2_PLACEMENT_3D('',#8460,#8461,#8462);
#8460 = CARTESIAN_POINT('',(32.58,-2.3,-4.6E-02));
#8461 = DIRECTION('',(-0.,-0.,-1.));
#8462 = DIRECTION('',(-0.,-1.,0.));
#8463 = ADVANCED_FACE('',(#8464),#8475,.F.);
#8464 = FACE_BOUND('',#8465,.T.);
#8465 = EDGE_LOOP('',(#8466,#8467,#8473,#8474));
#8466 = ORIENTED_EDGE('',*,*,#2080,.T.);
#8467 = ORIENTED_EDGE('',*,*,#8468,.T.);
#8468 = EDGE_CURVE('',#2081,#4708,#8469,.T.);
#8469 = LINE('',#8470,#8471);
#8470 = CARTESIAN_POINT('',(40.,-3.2,-4.6E-02));
#8471 = VECTOR('',#8472,1.);
#8472 = DIRECTION('',(0.,0.,1.));
#8473 = ORIENTED_EDGE('',*,*,#4707,.F.);
#8474 = ORIENTED_EDGE('',*,*,#8468,.F.);
#8475 = CYLINDRICAL_SURFACE('',#8476,0.5);
#8476 = AXIS2_PLACEMENT_3D('',#8477,#8478,#8479);
#8477 = CARTESIAN_POINT('',(40.,-2.7,-4.6E-02));
#8478 = DIRECTION('',(-0.,-0.,-1.));
#8479 = DIRECTION('',(-0.,-1.,0.));
#8480 = ADVANCED_FACE('',(#8481),#8492,.F.);
#8481 = FACE_BOUND('',#8482,.T.);
#8482 = EDGE_LOOP('',(#8483,#8484,#8490,#8491));
#8483 = ORIENTED_EDGE('',*,*,#2091,.T.);
#8484 = ORIENTED_EDGE('',*,*,#8485,.T.);
#8485 = EDGE_CURVE('',#2092,#4719,#8486,.T.);
#8486 = LINE('',#8487,#8488);
#8487 = CARTESIAN_POINT('',(53.89,-27.55,-4.6E-02));
#8488 = VECTOR('',#8489,1.);
#8489 = DIRECTION('',(0.,0.,1.));
#8490 = ORIENTED_EDGE('',*,*,#4718,.F.);
#8491 = ORIENTED_EDGE('',*,*,#8485,.F.);
#8492 = CYLINDRICAL_SURFACE('',#8493,0.5);
#8493 = AXIS2_PLACEMENT_3D('',#8494,#8495,#8496);
#8494 = CARTESIAN_POINT('',(53.89,-27.05,-4.6E-02));
#8495 = DIRECTION('',(-0.,-0.,-1.));
#8496 = DIRECTION('',(-0.,-1.,0.));
#8497 = ADVANCED_FACE('',(#8498),#8509,.F.);
#8498 = FACE_BOUND('',#8499,.T.);
#8499 = EDGE_LOOP('',(#8500,#8501,#8507,#8508));
#8500 = ORIENTED_EDGE('',*,*,#2102,.T.);
#8501 = ORIENTED_EDGE('',*,*,#8502,.T.);
#8502 = EDGE_CURVE('',#2103,#4730,#8503,.T.);
#8503 = LINE('',#8504,#8505);
#8504 = CARTESIAN_POINT('',(56.43,-27.55,-4.6E-02));
#8505 = VECTOR('',#8506,1.);
#8506 = DIRECTION('',(0.,0.,1.));
#8507 = ORIENTED_EDGE('',*,*,#4729,.F.);
#8508 = ORIENTED_EDGE('',*,*,#8502,.F.);
#8509 = CYLINDRICAL_SURFACE('',#8510,0.5);
#8510 = AXIS2_PLACEMENT_3D('',#8511,#8512,#8513);
#8511 = CARTESIAN_POINT('',(56.43,-27.05,-4.6E-02));
#8512 = DIRECTION('',(-0.,-0.,-1.));
#8513 = DIRECTION('',(-0.,-1.,0.));
#8514 = ADVANCED_FACE('',(#8515),#8526,.F.);
#8515 = FACE_BOUND('',#8516,.T.);
#8516 = EDGE_LOOP('',(#8517,#8518,#8524,#8525));
#8517 = ORIENTED_EDGE('',*,*,#2113,.T.);
#8518 = ORIENTED_EDGE('',*,*,#8519,.T.);
#8519 = EDGE_CURVE('',#2114,#4741,#8520,.T.);
#8520 = LINE('',#8521,#8522);
#8521 = CARTESIAN_POINT('',(53.89,-25.01,-4.6E-02));
#8522 = VECTOR('',#8523,1.);
#8523 = DIRECTION('',(0.,0.,1.));
#8524 = ORIENTED_EDGE('',*,*,#4740,.F.);
#8525 = ORIENTED_EDGE('',*,*,#8519,.F.);
#8526 = CYLINDRICAL_SURFACE('',#8527,0.5);
#8527 = AXIS2_PLACEMENT_3D('',#8528,#8529,#8530);
#8528 = CARTESIAN_POINT('',(53.89,-24.51,-4.6E-02));
#8529 = DIRECTION('',(-0.,-0.,-1.));
#8530 = DIRECTION('',(-0.,-1.,0.));
#8531 = ADVANCED_FACE('',(#8532),#8543,.F.);
#8532 = FACE_BOUND('',#8533,.T.);
#8533 = EDGE_LOOP('',(#8534,#8535,#8541,#8542));
#8534 = ORIENTED_EDGE('',*,*,#2124,.T.);
#8535 = ORIENTED_EDGE('',*,*,#8536,.T.);
#8536 = EDGE_CURVE('',#2125,#4752,#8537,.T.);
#8537 = LINE('',#8538,#8539);
#8538 = CARTESIAN_POINT('',(56.43,-25.01,-4.6E-02));
#8539 = VECTOR('',#8540,1.);
#8540 = DIRECTION('',(0.,0.,1.));
#8541 = ORIENTED_EDGE('',*,*,#4751,.F.);
#8542 = ORIENTED_EDGE('',*,*,#8536,.F.);
#8543 = CYLINDRICAL_SURFACE('',#8544,0.5);
#8544 = AXIS2_PLACEMENT_3D('',#8545,#8546,#8547);
#8545 = CARTESIAN_POINT('',(56.43,-24.51,-4.6E-02));
#8546 = DIRECTION('',(-0.,-0.,-1.));
#8547 = DIRECTION('',(-0.,-1.,0.));
#8548 = ADVANCED_FACE('',(#8549),#8560,.F.);
#8549 = FACE_BOUND('',#8550,.T.);
#8550 = EDGE_LOOP('',(#8551,#8552,#8558,#8559));
#8551 = ORIENTED_EDGE('',*,*,#2135,.T.);
#8552 = ORIENTED_EDGE('',*,*,#8553,.T.);
#8553 = EDGE_CURVE('',#2136,#4763,#8554,.T.);
#8554 = LINE('',#8555,#8556);
#8555 = CARTESIAN_POINT('',(53.89,-22.47,-4.6E-02));
#8556 = VECTOR('',#8557,1.);
#8557 = DIRECTION('',(0.,0.,1.));
#8558 = ORIENTED_EDGE('',*,*,#4762,.F.);
#8559 = ORIENTED_EDGE('',*,*,#8553,.F.);
#8560 = CYLINDRICAL_SURFACE('',#8561,0.5);
#8561 = AXIS2_PLACEMENT_3D('',#8562,#8563,#8564);
#8562 = CARTESIAN_POINT('',(53.89,-21.97,-4.6E-02));
#8563 = DIRECTION('',(-0.,-0.,-1.));
#8564 = DIRECTION('',(-0.,-1.,0.));
#8565 = ADVANCED_FACE('',(#8566),#8577,.F.);
#8566 = FACE_BOUND('',#8567,.T.);
#8567 = EDGE_LOOP('',(#8568,#8569,#8575,#8576));
#8568 = ORIENTED_EDGE('',*,*,#2146,.T.);
#8569 = ORIENTED_EDGE('',*,*,#8570,.T.);
#8570 = EDGE_CURVE('',#2147,#4774,#8571,.T.);
#8571 = LINE('',#8572,#8573);
#8572 = CARTESIAN_POINT('',(56.43,-22.47,-4.6E-02));
#8573 = VECTOR('',#8574,1.);
#8574 = DIRECTION('',(0.,0.,1.));
#8575 = ORIENTED_EDGE('',*,*,#4773,.F.);
#8576 = ORIENTED_EDGE('',*,*,#8570,.F.);
#8577 = CYLINDRICAL_SURFACE('',#8578,0.5);
#8578 = AXIS2_PLACEMENT_3D('',#8579,#8580,#8581);
#8579 = CARTESIAN_POINT('',(56.43,-21.97,-4.6E-02));
#8580 = DIRECTION('',(-0.,-0.,-1.));
#8581 = DIRECTION('',(-0.,-1.,0.));
#8582 = ADVANCED_FACE('',(#8583),#8594,.F.);
#8583 = FACE_BOUND('',#8584,.T.);
#8584 = EDGE_LOOP('',(#8585,#8586,#8592,#8593));
#8585 = ORIENTED_EDGE('',*,*,#2157,.T.);
#8586 = ORIENTED_EDGE('',*,*,#8587,.T.);
#8587 = EDGE_CURVE('',#2158,#4785,#8588,.T.);
#8588 = LINE('',#8589,#8590);
#8589 = CARTESIAN_POINT('',(53.89,-19.93,-4.6E-02));
#8590 = VECTOR('',#8591,1.);
#8591 = DIRECTION('',(0.,0.,1.));
#8592 = ORIENTED_EDGE('',*,*,#4784,.F.);
#8593 = ORIENTED_EDGE('',*,*,#8587,.F.);
#8594 = CYLINDRICAL_SURFACE('',#8595,0.5);
#8595 = AXIS2_PLACEMENT_3D('',#8596,#8597,#8598);
#8596 = CARTESIAN_POINT('',(53.89,-19.43,-4.6E-02));
#8597 = DIRECTION('',(-0.,-0.,-1.));
#8598 = DIRECTION('',(-0.,-1.,0.));
#8599 = ADVANCED_FACE('',(#8600),#8611,.F.);
#8600 = FACE_BOUND('',#8601,.T.);
#8601 = EDGE_LOOP('',(#8602,#8603,#8609,#8610));
#8602 = ORIENTED_EDGE('',*,*,#2168,.T.);
#8603 = ORIENTED_EDGE('',*,*,#8604,.T.);
#8604 = EDGE_CURVE('',#2169,#4796,#8605,.T.);
#8605 = LINE('',#8606,#8607);
#8606 = CARTESIAN_POINT('',(56.43,-19.93,-4.6E-02));
#8607 = VECTOR('',#8608,1.);
#8608 = DIRECTION('',(0.,0.,1.));
#8609 = ORIENTED_EDGE('',*,*,#4795,.F.);
#8610 = ORIENTED_EDGE('',*,*,#8604,.F.);
#8611 = CYLINDRICAL_SURFACE('',#8612,0.5);
#8612 = AXIS2_PLACEMENT_3D('',#8613,#8614,#8615);
#8613 = CARTESIAN_POINT('',(56.43,-19.43,-4.6E-02));
#8614 = DIRECTION('',(-0.,-0.,-1.));
#8615 = DIRECTION('',(-0.,-1.,0.));
#8616 = ADVANCED_FACE('',(#8617),#8628,.F.);
#8617 = FACE_BOUND('',#8618,.T.);
#8618 = EDGE_LOOP('',(#8619,#8620,#8626,#8627));
#8619 = ORIENTED_EDGE('',*,*,#2179,.T.);
#8620 = ORIENTED_EDGE('',*,*,#8621,.T.);
#8621 = EDGE_CURVE('',#2180,#4807,#8622,.T.);
#8622 = LINE('',#8623,#8624);
#8623 = CARTESIAN_POINT('',(53.89,-17.39,-4.6E-02));
#8624 = VECTOR('',#8625,1.);
#8625 = DIRECTION('',(0.,0.,1.));
#8626 = ORIENTED_EDGE('',*,*,#4806,.F.);
#8627 = ORIENTED_EDGE('',*,*,#8621,.F.);
#8628 = CYLINDRICAL_SURFACE('',#8629,0.5);
#8629 = AXIS2_PLACEMENT_3D('',#8630,#8631,#8632);
#8630 = CARTESIAN_POINT('',(53.89,-16.89,-4.6E-02));
#8631 = DIRECTION('',(-0.,-0.,-1.));
#8632 = DIRECTION('',(-0.,-1.,0.));
#8633 = ADVANCED_FACE('',(#8634),#8645,.F.);
#8634 = FACE_BOUND('',#8635,.T.);
#8635 = EDGE_LOOP('',(#8636,#8637,#8643,#8644));
#8636 = ORIENTED_EDGE('',*,*,#2190,.T.);
#8637 = ORIENTED_EDGE('',*,*,#8638,.T.);
#8638 = EDGE_CURVE('',#2191,#4818,#8639,.T.);
#8639 = LINE('',#8640,#8641);
#8640 = CARTESIAN_POINT('',(56.43,-17.39,-4.6E-02));
#8641 = VECTOR('',#8642,1.);
#8642 = DIRECTION('',(0.,0.,1.));
#8643 = ORIENTED_EDGE('',*,*,#4817,.F.);
#8644 = ORIENTED_EDGE('',*,*,#8638,.F.);
#8645 = CYLINDRICAL_SURFACE('',#8646,0.5);
#8646 = AXIS2_PLACEMENT_3D('',#8647,#8648,#8649);
#8647 = CARTESIAN_POINT('',(56.43,-16.89,-4.6E-02));
#8648 = DIRECTION('',(-0.,-0.,-1.));
#8649 = DIRECTION('',(-0.,-1.,0.));
#8650 = ADVANCED_FACE('',(#8651),#8662,.F.);
#8651 = FACE_BOUND('',#8652,.T.);
#8652 = EDGE_LOOP('',(#8653,#8654,#8660,#8661));
#8653 = ORIENTED_EDGE('',*,*,#2201,.T.);
#8654 = ORIENTED_EDGE('',*,*,#8655,.T.);
#8655 = EDGE_CURVE('',#2202,#4829,#8656,.T.);
#8656 = LINE('',#8657,#8658);
#8657 = CARTESIAN_POINT('',(64.,-27.68,-4.6E-02));
#8658 = VECTOR('',#8659,1.);
#8659 = DIRECTION('',(0.,0.,1.));
#8660 = ORIENTED_EDGE('',*,*,#4828,.F.);
#8661 = ORIENTED_EDGE('',*,*,#8655,.F.);
#8662 = CYLINDRICAL_SURFACE('',#8663,0.4);
#8663 = AXIS2_PLACEMENT_3D('',#8664,#8665,#8666);
#8664 = CARTESIAN_POINT('',(64.,-27.28,-4.6E-02));
#8665 = DIRECTION('',(-0.,-0.,-1.));
#8666 = DIRECTION('',(-0.,-1.,0.));
#8667 = ADVANCED_FACE('',(#8668),#8679,.F.);
#8668 = FACE_BOUND('',#8669,.T.);
#8669 = EDGE_LOOP('',(#8670,#8671,#8677,#8678));
#8670 = ORIENTED_EDGE('',*,*,#2212,.T.);
#8671 = ORIENTED_EDGE('',*,*,#8672,.T.);
#8672 = EDGE_CURVE('',#2213,#4840,#8673,.T.);
#8673 = LINE('',#8674,#8675);
#8674 = CARTESIAN_POINT('',(64.,-25.14,-4.6E-02));
#8675 = VECTOR('',#8676,1.);
#8676 = DIRECTION('',(0.,0.,1.));
#8677 = ORIENTED_EDGE('',*,*,#4839,.F.);
#8678 = ORIENTED_EDGE('',*,*,#8672,.F.);
#8679 = CYLINDRICAL_SURFACE('',#8680,0.4);
#8680 = AXIS2_PLACEMENT_3D('',#8681,#8682,#8683);
#8681 = CARTESIAN_POINT('',(64.,-24.74,-4.6E-02));
#8682 = DIRECTION('',(-0.,-0.,-1.));
#8683 = DIRECTION('',(-0.,-1.,0.));
#8684 = ADVANCED_FACE('',(#8685),#8696,.F.);
#8685 = FACE_BOUND('',#8686,.T.);
#8686 = EDGE_LOOP('',(#8687,#8688,#8694,#8695));
#8687 = ORIENTED_EDGE('',*,*,#2223,.T.);
#8688 = ORIENTED_EDGE('',*,*,#8689,.T.);
#8689 = EDGE_CURVE('',#2224,#4851,#8690,.T.);
#8690 = LINE('',#8691,#8692);
#8691 = CARTESIAN_POINT('',(71.62,-27.68,-4.6E-02));
#8692 = VECTOR('',#8693,1.);
#8693 = DIRECTION('',(0.,0.,1.));
#8694 = ORIENTED_EDGE('',*,*,#4850,.F.);
#8695 = ORIENTED_EDGE('',*,*,#8689,.F.);
#8696 = CYLINDRICAL_SURFACE('',#8697,0.4);
#8697 = AXIS2_PLACEMENT_3D('',#8698,#8699,#8700);
#8698 = CARTESIAN_POINT('',(71.62,-27.28,-4.6E-02));
#8699 = DIRECTION('',(-0.,-0.,-1.));
#8700 = DIRECTION('',(-0.,-1.,0.));
#8701 = ADVANCED_FACE('',(#8702),#8713,.F.);
#8702 = FACE_BOUND('',#8703,.T.);
#8703 = EDGE_LOOP('',(#8704,#8705,#8711,#8712));
#8704 = ORIENTED_EDGE('',*,*,#2234,.T.);
#8705 = ORIENTED_EDGE('',*,*,#8706,.T.);
#8706 = EDGE_CURVE('',#2235,#4862,#8707,.T.);
#8707 = LINE('',#8708,#8709);
#8708 = CARTESIAN_POINT('',(71.62,-25.14,-4.6E-02));
#8709 = VECTOR('',#8710,1.);
#8710 = DIRECTION('',(0.,0.,1.));
#8711 = ORIENTED_EDGE('',*,*,#4861,.F.);
#8712 = ORIENTED_EDGE('',*,*,#8706,.F.);
#8713 = CYLINDRICAL_SURFACE('',#8714,0.4);
#8714 = AXIS2_PLACEMENT_3D('',#8715,#8716,#8717);
#8715 = CARTESIAN_POINT('',(71.62,-24.74,-4.6E-02));
#8716 = DIRECTION('',(-0.,-0.,-1.));
#8717 = DIRECTION('',(-0.,-1.,0.));
#8718 = ADVANCED_FACE('',(#8719),#8730,.F.);
#8719 = FACE_BOUND('',#8720,.T.);
#8720 = EDGE_LOOP('',(#8721,#8722,#8728,#8729));
#8721 = ORIENTED_EDGE('',*,*,#2245,.T.);
#8722 = ORIENTED_EDGE('',*,*,#8723,.T.);
#8723 = EDGE_CURVE('',#2246,#4873,#8724,.T.);
#8724 = LINE('',#8725,#8726);
#8725 = CARTESIAN_POINT('',(64.,-22.6,-4.6E-02));
#8726 = VECTOR('',#8727,1.);
#8727 = DIRECTION('',(0.,0.,1.));
#8728 = ORIENTED_EDGE('',*,*,#4872,.F.);
#8729 = ORIENTED_EDGE('',*,*,#8723,.F.);
#8730 = CYLINDRICAL_SURFACE('',#8731,0.4);
#8731 = AXIS2_PLACEMENT_3D('',#8732,#8733,#8734);
#8732 = CARTESIAN_POINT('',(64.,-22.2,-4.6E-02));
#8733 = DIRECTION('',(-0.,-0.,-1.));
#8734 = DIRECTION('',(-0.,-1.,0.));
#8735 = ADVANCED_FACE('',(#8736),#8747,.F.);
#8736 = FACE_BOUND('',#8737,.T.);
#8737 = EDGE_LOOP('',(#8738,#8739,#8745,#8746));
#8738 = ORIENTED_EDGE('',*,*,#2256,.T.);
#8739 = ORIENTED_EDGE('',*,*,#8740,.T.);
#8740 = EDGE_CURVE('',#2257,#4884,#8741,.T.);
#8741 = LINE('',#8742,#8743);
#8742 = CARTESIAN_POINT('',(71.62,-22.6,-4.6E-02));
#8743 = VECTOR('',#8744,1.);
#8744 = DIRECTION('',(0.,0.,1.));
#8745 = ORIENTED_EDGE('',*,*,#4883,.F.);
#8746 = ORIENTED_EDGE('',*,*,#8740,.F.);
#8747 = CYLINDRICAL_SURFACE('',#8748,0.4);
#8748 = AXIS2_PLACEMENT_3D('',#8749,#8750,#8751);
#8749 = CARTESIAN_POINT('',(71.62,-22.2,-4.6E-02));
#8750 = DIRECTION('',(-0.,-0.,-1.));
#8751 = DIRECTION('',(-0.,-1.,0.));
#8752 = ADVANCED_FACE('',(#8753),#8764,.F.);
#8753 = FACE_BOUND('',#8754,.T.);
#8754 = EDGE_LOOP('',(#8755,#8756,#8762,#8763));
#8755 = ORIENTED_EDGE('',*,*,#2267,.T.);
#8756 = ORIENTED_EDGE('',*,*,#8757,.T.);
#8757 = EDGE_CURVE('',#2268,#4895,#8758,.T.);
#8758 = LINE('',#8759,#8760);
#8759 = CARTESIAN_POINT('',(64.,-20.06,-4.6E-02));
#8760 = VECTOR('',#8761,1.);
#8761 = DIRECTION('',(0.,0.,1.));
#8762 = ORIENTED_EDGE('',*,*,#4894,.F.);
#8763 = ORIENTED_EDGE('',*,*,#8757,.F.);
#8764 = CYLINDRICAL_SURFACE('',#8765,0.4);
#8765 = AXIS2_PLACEMENT_3D('',#8766,#8767,#8768);
#8766 = CARTESIAN_POINT('',(64.,-19.66,-4.6E-02));
#8767 = DIRECTION('',(-0.,-0.,-1.));
#8768 = DIRECTION('',(-0.,-1.,0.));
#8769 = ADVANCED_FACE('',(#8770),#8781,.F.);
#8770 = FACE_BOUND('',#8771,.T.);
#8771 = EDGE_LOOP('',(#8772,#8773,#8779,#8780));
#8772 = ORIENTED_EDGE('',*,*,#2278,.T.);
#8773 = ORIENTED_EDGE('',*,*,#8774,.T.);
#8774 = EDGE_CURVE('',#2279,#4906,#8775,.T.);
#8775 = LINE('',#8776,#8777);
#8776 = CARTESIAN_POINT('',(71.62,-20.06,-4.6E-02));
#8777 = VECTOR('',#8778,1.);
#8778 = DIRECTION('',(0.,0.,1.));
#8779 = ORIENTED_EDGE('',*,*,#4905,.F.);
#8780 = ORIENTED_EDGE('',*,*,#8774,.F.);
#8781 = CYLINDRICAL_SURFACE('',#8782,0.4);
#8782 = AXIS2_PLACEMENT_3D('',#8783,#8784,#8785);
#8783 = CARTESIAN_POINT('',(71.62,-19.66,-4.6E-02));
#8784 = DIRECTION('',(-0.,-0.,-1.));
#8785 = DIRECTION('',(-0.,-1.,0.));
#8786 = ADVANCED_FACE('',(#8787),#8798,.F.);
#8787 = FACE_BOUND('',#8788,.T.);
#8788 = EDGE_LOOP('',(#8789,#8790,#8796,#8797));
#8789 = ORIENTED_EDGE('',*,*,#2289,.T.);
#8790 = ORIENTED_EDGE('',*,*,#8791,.T.);
#8791 = EDGE_CURVE('',#2290,#4917,#8792,.T.);
#8792 = LINE('',#8793,#8794);
#8793 = CARTESIAN_POINT('',(64.,-17.52,-4.6E-02));
#8794 = VECTOR('',#8795,1.);
#8795 = DIRECTION('',(0.,0.,1.));
#8796 = ORIENTED_EDGE('',*,*,#4916,.F.);
#8797 = ORIENTED_EDGE('',*,*,#8791,.F.);
#8798 = CYLINDRICAL_SURFACE('',#8799,0.4);
#8799 = AXIS2_PLACEMENT_3D('',#8800,#8801,#8802);
#8800 = CARTESIAN_POINT('',(64.,-17.12,-4.6E-02));
#8801 = DIRECTION('',(-0.,-0.,-1.));
#8802 = DIRECTION('',(-0.,-1.,0.));
#8803 = ADVANCED_FACE('',(#8804),#8815,.F.);
#8804 = FACE_BOUND('',#8805,.T.);
#8805 = EDGE_LOOP('',(#8806,#8807,#8813,#8814));
#8806 = ORIENTED_EDGE('',*,*,#2300,.T.);
#8807 = ORIENTED_EDGE('',*,*,#8808,.T.);
#8808 = EDGE_CURVE('',#2301,#4928,#8809,.T.);
#8809 = LINE('',#8810,#8811);
#8810 = CARTESIAN_POINT('',(71.62,-17.52,-4.6E-02));
#8811 = VECTOR('',#8812,1.);
#8812 = DIRECTION('',(0.,0.,1.));
#8813 = ORIENTED_EDGE('',*,*,#4927,.F.);
#8814 = ORIENTED_EDGE('',*,*,#8808,.F.);
#8815 = CYLINDRICAL_SURFACE('',#8816,0.4);
#8816 = AXIS2_PLACEMENT_3D('',#8817,#8818,#8819);
#8817 = CARTESIAN_POINT('',(71.62,-17.12,-4.6E-02));
#8818 = DIRECTION('',(-0.,-0.,-1.));
#8819 = DIRECTION('',(-0.,-1.,0.));
#8820 = ADVANCED_FACE('',(#8821),#8832,.F.);
#8821 = FACE_BOUND('',#8822,.T.);
#8822 = EDGE_LOOP('',(#8823,#8824,#8830,#8831));
#8823 = ORIENTED_EDGE('',*,*,#2311,.T.);
#8824 = ORIENTED_EDGE('',*,*,#8825,.T.);
#8825 = EDGE_CURVE('',#2312,#4939,#8826,.T.);
#8826 = LINE('',#8827,#8828);
#8827 = CARTESIAN_POINT('',(43.73,-12.31,-4.6E-02));
#8828 = VECTOR('',#8829,1.);
#8829 = DIRECTION('',(0.,0.,1.));
#8830 = ORIENTED_EDGE('',*,*,#4938,.F.);
#8831 = ORIENTED_EDGE('',*,*,#8825,.F.);
#8832 = CYLINDRICAL_SURFACE('',#8833,0.5);
#8833 = AXIS2_PLACEMENT_3D('',#8834,#8835,#8836);
#8834 = CARTESIAN_POINT('',(43.73,-11.81,-4.6E-02));
#8835 = DIRECTION('',(-0.,-0.,-1.));
#8836 = DIRECTION('',(-0.,-1.,0.));
#8837 = ADVANCED_FACE('',(#8838),#8849,.F.);
#8838 = FACE_BOUND('',#8839,.T.);
#8839 = EDGE_LOOP('',(#8840,#8841,#8847,#8848));
#8840 = ORIENTED_EDGE('',*,*,#2322,.T.);
#8841 = ORIENTED_EDGE('',*,*,#8842,.T.);
#8842 = EDGE_CURVE('',#2323,#4950,#8843,.T.);
#8843 = LINE('',#8844,#8845);
#8844 = CARTESIAN_POINT('',(46.27,-12.31,-4.6E-02));
#8845 = VECTOR('',#8846,1.);
#8846 = DIRECTION('',(0.,0.,1.));
#8847 = ORIENTED_EDGE('',*,*,#4949,.F.);
#8848 = ORIENTED_EDGE('',*,*,#8842,.F.);
#8849 = CYLINDRICAL_SURFACE('',#8850,0.5);
#8850 = AXIS2_PLACEMENT_3D('',#8851,#8852,#8853);
#8851 = CARTESIAN_POINT('',(46.27,-11.81,-4.6E-02));
#8852 = DIRECTION('',(-0.,-0.,-1.));
#8853 = DIRECTION('',(-0.,-1.,0.));
#8854 = ADVANCED_FACE('',(#8855),#8866,.F.);
#8855 = FACE_BOUND('',#8856,.T.);
#8856 = EDGE_LOOP('',(#8857,#8858,#8864,#8865));
#8857 = ORIENTED_EDGE('',*,*,#2333,.T.);
#8858 = ORIENTED_EDGE('',*,*,#8859,.T.);
#8859 = EDGE_CURVE('',#2334,#4961,#8860,.T.);
#8860 = LINE('',#8861,#8862);
#8861 = CARTESIAN_POINT('',(48.81,-12.31,-4.6E-02));
#8862 = VECTOR('',#8863,1.);
#8863 = DIRECTION('',(0.,0.,1.));
#8864 = ORIENTED_EDGE('',*,*,#4960,.F.);
#8865 = ORIENTED_EDGE('',*,*,#8859,.F.);
#8866 = CYLINDRICAL_SURFACE('',#8867,0.5);
#8867 = AXIS2_PLACEMENT_3D('',#8868,#8869,#8870);
#8868 = CARTESIAN_POINT('',(48.81,-11.81,-4.6E-02));
#8869 = DIRECTION('',(-0.,-0.,-1.));
#8870 = DIRECTION('',(-0.,-1.,0.));
#8871 = ADVANCED_FACE('',(#8872),#8883,.F.);
#8872 = FACE_BOUND('',#8873,.T.);
#8873 = EDGE_LOOP('',(#8874,#8875,#8881,#8882));
#8874 = ORIENTED_EDGE('',*,*,#2344,.T.);
#8875 = ORIENTED_EDGE('',*,*,#8876,.T.);
#8876 = EDGE_CURVE('',#2345,#4972,#8877,.T.);
#8877 = LINE('',#8878,#8879);
#8878 = CARTESIAN_POINT('',(51.35,-12.31,-4.6E-02));
#8879 = VECTOR('',#8880,1.);
#8880 = DIRECTION('',(0.,0.,1.));
#8881 = ORIENTED_EDGE('',*,*,#4971,.F.);
#8882 = ORIENTED_EDGE('',*,*,#8876,.F.);
#8883 = CYLINDRICAL_SURFACE('',#8884,0.5);
#8884 = AXIS2_PLACEMENT_3D('',#8885,#8886,#8887);
#8885 = CARTESIAN_POINT('',(51.35,-11.81,-4.6E-02));
#8886 = DIRECTION('',(-0.,-0.,-1.));
#8887 = DIRECTION('',(-0.,-1.,0.));
#8888 = ADVANCED_FACE('',(#8889),#8900,.F.);
#8889 = FACE_BOUND('',#8890,.T.);
#8890 = EDGE_LOOP('',(#8891,#8892,#8898,#8899));
#8891 = ORIENTED_EDGE('',*,*,#2355,.T.);
#8892 = ORIENTED_EDGE('',*,*,#8893,.T.);
#8893 = EDGE_CURVE('',#2356,#4983,#8894,.T.);
#8894 = LINE('',#8895,#8896);
#8895 = CARTESIAN_POINT('',(43.73,-9.77,-4.6E-02));
#8896 = VECTOR('',#8897,1.);
#8897 = DIRECTION('',(0.,0.,1.));
#8898 = ORIENTED_EDGE('',*,*,#4982,.F.);
#8899 = ORIENTED_EDGE('',*,*,#8893,.F.);
#8900 = CYLINDRICAL_SURFACE('',#8901,0.5);
#8901 = AXIS2_PLACEMENT_3D('',#8902,#8903,#8904);
#8902 = CARTESIAN_POINT('',(43.73,-9.27,-4.6E-02));
#8903 = DIRECTION('',(-0.,-0.,-1.));
#8904 = DIRECTION('',(-0.,-1.,0.));
#8905 = ADVANCED_FACE('',(#8906),#8917,.F.);
#8906 = FACE_BOUND('',#8907,.T.);
#8907 = EDGE_LOOP('',(#8908,#8909,#8915,#8916));
#8908 = ORIENTED_EDGE('',*,*,#2366,.T.);
#8909 = ORIENTED_EDGE('',*,*,#8910,.T.);
#8910 = EDGE_CURVE('',#2367,#4994,#8911,.T.);
#8911 = LINE('',#8912,#8913);
#8912 = CARTESIAN_POINT('',(46.27,-9.77,-4.6E-02));
#8913 = VECTOR('',#8914,1.);
#8914 = DIRECTION('',(0.,0.,1.));
#8915 = ORIENTED_EDGE('',*,*,#4993,.F.);
#8916 = ORIENTED_EDGE('',*,*,#8910,.F.);
#8917 = CYLINDRICAL_SURFACE('',#8918,0.5);
#8918 = AXIS2_PLACEMENT_3D('',#8919,#8920,#8921);
#8919 = CARTESIAN_POINT('',(46.27,-9.27,-4.6E-02));
#8920 = DIRECTION('',(-0.,-0.,-1.));
#8921 = DIRECTION('',(-0.,-1.,0.));
#8922 = ADVANCED_FACE('',(#8923),#8934,.F.);
#8923 = FACE_BOUND('',#8924,.T.);
#8924 = EDGE_LOOP('',(#8925,#8926,#8932,#8933));
#8925 = ORIENTED_EDGE('',*,*,#2377,.T.);
#8926 = ORIENTED_EDGE('',*,*,#8927,.T.);
#8927 = EDGE_CURVE('',#2378,#5005,#8928,.T.);
#8928 = LINE('',#8929,#8930);
#8929 = CARTESIAN_POINT('',(48.81,-9.77,-4.6E-02));
#8930 = VECTOR('',#8931,1.);
#8931 = DIRECTION('',(0.,0.,1.));
#8932 = ORIENTED_EDGE('',*,*,#5004,.F.);
#8933 = ORIENTED_EDGE('',*,*,#8927,.F.);
#8934 = CYLINDRICAL_SURFACE('',#8935,0.5);
#8935 = AXIS2_PLACEMENT_3D('',#8936,#8937,#8938);
#8936 = CARTESIAN_POINT('',(48.81,-9.27,-4.6E-02));
#8937 = DIRECTION('',(-0.,-0.,-1.));
#8938 = DIRECTION('',(-0.,-1.,0.));
#8939 = ADVANCED_FACE('',(#8940),#8951,.F.);
#8940 = FACE_BOUND('',#8941,.T.);
#8941 = EDGE_LOOP('',(#8942,#8943,#8949,#8950));
#8942 = ORIENTED_EDGE('',*,*,#2388,.T.);
#8943 = ORIENTED_EDGE('',*,*,#8944,.T.);
#8944 = EDGE_CURVE('',#2389,#5016,#8945,.T.);
#8945 = LINE('',#8946,#8947);
#8946 = CARTESIAN_POINT('',(51.35,-9.77,-4.6E-02));
#8947 = VECTOR('',#8948,1.);
#8948 = DIRECTION('',(0.,0.,1.));
#8949 = ORIENTED_EDGE('',*,*,#5015,.F.);
#8950 = ORIENTED_EDGE('',*,*,#8944,.F.);
#8951 = CYLINDRICAL_SURFACE('',#8952,0.5);
#8952 = AXIS2_PLACEMENT_3D('',#8953,#8954,#8955);
#8953 = CARTESIAN_POINT('',(51.35,-9.27,-4.6E-02));
#8954 = DIRECTION('',(-0.,-0.,-1.));
#8955 = DIRECTION('',(-0.,-1.,0.));
#8956 = ADVANCED_FACE('',(#8957),#8968,.F.);
#8957 = FACE_BOUND('',#8958,.T.);
#8958 = EDGE_LOOP('',(#8959,#8960,#8966,#8967));
#8959 = ORIENTED_EDGE('',*,*,#2399,.T.);
#8960 = ORIENTED_EDGE('',*,*,#8961,.T.);
#8961 = EDGE_CURVE('',#2400,#5027,#8962,.T.);
#8962 = LINE('',#8963,#8964);
#8963 = CARTESIAN_POINT('',(53.89,-14.85,-4.6E-02));
#8964 = VECTOR('',#8965,1.);
#8965 = DIRECTION('',(0.,0.,1.));
#8966 = ORIENTED_EDGE('',*,*,#5026,.F.);
#8967 = ORIENTED_EDGE('',*,*,#8961,.F.);
#8968 = CYLINDRICAL_SURFACE('',#8969,0.5);
#8969 = AXIS2_PLACEMENT_3D('',#8970,#8971,#8972);
#8970 = CARTESIAN_POINT('',(53.89,-14.35,-4.6E-02));
#8971 = DIRECTION('',(-0.,-0.,-1.));
#8972 = DIRECTION('',(-0.,-1.,0.));
#8973 = ADVANCED_FACE('',(#8974),#8985,.F.);
#8974 = FACE_BOUND('',#8975,.T.);
#8975 = EDGE_LOOP('',(#8976,#8977,#8983,#8984));
#8976 = ORIENTED_EDGE('',*,*,#2410,.T.);
#8977 = ORIENTED_EDGE('',*,*,#8978,.T.);
#8978 = EDGE_CURVE('',#2411,#5038,#8979,.T.);
#8979 = LINE('',#8980,#8981);
#8980 = CARTESIAN_POINT('',(56.43,-14.85,-4.6E-02));
#8981 = VECTOR('',#8982,1.);
#8982 = DIRECTION('',(0.,0.,1.));
#8983 = ORIENTED_EDGE('',*,*,#5037,.F.);
#8984 = ORIENTED_EDGE('',*,*,#8978,.F.);
#8985 = CYLINDRICAL_SURFACE('',#8986,0.5);
#8986 = AXIS2_PLACEMENT_3D('',#8987,#8988,#8989);
#8987 = CARTESIAN_POINT('',(56.43,-14.35,-4.6E-02));
#8988 = DIRECTION('',(-0.,-0.,-1.));
#8989 = DIRECTION('',(-0.,-1.,0.));
#8990 = ADVANCED_FACE('',(#8991),#9002,.F.);
#8991 = FACE_BOUND('',#8992,.T.);
#8992 = EDGE_LOOP('',(#8993,#8994,#9000,#9001));
#8993 = ORIENTED_EDGE('',*,*,#2421,.T.);
#8994 = ORIENTED_EDGE('',*,*,#8995,.T.);
#8995 = EDGE_CURVE('',#2422,#5049,#8996,.T.);
#8996 = LINE('',#8997,#8998);
#8997 = CARTESIAN_POINT('',(53.89,-12.31,-4.6E-02));
#8998 = VECTOR('',#8999,1.);
#8999 = DIRECTION('',(0.,0.,1.));
#9000 = ORIENTED_EDGE('',*,*,#5048,.F.);
#9001 = ORIENTED_EDGE('',*,*,#8995,.F.);
#9002 = CYLINDRICAL_SURFACE('',#9003,0.5);
#9003 = AXIS2_PLACEMENT_3D('',#9004,#9005,#9006);
#9004 = CARTESIAN_POINT('',(53.89,-11.81,-4.6E-02));
#9005 = DIRECTION('',(-0.,-0.,-1.));
#9006 = DIRECTION('',(-0.,-1.,0.));
#9007 = ADVANCED_FACE('',(#9008),#9019,.F.);
#9008 = FACE_BOUND('',#9009,.T.);
#9009 = EDGE_LOOP('',(#9010,#9011,#9017,#9018));
#9010 = ORIENTED_EDGE('',*,*,#2432,.T.);
#9011 = ORIENTED_EDGE('',*,*,#9012,.T.);
#9012 = EDGE_CURVE('',#2433,#5060,#9013,.T.);
#9013 = LINE('',#9014,#9015);
#9014 = CARTESIAN_POINT('',(56.43,-12.31,-4.6E-02));
#9015 = VECTOR('',#9016,1.);
#9016 = DIRECTION('',(0.,0.,1.));
#9017 = ORIENTED_EDGE('',*,*,#5059,.F.);
#9018 = ORIENTED_EDGE('',*,*,#9012,.F.);
#9019 = CYLINDRICAL_SURFACE('',#9020,0.5);
#9020 = AXIS2_PLACEMENT_3D('',#9021,#9022,#9023);
#9021 = CARTESIAN_POINT('',(56.43,-11.81,-4.6E-02));
#9022 = DIRECTION('',(-0.,-0.,-1.));
#9023 = DIRECTION('',(-0.,-1.,0.));
#9024 = ADVANCED_FACE('',(#9025),#9036,.F.);
#9025 = FACE_BOUND('',#9026,.T.);
#9026 = EDGE_LOOP('',(#9027,#9028,#9034,#9035));
#9027 = ORIENTED_EDGE('',*,*,#2443,.T.);
#9028 = ORIENTED_EDGE('',*,*,#9029,.T.);
#9029 = EDGE_CURVE('',#2444,#5071,#9030,.T.);
#9030 = LINE('',#9031,#9032);
#9031 = CARTESIAN_POINT('',(53.89,-9.77,-4.6E-02));
#9032 = VECTOR('',#9033,1.);
#9033 = DIRECTION('',(0.,0.,1.));
#9034 = ORIENTED_EDGE('',*,*,#5070,.F.);
#9035 = ORIENTED_EDGE('',*,*,#9029,.F.);
#9036 = CYLINDRICAL_SURFACE('',#9037,0.5);
#9037 = AXIS2_PLACEMENT_3D('',#9038,#9039,#9040);
#9038 = CARTESIAN_POINT('',(53.89,-9.27,-4.6E-02));
#9039 = DIRECTION('',(-0.,-0.,-1.));
#9040 = DIRECTION('',(-0.,-1.,0.));
#9041 = ADVANCED_FACE('',(#9042),#9053,.F.);
#9042 = FACE_BOUND('',#9043,.T.);
#9043 = EDGE_LOOP('',(#9044,#9045,#9051,#9052));
#9044 = ORIENTED_EDGE('',*,*,#2454,.T.);
#9045 = ORIENTED_EDGE('',*,*,#9046,.T.);
#9046 = EDGE_CURVE('',#2455,#5082,#9047,.T.);
#9047 = LINE('',#9048,#9049);
#9048 = CARTESIAN_POINT('',(56.43,-9.77,-4.6E-02));
#9049 = VECTOR('',#9050,1.);
#9050 = DIRECTION('',(0.,0.,1.));
#9051 = ORIENTED_EDGE('',*,*,#5081,.F.);
#9052 = ORIENTED_EDGE('',*,*,#9046,.F.);
#9053 = CYLINDRICAL_SURFACE('',#9054,0.5);
#9054 = AXIS2_PLACEMENT_3D('',#9055,#9056,#9057);
#9055 = CARTESIAN_POINT('',(56.43,-9.27,-4.6E-02));
#9056 = DIRECTION('',(-0.,-0.,-1.));
#9057 = DIRECTION('',(-0.,-1.,0.));
#9058 = ADVANCED_FACE('',(#9059),#9070,.F.);
#9059 = FACE_BOUND('',#9060,.T.);
#9060 = EDGE_LOOP('',(#9061,#9062,#9068,#9069));
#9061 = ORIENTED_EDGE('',*,*,#2465,.T.);
#9062 = ORIENTED_EDGE('',*,*,#9063,.T.);
#9063 = EDGE_CURVE('',#2466,#5093,#9064,.T.);
#9064 = LINE('',#9065,#9066);
#9065 = CARTESIAN_POINT('',(42.54,-3.2,-4.6E-02));
#9066 = VECTOR('',#9067,1.);
#9067 = DIRECTION('',(0.,0.,1.));
#9068 = ORIENTED_EDGE('',*,*,#5092,.F.);
#9069 = ORIENTED_EDGE('',*,*,#9063,.F.);
#9070 = CYLINDRICAL_SURFACE('',#9071,0.5);
#9071 = AXIS2_PLACEMENT_3D('',#9072,#9073,#9074);
#9072 = CARTESIAN_POINT('',(42.54,-2.7,-4.6E-02));
#9073 = DIRECTION('',(-0.,-0.,-1.));
#9074 = DIRECTION('',(-0.,-1.,0.));
#9075 = ADVANCED_FACE('',(#9076),#9087,.F.);
#9076 = FACE_BOUND('',#9077,.T.);
#9077 = EDGE_LOOP('',(#9078,#9079,#9085,#9086));
#9078 = ORIENTED_EDGE('',*,*,#2476,.T.);
#9079 = ORIENTED_EDGE('',*,*,#9080,.T.);
#9080 = EDGE_CURVE('',#2477,#5104,#9081,.T.);
#9081 = LINE('',#9082,#9083);
#9082 = CARTESIAN_POINT('',(45.08,-3.2,-4.6E-02));
#9083 = VECTOR('',#9084,1.);
#9084 = DIRECTION('',(0.,0.,1.));
#9085 = ORIENTED_EDGE('',*,*,#5103,.F.);
#9086 = ORIENTED_EDGE('',*,*,#9080,.F.);
#9087 = CYLINDRICAL_SURFACE('',#9088,0.5);
#9088 = AXIS2_PLACEMENT_3D('',#9089,#9090,#9091);
#9089 = CARTESIAN_POINT('',(45.08,-2.7,-4.6E-02));
#9090 = DIRECTION('',(-0.,-0.,-1.));
#9091 = DIRECTION('',(-0.,-1.,0.));
#9092 = ADVANCED_FACE('',(#9093),#9104,.F.);
#9093 = FACE_BOUND('',#9094,.T.);
#9094 = EDGE_LOOP('',(#9095,#9096,#9102,#9103));
#9095 = ORIENTED_EDGE('',*,*,#2487,.T.);
#9096 = ORIENTED_EDGE('',*,*,#9097,.T.);
#9097 = EDGE_CURVE('',#2488,#5115,#9098,.T.);
#9098 = LINE('',#9099,#9100);
#9099 = CARTESIAN_POINT('',(47.62,-3.2,-4.6E-02));
#9100 = VECTOR('',#9101,1.);
#9101 = DIRECTION('',(0.,0.,1.));
#9102 = ORIENTED_EDGE('',*,*,#5114,.F.);
#9103 = ORIENTED_EDGE('',*,*,#9097,.F.);
#9104 = CYLINDRICAL_SURFACE('',#9105,0.5);
#9105 = AXIS2_PLACEMENT_3D('',#9106,#9107,#9108);
#9106 = CARTESIAN_POINT('',(47.62,-2.7,-4.6E-02));
#9107 = DIRECTION('',(-0.,-0.,-1.));
#9108 = DIRECTION('',(-0.,-1.,0.));
#9109 = ADVANCED_FACE('',(#9110),#9121,.F.);
#9110 = FACE_BOUND('',#9111,.T.);
#9111 = EDGE_LOOP('',(#9112,#9113,#9119,#9120));
#9112 = ORIENTED_EDGE('',*,*,#2498,.T.);
#9113 = ORIENTED_EDGE('',*,*,#9114,.T.);
#9114 = EDGE_CURVE('',#2499,#5126,#9115,.T.);
#9115 = LINE('',#9116,#9117);
#9116 = CARTESIAN_POINT('',(60.5,-6.34,-4.6E-02));
#9117 = VECTOR('',#9118,1.);
#9118 = DIRECTION('',(0.,0.,1.));
#9119 = ORIENTED_EDGE('',*,*,#5125,.F.);
#9120 = ORIENTED_EDGE('',*,*,#9114,.F.);
#9121 = CYLINDRICAL_SURFACE('',#9122,0.5);
#9122 = AXIS2_PLACEMENT_3D('',#9123,#9124,#9125);
#9123 = CARTESIAN_POINT('',(60.5,-5.84,-4.6E-02));
#9124 = DIRECTION('',(-0.,-0.,-1.));
#9125 = DIRECTION('',(-0.,-1.,0.));
#9126 = ADVANCED_FACE('',(#9127),#9138,.F.);
#9127 = FACE_BOUND('',#9128,.T.);
#9128 = EDGE_LOOP('',(#9129,#9130,#9136,#9137));
#9129 = ORIENTED_EDGE('',*,*,#2509,.T.);
#9130 = ORIENTED_EDGE('',*,*,#9131,.T.);
#9131 = EDGE_CURVE('',#2510,#5137,#9132,.T.);
#9132 = LINE('',#9133,#9134);
#9133 = CARTESIAN_POINT('',(60.5,-3.8,-4.6E-02));
#9134 = VECTOR('',#9135,1.);
#9135 = DIRECTION('',(0.,0.,1.));
#9136 = ORIENTED_EDGE('',*,*,#5136,.F.);
#9137 = ORIENTED_EDGE('',*,*,#9131,.F.);
#9138 = CYLINDRICAL_SURFACE('',#9139,0.5);
#9139 = AXIS2_PLACEMENT_3D('',#9140,#9141,#9142);
#9140 = CARTESIAN_POINT('',(60.5,-3.3,-4.6E-02));
#9141 = DIRECTION('',(-0.,-0.,-1.));
#9142 = DIRECTION('',(-0.,-1.,0.));
#9143 = ADVANCED_FACE('',(#9144),#9155,.F.);
#9144 = FACE_BOUND('',#9145,.T.);
#9145 = EDGE_LOOP('',(#9146,#9147,#9153,#9154));
#9146 = ORIENTED_EDGE('',*,*,#2520,.T.);
#9147 = ORIENTED_EDGE('',*,*,#9148,.T.);
#9148 = EDGE_CURVE('',#2521,#5148,#9149,.T.);
#9149 = LINE('',#9150,#9151);
#9150 = CARTESIAN_POINT('',(64.,-14.98,-4.6E-02));
#9151 = VECTOR('',#9152,1.);
#9152 = DIRECTION('',(0.,0.,1.));
#9153 = ORIENTED_EDGE('',*,*,#5147,.F.);
#9154 = ORIENTED_EDGE('',*,*,#9148,.F.);
#9155 = CYLINDRICAL_SURFACE('',#9156,0.4);
#9156 = AXIS2_PLACEMENT_3D('',#9157,#9158,#9159);
#9157 = CARTESIAN_POINT('',(64.,-14.58,-4.6E-02));
#9158 = DIRECTION('',(-0.,-0.,-1.));
#9159 = DIRECTION('',(-0.,-1.,0.));
#9160 = ADVANCED_FACE('',(#9161),#9172,.F.);
#9161 = FACE_BOUND('',#9162,.T.);
#9162 = EDGE_LOOP('',(#9163,#9164,#9170,#9171));
#9163 = ORIENTED_EDGE('',*,*,#2531,.T.);
#9164 = ORIENTED_EDGE('',*,*,#9165,.T.);
#9165 = EDGE_CURVE('',#2532,#5159,#9166,.T.);
#9166 = LINE('',#9167,#9168);
#9167 = CARTESIAN_POINT('',(64.,-12.44,-4.6E-02));
#9168 = VECTOR('',#9169,1.);
#9169 = DIRECTION('',(0.,0.,1.));
#9170 = ORIENTED_EDGE('',*,*,#5158,.F.);
#9171 = ORIENTED_EDGE('',*,*,#9165,.F.);
#9172 = CYLINDRICAL_SURFACE('',#9173,0.4);
#9173 = AXIS2_PLACEMENT_3D('',#9174,#9175,#9176);
#9174 = CARTESIAN_POINT('',(64.,-12.04,-4.6E-02));
#9175 = DIRECTION('',(-0.,-0.,-1.));
#9176 = DIRECTION('',(-0.,-1.,0.));
#9177 = ADVANCED_FACE('',(#9178),#9189,.F.);
#9178 = FACE_BOUND('',#9179,.T.);
#9179 = EDGE_LOOP('',(#9180,#9181,#9187,#9188));
#9180 = ORIENTED_EDGE('',*,*,#2542,.T.);
#9181 = ORIENTED_EDGE('',*,*,#9182,.T.);
#9182 = EDGE_CURVE('',#2543,#5170,#9183,.T.);
#9183 = LINE('',#9184,#9185);
#9184 = CARTESIAN_POINT('',(71.62,-14.98,-4.6E-02));
#9185 = VECTOR('',#9186,1.);
#9186 = DIRECTION('',(0.,0.,1.));
#9187 = ORIENTED_EDGE('',*,*,#5169,.F.);
#9188 = ORIENTED_EDGE('',*,*,#9182,.F.);
#9189 = CYLINDRICAL_SURFACE('',#9190,0.4);
#9190 = AXIS2_PLACEMENT_3D('',#9191,#9192,#9193);
#9191 = CARTESIAN_POINT('',(71.62,-14.58,-4.6E-02));
#9192 = DIRECTION('',(-0.,-0.,-1.));
#9193 = DIRECTION('',(-0.,-1.,0.));
#9194 = ADVANCED_FACE('',(#9195),#9206,.F.);
#9195 = FACE_BOUND('',#9196,.T.);
#9196 = EDGE_LOOP('',(#9197,#9198,#9204,#9205));
#9197 = ORIENTED_EDGE('',*,*,#2553,.T.);
#9198 = ORIENTED_EDGE('',*,*,#9199,.T.);
#9199 = EDGE_CURVE('',#2554,#5181,#9200,.T.);
#9200 = LINE('',#9201,#9202);
#9201 = CARTESIAN_POINT('',(71.62,-12.44,-4.6E-02));
#9202 = VECTOR('',#9203,1.);
#9203 = DIRECTION('',(0.,0.,1.));
#9204 = ORIENTED_EDGE('',*,*,#5180,.F.);
#9205 = ORIENTED_EDGE('',*,*,#9199,.F.);
#9206 = CYLINDRICAL_SURFACE('',#9207,0.4);
#9207 = AXIS2_PLACEMENT_3D('',#9208,#9209,#9210);
#9208 = CARTESIAN_POINT('',(71.62,-12.04,-4.6E-02));
#9209 = DIRECTION('',(-0.,-0.,-1.));
#9210 = DIRECTION('',(-0.,-1.,0.));
#9211 = ADVANCED_FACE('',(#9212),#9223,.F.);
#9212 = FACE_BOUND('',#9213,.T.);
#9213 = EDGE_LOOP('',(#9214,#9215,#9221,#9222));
#9214 = ORIENTED_EDGE('',*,*,#2564,.T.);
#9215 = ORIENTED_EDGE('',*,*,#9216,.T.);
#9216 = EDGE_CURVE('',#2565,#5192,#9217,.T.);
#9217 = LINE('',#9218,#9219);
#9218 = CARTESIAN_POINT('',(64.,-9.9,-4.6E-02));
#9219 = VECTOR('',#9220,1.);
#9220 = DIRECTION('',(0.,0.,1.));
#9221 = ORIENTED_EDGE('',*,*,#5191,.F.);
#9222 = ORIENTED_EDGE('',*,*,#9216,.F.);
#9223 = CYLINDRICAL_SURFACE('',#9224,0.4);
#9224 = AXIS2_PLACEMENT_3D('',#9225,#9226,#9227);
#9225 = CARTESIAN_POINT('',(64.,-9.5,-4.6E-02));
#9226 = DIRECTION('',(-0.,-0.,-1.));
#9227 = DIRECTION('',(-0.,-1.,0.));
#9228 = ADVANCED_FACE('',(#9229),#9240,.F.);
#9229 = FACE_BOUND('',#9230,.T.);
#9230 = EDGE_LOOP('',(#9231,#9232,#9238,#9239));
#9231 = ORIENTED_EDGE('',*,*,#2575,.T.);
#9232 = ORIENTED_EDGE('',*,*,#9233,.T.);
#9233 = EDGE_CURVE('',#2576,#5203,#9234,.T.);
#9234 = LINE('',#9235,#9236);
#9235 = CARTESIAN_POINT('',(71.62,-9.9,-4.6E-02));
#9236 = VECTOR('',#9237,1.);
#9237 = DIRECTION('',(0.,0.,1.));
#9238 = ORIENTED_EDGE('',*,*,#5202,.F.);
#9239 = ORIENTED_EDGE('',*,*,#9233,.F.);
#9240 = CYLINDRICAL_SURFACE('',#9241,0.4);
#9241 = AXIS2_PLACEMENT_3D('',#9242,#9243,#9244);
#9242 = CARTESIAN_POINT('',(71.62,-9.5,-4.6E-02));
#9243 = DIRECTION('',(-0.,-0.,-1.));
#9244 = DIRECTION('',(-0.,-1.,0.));
#9245 = ADVANCED_FACE('',(#9246),#9257,.F.);
#9246 = FACE_BOUND('',#9247,.T.);
#9247 = EDGE_LOOP('',(#9248,#9249,#9255,#9256));
#9248 = ORIENTED_EDGE('',*,*,#2586,.T.);
#9249 = ORIENTED_EDGE('',*,*,#9250,.T.);
#9250 = EDGE_CURVE('',#2587,#5214,#9251,.T.);
#9251 = LINE('',#9252,#9253);
#9252 = CARTESIAN_POINT('',(78.5,-14.4,-4.6E-02));
#9253 = VECTOR('',#9254,1.);
#9254 = DIRECTION('',(0.,0.,1.));
#9255 = ORIENTED_EDGE('',*,*,#5213,.F.);
#9256 = ORIENTED_EDGE('',*,*,#9250,.F.);
#9257 = CYLINDRICAL_SURFACE('',#9258,0.4);
#9258 = AXIS2_PLACEMENT_3D('',#9259,#9260,#9261);
#9259 = CARTESIAN_POINT('',(78.5,-14.,-4.6E-02));
#9260 = DIRECTION('',(-0.,-0.,-1.));
#9261 = DIRECTION('',(-0.,-1.,0.));
#9262 = ADVANCED_FACE('',(#9263),#9274,.F.);
#9263 = FACE_BOUND('',#9264,.T.);
#9264 = EDGE_LOOP('',(#9265,#9266,#9272,#9273));
#9265 = ORIENTED_EDGE('',*,*,#2597,.T.);
#9266 = ORIENTED_EDGE('',*,*,#9267,.T.);
#9267 = EDGE_CURVE('',#2598,#5225,#9268,.T.);
#9268 = LINE('',#9269,#9270);
#9269 = CARTESIAN_POINT('',(78.5,-11.9,-4.6E-02));
#9270 = VECTOR('',#9271,1.);
#9271 = DIRECTION('',(0.,0.,1.));
#9272 = ORIENTED_EDGE('',*,*,#5224,.F.);
#9273 = ORIENTED_EDGE('',*,*,#9267,.F.);
#9274 = CYLINDRICAL_SURFACE('',#9275,0.4);
#9275 = AXIS2_PLACEMENT_3D('',#9276,#9277,#9278);
#9276 = CARTESIAN_POINT('',(78.5,-11.5,-4.6E-02));
#9277 = DIRECTION('',(-0.,-0.,-1.));
#9278 = DIRECTION('',(-0.,-1.,0.));
#9279 = ADVANCED_FACE('',(#9280),#9291,.F.);
#9280 = FACE_BOUND('',#9281,.T.);
#9281 = EDGE_LOOP('',(#9282,#9283,#9289,#9290));
#9282 = ORIENTED_EDGE('',*,*,#2608,.T.);
#9283 = ORIENTED_EDGE('',*,*,#9284,.T.);
#9284 = EDGE_CURVE('',#2609,#5236,#9285,.T.);
#9285 = LINE('',#9286,#9287);
#9286 = CARTESIAN_POINT('',(63.04,-6.34,-4.6E-02));
#9287 = VECTOR('',#9288,1.);
#9288 = DIRECTION('',(0.,0.,1.));
#9289 = ORIENTED_EDGE('',*,*,#5235,.F.);
#9290 = ORIENTED_EDGE('',*,*,#9284,.F.);
#9291 = CYLINDRICAL_SURFACE('',#9292,0.5);
#9292 = AXIS2_PLACEMENT_3D('',#9293,#9294,#9295);
#9293 = CARTESIAN_POINT('',(63.04,-5.84,-4.6E-02));
#9294 = DIRECTION('',(-0.,-0.,-1.));
#9295 = DIRECTION('',(-0.,-1.,0.));
#9296 = ADVANCED_FACE('',(#9297),#9308,.F.);
#9297 = FACE_BOUND('',#9298,.T.);
#9298 = EDGE_LOOP('',(#9299,#9300,#9306,#9307));
#9299 = ORIENTED_EDGE('',*,*,#2619,.T.);
#9300 = ORIENTED_EDGE('',*,*,#9301,.T.);
#9301 = EDGE_CURVE('',#2620,#5247,#9302,.T.);
#9302 = LINE('',#9303,#9304);
#9303 = CARTESIAN_POINT('',(65.58,-6.34,-4.6E-02));
#9304 = VECTOR('',#9305,1.);
#9305 = DIRECTION('',(0.,0.,1.));
#9306 = ORIENTED_EDGE('',*,*,#5246,.F.);
#9307 = ORIENTED_EDGE('',*,*,#9301,.F.);
#9308 = CYLINDRICAL_SURFACE('',#9309,0.5);
#9309 = AXIS2_PLACEMENT_3D('',#9310,#9311,#9312);
#9310 = CARTESIAN_POINT('',(65.58,-5.84,-4.6E-02));
#9311 = DIRECTION('',(-0.,-0.,-1.));
#9312 = DIRECTION('',(-0.,-1.,0.));
#9313 = ADVANCED_FACE('',(#9314),#9325,.F.);
#9314 = FACE_BOUND('',#9315,.T.);
#9315 = EDGE_LOOP('',(#9316,#9317,#9323,#9324));
#9316 = ORIENTED_EDGE('',*,*,#2630,.T.);
#9317 = ORIENTED_EDGE('',*,*,#9318,.T.);
#9318 = EDGE_CURVE('',#2631,#5258,#9319,.T.);
#9319 = LINE('',#9320,#9321);
#9320 = CARTESIAN_POINT('',(68.12,-6.34,-4.6E-02));
#9321 = VECTOR('',#9322,1.);
#9322 = DIRECTION('',(0.,0.,1.));
#9323 = ORIENTED_EDGE('',*,*,#5257,.F.);
#9324 = ORIENTED_EDGE('',*,*,#9318,.F.);
#9325 = CYLINDRICAL_SURFACE('',#9326,0.5);
#9326 = AXIS2_PLACEMENT_3D('',#9327,#9328,#9329);
#9327 = CARTESIAN_POINT('',(68.12,-5.84,-4.6E-02));
#9328 = DIRECTION('',(-0.,-0.,-1.));
#9329 = DIRECTION('',(-0.,-1.,0.));
#9330 = ADVANCED_FACE('',(#9331),#9342,.F.);
#9331 = FACE_BOUND('',#9332,.T.);
#9332 = EDGE_LOOP('',(#9333,#9334,#9340,#9341));
#9333 = ORIENTED_EDGE('',*,*,#2641,.T.);
#9334 = ORIENTED_EDGE('',*,*,#9335,.T.);
#9335 = EDGE_CURVE('',#2642,#5269,#9336,.T.);
#9336 = LINE('',#9337,#9338);
#9337 = CARTESIAN_POINT('',(70.66,-6.34,-4.6E-02));
#9338 = VECTOR('',#9339,1.);
#9339 = DIRECTION('',(0.,0.,1.));
#9340 = ORIENTED_EDGE('',*,*,#5268,.F.);
#9341 = ORIENTED_EDGE('',*,*,#9335,.F.);
#9342 = CYLINDRICAL_SURFACE('',#9343,0.5);
#9343 = AXIS2_PLACEMENT_3D('',#9344,#9345,#9346);
#9344 = CARTESIAN_POINT('',(70.66,-5.84,-4.6E-02));
#9345 = DIRECTION('',(-0.,-0.,-1.));
#9346 = DIRECTION('',(-0.,-1.,0.));
#9347 = ADVANCED_FACE('',(#9348),#9359,.F.);
#9348 = FACE_BOUND('',#9349,.T.);
#9349 = EDGE_LOOP('',(#9350,#9351,#9357,#9358));
#9350 = ORIENTED_EDGE('',*,*,#2652,.T.);
#9351 = ORIENTED_EDGE('',*,*,#9352,.T.);
#9352 = EDGE_CURVE('',#2653,#5280,#9353,.T.);
#9353 = LINE('',#9354,#9355);
#9354 = CARTESIAN_POINT('',(63.04,-3.8,-4.6E-02));
#9355 = VECTOR('',#9356,1.);
#9356 = DIRECTION('',(0.,0.,1.));
#9357 = ORIENTED_EDGE('',*,*,#5279,.F.);
#9358 = ORIENTED_EDGE('',*,*,#9352,.F.);
#9359 = CYLINDRICAL_SURFACE('',#9360,0.5);
#9360 = AXIS2_PLACEMENT_3D('',#9361,#9362,#9363);
#9361 = CARTESIAN_POINT('',(63.04,-3.3,-4.6E-02));
#9362 = DIRECTION('',(-0.,-0.,-1.));
#9363 = DIRECTION('',(-0.,-1.,0.));
#9364 = ADVANCED_FACE('',(#9365),#9376,.F.);
#9365 = FACE_BOUND('',#9366,.T.);
#9366 = EDGE_LOOP('',(#9367,#9368,#9374,#9375));
#9367 = ORIENTED_EDGE('',*,*,#2663,.T.);
#9368 = ORIENTED_EDGE('',*,*,#9369,.T.);
#9369 = EDGE_CURVE('',#2664,#5291,#9370,.T.);
#9370 = LINE('',#9371,#9372);
#9371 = CARTESIAN_POINT('',(65.58,-3.8,-4.6E-02));
#9372 = VECTOR('',#9373,1.);
#9373 = DIRECTION('',(0.,0.,1.));
#9374 = ORIENTED_EDGE('',*,*,#5290,.F.);
#9375 = ORIENTED_EDGE('',*,*,#9369,.F.);
#9376 = CYLINDRICAL_SURFACE('',#9377,0.5);
#9377 = AXIS2_PLACEMENT_3D('',#9378,#9379,#9380);
#9378 = CARTESIAN_POINT('',(65.58,-3.3,-4.6E-02));
#9379 = DIRECTION('',(-0.,-0.,-1.));
#9380 = DIRECTION('',(-0.,-1.,0.));
#9381 = ADVANCED_FACE('',(#9382),#9393,.F.);
#9382 = FACE_BOUND('',#9383,.T.);
#9383 = EDGE_LOOP('',(#9384,#9385,#9391,#9392));
#9384 = ORIENTED_EDGE('',*,*,#2674,.T.);
#9385 = ORIENTED_EDGE('',*,*,#9386,.T.);
#9386 = EDGE_CURVE('',#2675,#5302,#9387,.T.);
#9387 = LINE('',#9388,#9389);
#9388 = CARTESIAN_POINT('',(68.12,-3.8,-4.6E-02));
#9389 = VECTOR('',#9390,1.);
#9390 = DIRECTION('',(0.,0.,1.));
#9391 = ORIENTED_EDGE('',*,*,#5301,.F.);
#9392 = ORIENTED_EDGE('',*,*,#9386,.F.);
#9393 = CYLINDRICAL_SURFACE('',#9394,0.5);
#9394 = AXIS2_PLACEMENT_3D('',#9395,#9396,#9397);
#9395 = CARTESIAN_POINT('',(68.12,-3.3,-4.6E-02));
#9396 = DIRECTION('',(-0.,-0.,-1.));
#9397 = DIRECTION('',(-0.,-1.,0.));
#9398 = ADVANCED_FACE('',(#9399),#9410,.F.);
#9399 = FACE_BOUND('',#9400,.T.);
#9400 = EDGE_LOOP('',(#9401,#9402,#9408,#9409));
#9401 = ORIENTED_EDGE('',*,*,#2685,.T.);
#9402 = ORIENTED_EDGE('',*,*,#9403,.T.);
#9403 = EDGE_CURVE('',#2686,#5313,#9404,.T.);
#9404 = LINE('',#9405,#9406);
#9405 = CARTESIAN_POINT('',(70.66,-3.8,-4.6E-02));
#9406 = VECTOR('',#9407,1.);
#9407 = DIRECTION('',(0.,0.,1.));
#9408 = ORIENTED_EDGE('',*,*,#5312,.F.);
#9409 = ORIENTED_EDGE('',*,*,#9403,.F.);
#9410 = CYLINDRICAL_SURFACE('',#9411,0.5);
#9411 = AXIS2_PLACEMENT_3D('',#9412,#9413,#9414);
#9412 = CARTESIAN_POINT('',(70.66,-3.3,-4.6E-02));
#9413 = DIRECTION('',(-0.,-0.,-1.));
#9414 = DIRECTION('',(-0.,-1.,0.));
#9415 = ADVANCED_FACE('',(#9416),#9427,.F.);
#9416 = FACE_BOUND('',#9417,.T.);
#9417 = EDGE_LOOP('',(#9418,#9419,#9425,#9426));
#9418 = ORIENTED_EDGE('',*,*,#2696,.T.);
#9419 = ORIENTED_EDGE('',*,*,#9420,.T.);
#9420 = EDGE_CURVE('',#2697,#5324,#9421,.T.);
#9421 = LINE('',#9422,#9423);
#9422 = CARTESIAN_POINT('',(73.2,-6.34,-4.6E-02));
#9423 = VECTOR('',#9424,1.);
#9424 = DIRECTION('',(0.,0.,1.));
#9425 = ORIENTED_EDGE('',*,*,#5323,.F.);
#9426 = ORIENTED_EDGE('',*,*,#9420,.F.);
#9427 = CYLINDRICAL_SURFACE('',#9428,0.5);
#9428 = AXIS2_PLACEMENT_3D('',#9429,#9430,#9431);
#9429 = CARTESIAN_POINT('',(73.2,-5.84,-4.6E-02));
#9430 = DIRECTION('',(-0.,-0.,-1.));
#9431 = DIRECTION('',(-0.,-1.,0.));
#9432 = ADVANCED_FACE('',(#9433),#9444,.F.);
#9433 = FACE_BOUND('',#9434,.T.);
#9434 = EDGE_LOOP('',(#9435,#9436,#9442,#9443));
#9435 = ORIENTED_EDGE('',*,*,#2707,.T.);
#9436 = ORIENTED_EDGE('',*,*,#9437,.T.);
#9437 = EDGE_CURVE('',#2708,#5335,#9438,.T.);
#9438 = LINE('',#9439,#9440);
#9439 = CARTESIAN_POINT('',(75.74,-6.34,-4.6E-02));
#9440 = VECTOR('',#9441,1.);
#9441 = DIRECTION('',(0.,0.,1.));
#9442 = ORIENTED_EDGE('',*,*,#5334,.F.);
#9443 = ORIENTED_EDGE('',*,*,#9437,.F.);
#9444 = CYLINDRICAL_SURFACE('',#9445,0.5);
#9445 = AXIS2_PLACEMENT_3D('',#9446,#9447,#9448);
#9446 = CARTESIAN_POINT('',(75.74,-5.84,-4.6E-02));
#9447 = DIRECTION('',(-0.,-0.,-1.));
#9448 = DIRECTION('',(-0.,-1.,0.));
#9449 = ADVANCED_FACE('',(#9450),#9461,.F.);
#9450 = FACE_BOUND('',#9451,.T.);
#9451 = EDGE_LOOP('',(#9452,#9453,#9459,#9460));
#9452 = ORIENTED_EDGE('',*,*,#2718,.T.);
#9453 = ORIENTED_EDGE('',*,*,#9454,.T.);
#9454 = EDGE_CURVE('',#2719,#5346,#9455,.T.);
#9455 = LINE('',#9456,#9457);
#9456 = CARTESIAN_POINT('',(78.28,-6.34,-4.6E-02));
#9457 = VECTOR('',#9458,1.);
#9458 = DIRECTION('',(0.,0.,1.));
#9459 = ORIENTED_EDGE('',*,*,#5345,.F.);
#9460 = ORIENTED_EDGE('',*,*,#9454,.F.);
#9461 = CYLINDRICAL_SURFACE('',#9462,0.5);
#9462 = AXIS2_PLACEMENT_3D('',#9463,#9464,#9465);
#9463 = CARTESIAN_POINT('',(78.28,-5.84,-4.6E-02));
#9464 = DIRECTION('',(-0.,-0.,-1.));
#9465 = DIRECTION('',(-0.,-1.,0.));
#9466 = ADVANCED_FACE('',(#9467),#9478,.F.);
#9467 = FACE_BOUND('',#9468,.T.);
#9468 = EDGE_LOOP('',(#9469,#9470,#9476,#9477));
#9469 = ORIENTED_EDGE('',*,*,#2729,.T.);
#9470 = ORIENTED_EDGE('',*,*,#9471,.T.);
#9471 = EDGE_CURVE('',#2730,#5357,#9472,.T.);
#9472 = LINE('',#9473,#9474);
#9473 = CARTESIAN_POINT('',(73.2,-3.8,-4.6E-02));
#9474 = VECTOR('',#9475,1.);
#9475 = DIRECTION('',(0.,0.,1.));
#9476 = ORIENTED_EDGE('',*,*,#5356,.F.);
#9477 = ORIENTED_EDGE('',*,*,#9471,.F.);
#9478 = CYLINDRICAL_SURFACE('',#9479,0.5);
#9479 = AXIS2_PLACEMENT_3D('',#9480,#9481,#9482);
#9480 = CARTESIAN_POINT('',(73.2,-3.3,-4.6E-02));
#9481 = DIRECTION('',(-0.,-0.,-1.));
#9482 = DIRECTION('',(-0.,-1.,0.));
#9483 = ADVANCED_FACE('',(#9484),#9495,.F.);
#9484 = FACE_BOUND('',#9485,.T.);
#9485 = EDGE_LOOP('',(#9486,#9487,#9493,#9494));
#9486 = ORIENTED_EDGE('',*,*,#2740,.T.);
#9487 = ORIENTED_EDGE('',*,*,#9488,.T.);
#9488 = EDGE_CURVE('',#2741,#5368,#9489,.T.);
#9489 = LINE('',#9490,#9491);
#9490 = CARTESIAN_POINT('',(75.74,-3.8,-4.6E-02));
#9491 = VECTOR('',#9492,1.);
#9492 = DIRECTION('',(0.,0.,1.));
#9493 = ORIENTED_EDGE('',*,*,#5367,.F.);
#9494 = ORIENTED_EDGE('',*,*,#9488,.F.);
#9495 = CYLINDRICAL_SURFACE('',#9496,0.5);
#9496 = AXIS2_PLACEMENT_3D('',#9497,#9498,#9499);
#9497 = CARTESIAN_POINT('',(75.74,-3.3,-4.6E-02));
#9498 = DIRECTION('',(-0.,-0.,-1.));
#9499 = DIRECTION('',(-0.,-1.,0.));
#9500 = ADVANCED_FACE('',(#9501),#9512,.F.);
#9501 = FACE_BOUND('',#9502,.T.);
#9502 = EDGE_LOOP('',(#9503,#9504,#9510,#9511));
#9503 = ORIENTED_EDGE('',*,*,#2751,.T.);
#9504 = ORIENTED_EDGE('',*,*,#9505,.T.);
#9505 = EDGE_CURVE('',#2752,#5379,#9506,.T.);
#9506 = LINE('',#9507,#9508);
#9507 = CARTESIAN_POINT('',(78.28,-3.8,-4.6E-02));
#9508 = VECTOR('',#9509,1.);
#9509 = DIRECTION('',(0.,0.,1.));
#9510 = ORIENTED_EDGE('',*,*,#5378,.F.);
#9511 = ORIENTED_EDGE('',*,*,#9505,.F.);
#9512 = CYLINDRICAL_SURFACE('',#9513,0.5);
#9513 = AXIS2_PLACEMENT_3D('',#9514,#9515,#9516);
#9514 = CARTESIAN_POINT('',(78.28,-3.3,-4.6E-02));
#9515 = DIRECTION('',(-0.,-0.,-1.));
#9516 = DIRECTION('',(-0.,-1.,0.));
#9517 = ( GEOMETRIC_REPRESENTATION_CONTEXT(3) 
GLOBAL_UNCERTAINTY_ASSIGNED_CONTEXT((#9521)) 
GLOBAL_UNIT_ASSIGNED_CONTEXT((#9518,#9519,#9520)) REPRESENTATION_CONTEXT
('Context #1','3D Context with UNIT and UNCERTAINTY') );
#9518 = ( LENGTH_UNIT() NAMED_UNIT(*) SI_UNIT(.MILLI.,.METRE.) );
#9519 = ( NAMED_UNIT(*) PLANE_ANGLE_UNIT() SI_UNIT($,.RADIAN.) );
#9520 = ( NAMED_UNIT(*) SI_UNIT($,.STERADIAN.) SOLID_ANGLE_UNIT() );
#9521 = UNCERTAINTY_MEASURE_WITH_UNIT(LENGTH_MEASURE(1.E-07),#9518,
  'distance_accuracy_value','confusion accuracy');
#9522 = CONTEXT_DEPENDENT_SHAPE_REPRESENTATION(#9523,#9525);
#9523 = ( REPRESENTATION_RELATIONSHIP('','',#32,#10) 
REPRESENTATION_RELATIONSHIP_WITH_TRANSFORMATION(#9524) 
SHAPE_REPRESENTATION_RELATIONSHIP() );
#9524 = ITEM_DEFINED_TRANSFORMATION('','',#11,#15);
#9525 = PRODUCT_DEFINITION_SHAPE('Placement','Placement of an item',
  #9526);
#9526 = NEXT_ASSEMBLY_USAGE_OCCURRENCE('1','=>[0:1:1:2]','',#5,#27,$);
#9527 = PRODUCT_RELATED_PRODUCT_CATEGORY('part',$,(#29));
#9528 = MECHANICAL_DESIGN_GEOMETRIC_PRESENTATION_REPRESENTATION('',(
    #9529),#9517);
#9529 = STYLED_ITEM('color',(#9530),#33);
#9530 = PRESENTATION_STYLE_ASSIGNMENT((#9531));
#9531 = SURFACE_STYLE_USAGE(.BOTH.,#9532);
#9532 = SURFACE_SIDE_STYLE('',(#9533));
#9533 = SURFACE_STYLE_FILL_AREA(#9534);
#9534 = FILL_AREA_STYLE('',(#9535));
#9535 = FILL_AREA_STYLE_COLOUR('',#9536);
#9536 = COLOUR_RGB('',0.313304153717,0.484529207832,0.410020903123);
ENDSEC;
END-ISO-10303-21;
